{
"type": "FeatureCollection",
"name": "training_cities",
"crs": { "type": "name", "properties": { "name": "urn:ogc:def:crs:OGC:1.3:CRS84" } },
"features": [
{ "type": "Feature", "properties": { "bbox_west": 22.8284567, "bbox_south": 51.2768119, "bbox_east": 22.9419014, "bbox_north": 51.3283742, "place_id": 166105310, "osm_type": "relation", "osm_id": 3107056, "lat": 51.3002941, "lon": 22.886766, "class": "boundary", "type": "administrative", "place_rank": 16, "importance": 0.51994210602655566, "addresstype": "town", "name": "Łęczna", "display_name": "Łęczna, gmina Łęczna, Łęczna County, Lublin Voivodeship, Poland", "city": "Łęczna Poland" }, "geometry": { "type": "Polygon", "coordinates": [ [ [ 22.8284567, 51.3180395 ], [ 22.8306736, 51.3175529 ], [ 22.8307652, 51.317533 ], [ 22.8380505, 51.3159407 ], [ 22.8380633, 51.3159247 ], [ 22.8394289, 51.3142102 ], [ 22.8405444, 51.3128516 ], [ 22.8406113, 51.3127659 ], [ 22.8408677, 51.3123967 ], [ 22.8417922, 51.3112509 ], [ 22.8434575, 51.3091172 ], [ 22.8435203, 51.3089397 ], [ 22.8438656, 51.308486 ], [ 22.8442061, 51.3080925 ], [ 22.8445288, 51.3076931 ], [ 22.844637, 51.307525 ], [ 22.8451364, 51.3068796 ], [ 22.8456596, 51.3062404 ], [ 22.8457785, 51.3060729 ], [ 22.8464039, 51.3052671 ], [ 22.8467283, 51.304858 ], [ 22.8470362, 51.3044562 ], [ 22.8471192, 51.3043485 ], [ 22.8481207, 51.3030404 ], [ 22.8482963, 51.3028433 ], [ 22.8486311, 51.3024438 ], [ 22.848947, 51.3020446 ], [ 22.8492868, 51.3016503 ], [ 22.850244, 51.3004418 ], [ 22.8504864, 51.3001104 ], [ 22.850668, 51.3001547 ], [ 22.8535163, 51.3002194 ], [ 22.8552528, 51.3002107 ], [ 22.8557765, 51.3002171 ], [ 22.8584723, 51.3002717 ], [ 22.8598135, 51.300338 ], [ 22.8599389, 51.3005423 ], [ 22.8606802, 51.3005976 ], [ 22.861604, 51.3006346 ], [ 22.8620936, 51.3005662 ], [ 22.8626073, 51.3016928 ], [ 22.8629064, 51.3020747 ], [ 22.8629608, 51.302144 ], [ 22.8630132, 51.302211 ], [ 22.8660075, 51.3014794 ], [ 22.8663333, 51.301355 ], [ 22.8661633, 51.3012247 ], [ 22.8659749, 51.3011323 ], [ 22.8656638, 51.3009998 ], [ 22.8655196, 51.3009521 ], [ 22.8654266, 51.3009381 ], [ 22.8654212, 51.3009622 ], [ 22.8647263, 51.3009346 ], [ 22.8644268, 51.300915 ], [ 22.8640453, 51.3008502 ], [ 22.8639123, 51.3008007 ], [ 22.8636323, 51.3006608 ], [ 22.8633877, 51.3005128 ], [ 22.8632918, 51.3004179 ], [ 22.8632908, 51.3003337 ], [ 22.8629727, 51.2999795 ], [ 22.8629208, 51.2998853 ], [ 22.8627095, 51.2996392 ], [ 22.8627271, 51.2995037 ], [ 22.8628819, 51.299237 ], [ 22.8628909, 51.2990715 ], [ 22.8626925, 51.2987652 ], [ 22.8628347, 51.2986748 ], [ 22.8627977, 51.2982572 ], [ 22.862779, 51.298197 ], [ 22.8626518, 51.2980629 ], [ 22.8627531, 51.2980452 ], [ 22.8627925, 51.2975388 ], [ 22.8628382, 51.2972531 ], [ 22.8628913, 51.2970589 ], [ 22.8628761, 51.2969354 ], [ 22.8629828, 51.296478 ], [ 22.8630969, 51.2963636 ], [ 22.8631432, 51.296334 ], [ 22.8634451, 51.296262 ], [ 22.8636358, 51.296208 ], [ 22.8638824, 51.2962278 ], [ 22.8640348, 51.2963617 ], [ 22.8640621, 51.296397 ], [ 22.8640693, 51.2964064 ], [ 22.8641029, 51.2964499 ], [ 22.8645507, 51.2967338 ], [ 22.8649088, 51.2968074 ], [ 22.8653854, 51.2966789 ], [ 22.8656602, 51.2965327 ], [ 22.86621, 51.2961569 ], [ 22.8669606, 51.2956061 ], [ 22.8670593, 51.2953182 ], [ 22.8672287, 51.2951066 ], [ 22.8674444, 51.2949662 ], [ 22.8678085, 51.2948027 ], [ 22.8680932, 51.294685 ], [ 22.8686402, 51.2942644 ], [ 22.8692795, 51.2937947 ], [ 22.8699511, 51.2932438 ], [ 22.8707685, 51.2922868 ], [ 22.8710633, 51.2919985 ], [ 22.8710629, 51.2919382 ], [ 22.8710993, 51.291781 ], [ 22.8711489, 51.2916631 ], [ 22.8712062, 51.2914916 ], [ 22.8711721, 51.2913148 ], [ 22.8710839, 51.291238 ], [ 22.871082, 51.2910134 ], [ 22.8710392, 51.2909466 ], [ 22.8710295, 51.2908055 ], [ 22.8710926, 51.2906682 ], [ 22.8711964, 51.290552 ], [ 22.8713172, 51.2904647 ], [ 22.871634, 51.2901241 ], [ 22.8715565, 51.2899217 ], [ 22.8714703, 51.2898071 ], [ 22.8712783, 51.2897658 ], [ 22.8711625, 51.2897765 ], [ 22.8710548, 51.2897603 ], [ 22.8708797, 51.2897507 ], [ 22.8707358, 51.2896975 ], [ 22.8705798, 51.2896083 ], [ 22.8704849, 51.28954 ], [ 22.8703876, 51.2894342 ], [ 22.8703214, 51.2892965 ], [ 22.8703133, 51.2891726 ], [ 22.8703761, 51.2890414 ], [ 22.8704445, 51.2889581 ], [ 22.8705799, 51.2888522 ], [ 22.8707672, 51.2887617 ], [ 22.8709541, 51.28868 ], [ 22.8711654, 51.2885727 ], [ 22.8713736, 51.2884219 ], [ 22.8715472, 51.2882719 ], [ 22.8717124, 51.288061 ], [ 22.8717316, 51.2879499 ], [ 22.871709, 51.2877751 ], [ 22.8716287, 51.2876201 ], [ 22.871501, 51.2874857 ], [ 22.8713697, 51.2873586 ], [ 22.8713062, 51.2873063 ], [ 22.8711312, 51.287284 ], [ 22.8709366, 51.2871893 ], [ 22.8707994, 51.2870707 ], [ 22.8707461, 51.286935 ], [ 22.8706178, 51.2867705 ], [ 22.8705146, 51.2866946 ], [ 22.8704332, 51.2865679 ], [ 22.8704365, 51.2864395 ], [ 22.8705057, 51.2862947 ], [ 22.870675, 51.2860922 ], [ 22.8707169, 51.286088 ], [ 22.8713014, 51.2857373 ], [ 22.8714412, 51.2855902 ], [ 22.8714564, 51.2854071 ], [ 22.8716606, 51.2852255 ], [ 22.8717468, 51.2851039 ], [ 22.8717398, 51.284995 ], [ 22.8716971, 51.2849534 ], [ 22.8716651, 51.2847932 ], [ 22.8716594, 51.2845669 ], [ 22.8717054, 51.2843494 ], [ 22.871794, 51.2842168 ], [ 22.8718685, 51.2841454 ], [ 22.8720055, 51.2840959 ], [ 22.8721688, 51.2840221 ], [ 22.8724216, 51.2840082 ], [ 22.8728124, 51.2840075 ], [ 22.8730757, 51.283984 ], [ 22.8731221, 51.2840293 ], [ 22.8735023, 51.2837824 ], [ 22.8737122, 51.283574 ], [ 22.8738269, 51.2834325 ], [ 22.8738886, 51.2833133 ], [ 22.8739955, 51.2829907 ], [ 22.8741133, 51.2825643 ], [ 22.8741117, 51.2825188 ], [ 22.8740485, 51.2824382 ], [ 22.8739691, 51.2823961 ], [ 22.8738198, 51.2823678 ], [ 22.8738036, 51.2824028 ], [ 22.8737247, 51.2824245 ], [ 22.8736244, 51.2824294 ], [ 22.8736339, 51.2824637 ], [ 22.8735918, 51.2825246 ], [ 22.8735011, 51.282558 ], [ 22.8734136, 51.2826265 ], [ 22.8732987, 51.2826861 ], [ 22.8731557, 51.2827308 ], [ 22.8729445, 51.2827577 ], [ 22.872774, 51.2827616 ], [ 22.8726597, 51.28278 ], [ 22.8725695, 51.282774 ], [ 22.8725084, 51.2827415 ], [ 22.8724571, 51.2826882 ], [ 22.8722404, 51.2826385 ], [ 22.8720688, 51.2825474 ], [ 22.8719576, 51.2824524 ], [ 22.8719417, 51.2824161 ], [ 22.87197, 51.2823607 ], [ 22.871929, 51.2823541 ], [ 22.8718307, 51.282171 ], [ 22.8719309, 51.2820273 ], [ 22.8719653, 51.2819558 ], [ 22.8720401, 51.2819239 ], [ 22.872088, 51.2818963 ], [ 22.8722506, 51.2816364 ], [ 22.8721958, 51.2815815 ], [ 22.8722089, 51.281274 ], [ 22.8722515, 51.281117 ], [ 22.8723494, 51.2809941 ], [ 22.8723988, 51.2809182 ], [ 22.8724032, 51.2808453 ], [ 22.8725662, 51.2807079 ], [ 22.872786, 51.2806077 ], [ 22.8729348, 51.2805317 ], [ 22.8731201, 51.2804784 ], [ 22.8731326, 51.2804735 ], [ 22.8732039, 51.280445 ], [ 22.8736158, 51.2803471 ], [ 22.8738949, 51.2803229 ], [ 22.8741955, 51.2802391 ], [ 22.8744303, 51.2801402 ], [ 22.874484, 51.2800821 ], [ 22.8745637, 51.2800329 ], [ 22.874682, 51.2799932 ], [ 22.8748821, 51.2799462 ], [ 22.8750856, 51.2798738 ], [ 22.875267, 51.2797928 ], [ 22.8755617, 51.2797624 ], [ 22.8756594, 51.27974 ], [ 22.8759848, 51.2798268 ], [ 22.876244, 51.2799037 ], [ 22.876453, 51.2800154 ], [ 22.8766329, 51.2801026 ], [ 22.8768493, 51.280149 ], [ 22.8770783, 51.2801521 ], [ 22.8774165, 51.2801147 ], [ 22.8776713, 51.2801119 ], [ 22.8778132, 51.280127 ], [ 22.8779347, 51.2801488 ], [ 22.8783144, 51.2802718 ], [ 22.878471, 51.2803439 ], [ 22.8785311, 51.2804034 ], [ 22.8787467, 51.2805077 ], [ 22.8789781, 51.2806473 ], [ 22.8792443, 51.2807984 ], [ 22.8794349, 51.28087 ], [ 22.8795736, 51.2808892 ], [ 22.879677, 51.280883 ], [ 22.8797873, 51.2808641 ], [ 22.8798791, 51.2808588 ], [ 22.8800637, 51.2808058 ], [ 22.8801333, 51.2807632 ], [ 22.8801877, 51.2806966 ], [ 22.8801997, 51.2806495 ], [ 22.8800616, 51.2804561 ], [ 22.8798659, 51.2803702 ], [ 22.8797804, 51.2803067 ], [ 22.8796621, 51.2802532 ], [ 22.8795622, 51.2802771 ], [ 22.8793419, 51.2802466 ], [ 22.8792151, 51.2802027 ], [ 22.8789229, 51.2801132 ], [ 22.8788178, 51.2800469 ], [ 22.8787766, 51.2800327 ], [ 22.8785787, 51.2799193 ], [ 22.8784885, 51.2798133 ], [ 22.8783867, 51.279733 ], [ 22.8783414, 51.2796573 ], [ 22.8782899, 51.2796222 ], [ 22.8782634, 51.2795582 ], [ 22.878242, 51.2794445 ], [ 22.8782828, 51.2793546 ], [ 22.8782677, 51.2793015 ], [ 22.8782888, 51.2791916 ], [ 22.8783355, 51.2790938 ], [ 22.8784981, 51.2789255 ], [ 22.8785857, 51.2788585 ], [ 22.879016, 51.278659 ], [ 22.8791285, 51.2785442 ], [ 22.8792339, 51.2783517 ], [ 22.87925, 51.2782274 ], [ 22.8792597, 51.2780406 ], [ 22.8792542, 51.2779651 ], [ 22.8793384, 51.2778323 ], [ 22.8794139, 51.2776679 ], [ 22.8795397, 51.2776006 ], [ 22.8797605, 51.2774549 ], [ 22.8799157, 51.2774033 ], [ 22.8800959, 51.2773736 ], [ 22.8804771, 51.2773272 ], [ 22.880705, 51.2773612 ], [ 22.8809849, 51.2774462 ], [ 22.8812844, 51.2775715 ], [ 22.8814116, 51.2776707 ], [ 22.8816557, 51.2778462 ], [ 22.8817996, 51.2779258 ], [ 22.8820189, 51.2780285 ], [ 22.882504, 51.2781282 ], [ 22.8827217, 51.2781507 ], [ 22.8829724, 51.2781619 ], [ 22.8831797, 51.2781653 ], [ 22.8835301, 51.2781508 ], [ 22.88357, 51.2781474 ], [ 22.8836978, 51.278136 ], [ 22.8840022, 51.2781159 ], [ 22.8842253, 51.2780862 ], [ 22.8848516, 51.2779917 ], [ 22.8849461, 51.2779384 ], [ 22.8851529, 51.2778556 ], [ 22.8853817, 51.2777738 ], [ 22.8857705, 51.2775916 ], [ 22.8862085, 51.2774423 ], [ 22.8866285, 51.2773209 ], [ 22.8869871, 51.2772528 ], [ 22.8871332, 51.277283 ], [ 22.8872768, 51.2772766 ], [ 22.887558, 51.2772742 ], [ 22.8879243, 51.2772267 ], [ 22.8881177, 51.2772444 ], [ 22.8884495, 51.2772992 ], [ 22.8889506, 51.2773314 ], [ 22.8893306, 51.2773624 ], [ 22.8894028, 51.27735 ], [ 22.8900733, 51.2774883 ], [ 22.8902246, 51.2775055 ], [ 22.8903355, 51.2775694 ], [ 22.8904589, 51.2776711 ], [ 22.8905578, 51.2776969 ], [ 22.8906012, 51.2777669 ], [ 22.8907014, 51.2778722 ], [ 22.890819, 51.277939 ], [ 22.8909217, 51.2779792 ], [ 22.8911117, 51.2779793 ], [ 22.8911957, 51.2779679 ], [ 22.8913323, 51.2778689 ], [ 22.8913389, 51.2778223 ], [ 22.8914697, 51.2776945 ], [ 22.8915816, 51.277649 ], [ 22.8916113, 51.2776008 ], [ 22.8917051, 51.277582 ], [ 22.891808, 51.2775365 ], [ 22.8919142, 51.2775575 ], [ 22.8920516, 51.2775416 ], [ 22.89238, 51.2775584 ], [ 22.8926524, 51.2775841 ], [ 22.8928191, 51.2776163 ], [ 22.8930379, 51.277674 ], [ 22.8933136, 51.2777963 ], [ 22.8934779, 51.2779072 ], [ 22.8937533, 51.2780499 ], [ 22.8938877, 51.2781038 ], [ 22.894104, 51.2781536 ], [ 22.8942167, 51.2781339 ], [ 22.894404, 51.2781041 ], [ 22.8946364, 51.2779975 ], [ 22.8947565, 51.2778971 ], [ 22.8948453, 51.2777865 ], [ 22.8948829, 51.2776975 ], [ 22.8949385, 51.2773116 ], [ 22.8949385, 51.2770559 ], [ 22.8949811, 51.2768119 ], [ 22.8998555, 51.2771661 ], [ 22.9019877, 51.277321 ], [ 22.9052757, 51.2774752 ], [ 22.9098075, 51.2779421 ], [ 22.9251035, 51.2785865 ], [ 22.9262919, 51.2800277 ], [ 22.927922, 51.2819253 ], [ 22.9288017, 51.2819579 ], [ 22.9292952, 51.2824785 ], [ 22.9300835, 51.2829479 ], [ 22.930914, 51.2833477 ], [ 22.9312873, 51.283483 ], [ 22.9315608, 51.2835389 ], [ 22.9318243, 51.2835781 ], [ 22.9322822, 51.2836247 ], [ 22.9331355, 51.2835799 ], [ 22.9332411, 51.2837743 ], [ 22.9333014, 51.2841108 ], [ 22.9337122, 51.2848552 ], [ 22.9342856, 51.2858461 ], [ 22.9343759, 51.2859533 ], [ 22.9347457, 51.286777 ], [ 22.934797, 51.2870519 ], [ 22.9347981, 51.2873694 ], [ 22.9347454, 51.2878487 ], [ 22.9347317, 51.2882853 ], [ 22.9347468, 51.2885212 ], [ 22.9347901, 51.288697 ], [ 22.9349142, 51.289061 ], [ 22.9350343, 51.289325 ], [ 22.9352596, 51.2896804 ], [ 22.9356312, 51.2901653 ], [ 22.9357587, 51.2903631 ], [ 22.9358797, 51.2905536 ], [ 22.9364904, 51.2916878 ], [ 22.9369148, 51.2924204 ], [ 22.9371902, 51.2928162 ], [ 22.9375921, 51.2933159 ], [ 22.937827, 51.2937204 ], [ 22.9379516, 51.2940442 ], [ 22.9384671, 51.2951947 ], [ 22.9388534, 51.2955588 ], [ 22.9390519, 51.2959058 ], [ 22.939189, 51.2963175 ], [ 22.9392074, 51.2966285 ], [ 22.9392048, 51.2971829 ], [ 22.9392582, 51.2976177 ], [ 22.9393311, 51.2979155 ], [ 22.9396447, 51.2985326 ], [ 22.9399361, 51.2989711 ], [ 22.9403519, 51.2996363 ], [ 22.9405171, 51.2999909 ], [ 22.9406171, 51.3002674 ], [ 22.940745, 51.3005607 ], [ 22.940863, 51.3009623 ], [ 22.9408712, 51.3013184 ], [ 22.9413112, 51.3032681 ], [ 22.9413467, 51.3035623 ], [ 22.9413621, 51.303736 ], [ 22.9413623, 51.3039004 ], [ 22.9414235, 51.3042513 ], [ 22.9414957, 51.3045904 ], [ 22.9417089, 51.3054593 ], [ 22.9418583, 51.3061368 ], [ 22.9419014, 51.3062687 ], [ 22.9417536, 51.30633 ], [ 22.9417974, 51.3065299 ], [ 22.9417206, 51.3065414 ], [ 22.9415954, 51.3064804 ], [ 22.9413545, 51.3064393 ], [ 22.9411552, 51.3065367 ], [ 22.9413902, 51.3070644 ], [ 22.9414456, 51.3071552 ], [ 22.9408097, 51.307253 ], [ 22.9409555, 51.3075166 ], [ 22.940541, 51.3075819 ], [ 22.9402297, 51.3073861 ], [ 22.9402092, 51.3071098 ], [ 22.9400615, 51.3070345 ], [ 22.9394935, 51.3073675 ], [ 22.9390196, 51.3071585 ], [ 22.9392197, 51.3067709 ], [ 22.9387231, 51.3068366 ], [ 22.9386496, 51.3069825 ], [ 22.9389106, 51.3072641 ], [ 22.938642, 51.307428 ], [ 22.9383137, 51.3073804 ], [ 22.9379891, 51.3070469 ], [ 22.9375392, 51.3070916 ], [ 22.9371298, 51.3066599 ], [ 22.9373963, 51.3064667 ], [ 22.937226, 51.3064347 ], [ 22.9368836, 51.3066368 ], [ 22.9369259, 51.3068353 ], [ 22.9363362, 51.3071658 ], [ 22.9361203, 51.3070976 ], [ 22.9359244, 51.306746 ], [ 22.9357393, 51.3066847 ], [ 22.9352314, 51.3071081 ], [ 22.934811, 51.3070293 ], [ 22.934594, 51.3068471 ], [ 22.9346279, 51.3066262 ], [ 22.9343967, 51.3065886 ], [ 22.9342393, 51.3067591 ], [ 22.9339248, 51.3068065 ], [ 22.9333037, 51.3070475 ], [ 22.9330717, 51.306688 ], [ 22.932602, 51.3065312 ], [ 22.9321449, 51.3066338 ], [ 22.9318299, 51.3064324 ], [ 22.9316244, 51.3067623 ], [ 22.9310224, 51.3064755 ], [ 22.9306279, 51.3064535 ], [ 22.9304771, 51.3061729 ], [ 22.9299616, 51.3063012 ], [ 22.9294155, 51.3063367 ], [ 22.9291731, 51.306552 ], [ 22.928823, 51.3062961 ], [ 22.9287361, 51.3061502 ], [ 22.928649, 51.3061639 ], [ 22.9285683, 51.3062249 ], [ 22.928491, 51.3062809 ], [ 22.9284433, 51.3062995 ], [ 22.9283916, 51.3063333 ], [ 22.928328, 51.3063282 ], [ 22.9282456, 51.3062674 ], [ 22.9281548, 51.3061749 ], [ 22.9279995, 51.306086 ], [ 22.9279199, 51.306012 ], [ 22.9276823, 51.3059173 ], [ 22.9275498, 51.3058836 ], [ 22.9274956, 51.3058938 ], [ 22.9274288, 51.3058629 ], [ 22.9273449, 51.3058135 ], [ 22.9271566, 51.3057269 ], [ 22.9270892, 51.3057302 ], [ 22.9269778, 51.3057634 ], [ 22.9268945, 51.3057984 ], [ 22.926833, 51.305809 ], [ 22.9267801, 51.3058 ], [ 22.9267651, 51.3055734 ], [ 22.9267157, 51.3055481 ], [ 22.9266548, 51.3055347 ], [ 22.9265611, 51.305569 ], [ 22.9265227, 51.3056081 ], [ 22.9263776, 51.3056779 ], [ 22.926276, 51.3057196 ], [ 22.926235, 51.3057546 ], [ 22.9261731, 51.3057573 ], [ 22.9261114, 51.3057163 ], [ 22.9260153, 51.3056236 ], [ 22.925994, 51.3055841 ], [ 22.9259904, 51.3055237 ], [ 22.9259669, 51.305458 ], [ 22.9258776, 51.305363 ], [ 22.9258204, 51.3052924 ], [ 22.9257812, 51.3052362 ], [ 22.9257161, 51.3051673 ], [ 22.9256606, 51.3050747 ], [ 22.9256202, 51.305059 ], [ 22.925548, 51.3050799 ], [ 22.9254801, 51.3050858 ], [ 22.9254246, 51.3051166 ], [ 22.9253638, 51.3051263 ], [ 22.9252802, 51.3051406 ], [ 22.9252341, 51.30514 ], [ 22.9250907, 51.3051568 ], [ 22.9249366, 51.3051523 ], [ 22.9248522, 51.3051373 ], [ 22.9247258, 51.3051088 ], [ 22.9245523, 51.3050548 ], [ 22.924461, 51.3050678 ], [ 22.9242616, 51.3050837 ], [ 22.924162, 51.3051037 ], [ 22.923983, 51.3051166 ], [ 22.9238097, 51.3051178 ], [ 22.9237439, 51.3050996 ], [ 22.9236581, 51.3051035 ], [ 22.9235519, 51.305092 ], [ 22.9234742, 51.3050895 ], [ 22.923341, 51.3051023 ], [ 22.9232888, 51.3051277 ], [ 22.9232163, 51.3052173 ], [ 22.9231455, 51.3052446 ], [ 22.923054, 51.3052926 ], [ 22.9229835, 51.3053008 ], [ 22.9229164, 51.3052914 ], [ 22.9227094, 51.3053563 ], [ 22.9226454, 51.3053631 ], [ 22.9225045, 51.3053272 ], [ 22.9223576, 51.3052427 ], [ 22.9221616, 51.3051432 ], [ 22.922082, 51.3050732 ], [ 22.9218508, 51.3049464 ], [ 22.9216287, 51.3048534 ], [ 22.9215836, 51.3048433 ], [ 22.9214898, 51.3048378 ], [ 22.9214214, 51.3048453 ], [ 22.9213119, 51.3048735 ], [ 22.9212182, 51.3049316 ], [ 22.9211339, 51.3050139 ], [ 22.9210605, 51.3050834 ], [ 22.9209508, 51.3051878 ], [ 22.9208621, 51.3052842 ], [ 22.9208075, 51.3053378 ], [ 22.9207585, 51.3053784 ], [ 22.9207082, 51.3053971 ], [ 22.920657, 51.3054174 ], [ 22.9205778, 51.3054115 ], [ 22.9205267, 51.305385 ], [ 22.920414, 51.3053757 ], [ 22.9202999, 51.305379 ], [ 22.9201574, 51.3054142 ], [ 22.9199722, 51.3054262 ], [ 22.9197103, 51.3054089 ], [ 22.9194882, 51.3054146 ], [ 22.9190995, 51.3054068 ], [ 22.9190196, 51.3054017 ], [ 22.918883, 51.3054259 ], [ 22.9188102, 51.3054461 ], [ 22.9186771, 51.305452 ], [ 22.9185451, 51.3054296 ], [ 22.9184056, 51.3054011 ], [ 22.9182193, 51.3053728 ], [ 22.9181384, 51.3053749 ], [ 22.9180245, 51.305387 ], [ 22.9179524, 51.3054372 ], [ 22.9178573, 51.3054867 ], [ 22.9177732, 51.3055394 ], [ 22.9176485, 51.3055964 ], [ 22.9175698, 51.3056519 ], [ 22.9175055, 51.3056695 ], [ 22.9174093, 51.3056722 ], [ 22.9171107, 51.3056354 ], [ 22.9169792, 51.3056269 ], [ 22.9168607, 51.3056301 ], [ 22.916786, 51.3056889 ], [ 22.9167778, 51.3057318 ], [ 22.9167878, 51.3057614 ], [ 22.9167735, 51.3058337 ], [ 22.9167741, 51.3059015 ], [ 22.9167908, 51.3060139 ], [ 22.9167852, 51.306117 ], [ 22.9167863, 51.3061586 ], [ 22.916736, 51.3061809 ], [ 22.9165269, 51.3062439 ], [ 22.916442, 51.3062961 ], [ 22.9162882, 51.3063168 ], [ 22.9161661, 51.3063265 ], [ 22.9160924, 51.3063249 ], [ 22.9158235, 51.3063612 ], [ 22.9156226, 51.3064142 ], [ 22.9155443, 51.3064486 ], [ 22.9154847, 51.3065142 ], [ 22.9154209, 51.3065208 ], [ 22.9153646, 51.3065438 ], [ 22.9152654, 51.3065748 ], [ 22.9151741, 51.3065873 ], [ 22.9150109, 51.3065796 ], [ 22.9149143, 51.3065594 ], [ 22.9147585, 51.3065465 ], [ 22.9146803, 51.3064969 ], [ 22.9145747, 51.3064953 ], [ 22.9144382, 51.3064396 ], [ 22.9143739, 51.3064016 ], [ 22.9143315, 51.306364 ], [ 22.9143017, 51.3063168 ], [ 22.9142888, 51.3062282 ], [ 22.9143436, 51.3061941 ], [ 22.9144336, 51.3061878 ], [ 22.9145834, 51.3061639 ], [ 22.9147053, 51.3061353 ], [ 22.9147725, 51.3060904 ], [ 22.9147785, 51.3060517 ], [ 22.914727, 51.3059702 ], [ 22.9146136, 51.3059167 ], [ 22.9145569, 51.3058957 ], [ 22.9144993, 51.3058625 ], [ 22.9143696, 51.305724 ], [ 22.9143454, 51.3056798 ], [ 22.9142919, 51.3056532 ], [ 22.9142151, 51.3056602 ], [ 22.9139014, 51.3056609 ], [ 22.9138644, 51.305642 ], [ 22.9138026, 51.3055886 ], [ 22.9137032, 51.3055409 ], [ 22.9136384, 51.3054807 ], [ 22.9135779, 51.3054195 ], [ 22.9135363, 51.3053465 ], [ 22.9134794, 51.3052769 ], [ 22.9134044, 51.3051981 ], [ 22.9133217, 51.3051361 ], [ 22.9132885, 51.3050905 ], [ 22.913332, 51.3049843 ], [ 22.9133294, 51.3049173 ], [ 22.9133664, 51.3048403 ], [ 22.9133806, 51.3047899 ], [ 22.913391, 51.3047045 ], [ 22.9134224, 51.3046288 ], [ 22.9134176, 51.3045593 ], [ 22.913403, 51.3045097 ], [ 22.9133973, 51.3044407 ], [ 22.9134288, 51.3043862 ], [ 22.9134515, 51.3043468 ], [ 22.91348, 51.3042975 ], [ 22.9134996, 51.3042376 ], [ 22.9134318, 51.3041549 ], [ 22.9133869, 51.3041307 ], [ 22.9132649, 51.3041127 ], [ 22.9131294, 51.3041269 ], [ 22.9129285, 51.3041628 ], [ 22.9128285, 51.3041447 ], [ 22.912635, 51.3040864 ], [ 22.912625, 51.3040436 ], [ 22.9126378, 51.3039807 ], [ 22.9126736, 51.3039111 ], [ 22.9127115, 51.3038348 ], [ 22.9127513, 51.3037968 ], [ 22.9127656, 51.3037553 ], [ 22.9127677, 51.3036948 ], [ 22.9127217, 51.3036425 ], [ 22.9126406, 51.3036118 ], [ 22.9124884, 51.3035323 ], [ 22.9123885, 51.303491 ], [ 22.912355, 51.3034524 ], [ 22.9122928, 51.303425 ], [ 22.9122491, 51.3034058 ], [ 22.912264, 51.3033257 ], [ 22.912319, 51.3032656 ], [ 22.9123526, 51.3032125 ], [ 22.912342, 51.303157 ], [ 22.912306, 51.3031005 ], [ 22.9122858, 51.3030435 ], [ 22.9122752, 51.3029359 ], [ 22.9122534, 51.3028466 ], [ 22.912195, 51.3027834 ], [ 22.9120799, 51.3027771 ], [ 22.9119343, 51.3027935 ], [ 22.9118072, 51.3028183 ], [ 22.9117367, 51.3028819 ], [ 22.9117374, 51.3029623 ], [ 22.9116711, 51.3030408 ], [ 22.9116158, 51.3031256 ], [ 22.9115632, 51.3032045 ], [ 22.9114775, 51.3032203 ], [ 22.9113727, 51.3031964 ], [ 22.9112268, 51.3031669 ], [ 22.9111138, 51.3031574 ], [ 22.9110474, 51.3031558 ], [ 22.9109482, 51.3031398 ], [ 22.9108756, 51.3031122 ], [ 22.9107808, 51.3030779 ], [ 22.910664, 51.3030679 ], [ 22.9104302, 51.3030757 ], [ 22.9103157, 51.30307 ], [ 22.9102148, 51.3030689 ], [ 22.9101318, 51.3030785 ], [ 22.9099439, 51.3030713 ], [ 22.9098742, 51.3030583 ], [ 22.9098285, 51.303056 ], [ 22.9097529, 51.3030341 ], [ 22.9096836, 51.3030051 ], [ 22.9096417, 51.3029575 ], [ 22.9096001, 51.302928 ], [ 22.9094917, 51.3028898 ], [ 22.9094306, 51.3028478 ], [ 22.9093831, 51.3028065 ], [ 22.909346, 51.3027635 ], [ 22.9092688, 51.3027531 ], [ 22.9092331, 51.302758 ], [ 22.9091922, 51.3027813 ], [ 22.909143, 51.3028097 ], [ 22.9090663, 51.3028695 ], [ 22.9089291, 51.3028722 ], [ 22.9087921, 51.3028936 ], [ 22.9086454, 51.302998 ], [ 22.9085135, 51.3030848 ], [ 22.9083294, 51.3031309 ], [ 22.9082451, 51.3031025 ], [ 22.9082127, 51.3030432 ], [ 22.908178, 51.3030195 ], [ 22.9079637, 51.3030151 ], [ 22.9078163, 51.3029782 ], [ 22.9077501, 51.3029563 ], [ 22.9077133, 51.3029135 ], [ 22.9076857, 51.3028141 ], [ 22.907567, 51.3027513 ], [ 22.9074885, 51.3027718 ], [ 22.9074391, 51.3027976 ], [ 22.9073401, 51.3028926 ], [ 22.9072131, 51.3029458 ], [ 22.9069921, 51.3030277 ], [ 22.9068899, 51.3030737 ], [ 22.9067853, 51.3030958 ], [ 22.9067114, 51.303122 ], [ 22.9065187, 51.3031328 ], [ 22.9064325, 51.3031489 ], [ 22.9063755, 51.3031396 ], [ 22.9063096, 51.3031144 ], [ 22.9062489, 51.3030746 ], [ 22.9062471, 51.303017 ], [ 22.9062098, 51.3029888 ], [ 22.906174, 51.3029498 ], [ 22.9061405, 51.3029331 ], [ 22.9060934, 51.3029486 ], [ 22.9059786, 51.3030093 ], [ 22.9058984, 51.3031037 ], [ 22.9058303, 51.3031366 ], [ 22.9057522, 51.3031387 ], [ 22.9056396, 51.3031324 ], [ 22.9055748, 51.303108 ], [ 22.9053991, 51.3030615 ], [ 22.9051554, 51.302978 ], [ 22.9049884, 51.3029075 ], [ 22.9049262, 51.3028885 ], [ 22.9048769, 51.3028813 ], [ 22.904754, 51.3028812 ], [ 22.9044913, 51.3029159 ], [ 22.9044103, 51.3028741 ], [ 22.9043207, 51.3028781 ], [ 22.9042163, 51.3028793 ], [ 22.9040792, 51.3029003 ], [ 22.9039973, 51.3029405 ], [ 22.9039287, 51.3029806 ], [ 22.9038456, 51.303033 ], [ 22.9037921, 51.3030728 ], [ 22.9037378, 51.3031094 ], [ 22.9036895, 51.3031304 ], [ 22.903641, 51.3031573 ], [ 22.9035712, 51.3031723 ], [ 22.9034739, 51.303166 ], [ 22.9034008, 51.3031439 ], [ 22.9033569, 51.3031322 ], [ 22.9033064, 51.3031081 ], [ 22.9032542, 51.3030707 ], [ 22.9032191, 51.3030213 ], [ 22.9031804, 51.302958 ], [ 22.9031315, 51.3029034 ], [ 22.9030714, 51.302891 ], [ 22.9026958, 51.302913 ], [ 22.9025396, 51.3029215 ], [ 22.9024335, 51.3029349 ], [ 22.9023934, 51.3029452 ], [ 22.9023731, 51.3029924 ], [ 22.9024057, 51.3031686 ], [ 22.9023816, 51.3032331 ], [ 22.9023058, 51.3032552 ], [ 22.9021371, 51.3032781 ], [ 22.9018848, 51.3033028 ], [ 22.9016167, 51.3033055 ], [ 22.9014733, 51.3032994 ], [ 22.9013793, 51.3033074 ], [ 22.9013089, 51.3033607 ], [ 22.9012641, 51.303396 ], [ 22.9012448, 51.3034172 ], [ 22.9011864, 51.3034485 ], [ 22.9011336, 51.3034613 ], [ 22.9010416, 51.3034714 ], [ 22.9009031, 51.3034919 ], [ 22.9008012, 51.303496 ], [ 22.9007274, 51.3034897 ], [ 22.900662, 51.303495 ], [ 22.9005878, 51.3034985 ], [ 22.9005427, 51.3035242 ], [ 22.900512, 51.3035417 ], [ 22.9004978, 51.3036186 ], [ 22.9004803, 51.303655 ], [ 22.900458, 51.3037033 ], [ 22.9003975, 51.3037437 ], [ 22.9003058, 51.3037606 ], [ 22.9001059, 51.3037409 ], [ 22.9000582, 51.3036667 ], [ 22.8999493, 51.3036006 ], [ 22.8998316, 51.3035727 ], [ 22.8997494, 51.3035852 ], [ 22.8996862, 51.3036274 ], [ 22.8997239, 51.3037014 ], [ 22.8997427, 51.3037985 ], [ 22.8997077, 51.3038956 ], [ 22.8996515, 51.3039632 ], [ 22.8994953, 51.3040453 ], [ 22.899383, 51.3040844 ], [ 22.8993111, 51.3041147 ], [ 22.899266, 51.3041337 ], [ 22.8991518, 51.3042013 ], [ 22.8991175, 51.3042512 ], [ 22.8992487, 51.3043371 ], [ 22.8992197, 51.3044203 ], [ 22.8990445, 51.3046382 ], [ 22.8990516, 51.3047139 ], [ 22.8990702, 51.3047516 ], [ 22.8991382, 51.3048296 ], [ 22.8992455, 51.3048733 ], [ 22.8992664, 51.3049548 ], [ 22.8991873, 51.3050532 ], [ 22.8991493, 51.3051911 ], [ 22.8990113, 51.3052859 ], [ 22.8989072, 51.3053574 ], [ 22.8984731, 51.3055128 ], [ 22.8982998, 51.3055748 ], [ 22.8981454, 51.3056088 ], [ 22.8979067, 51.3056345 ], [ 22.8977771, 51.3056484 ], [ 22.8976549, 51.3056595 ], [ 22.8976008, 51.3057328 ], [ 22.8975451, 51.3057621 ], [ 22.8974654, 51.3058004 ], [ 22.8973629, 51.3058372 ], [ 22.8971704, 51.3058904 ], [ 22.8970318, 51.3058988 ], [ 22.8968599, 51.3060026 ], [ 22.8967147, 51.3060657 ], [ 22.8964786, 51.3061264 ], [ 22.8962379, 51.3062178 ], [ 22.8958121, 51.3063406 ], [ 22.8955401, 51.306419 ], [ 22.8952867, 51.3064939 ], [ 22.8950492, 51.3066534 ], [ 22.8948677, 51.3068128 ], [ 22.8947005, 51.3068086 ], [ 22.8944861, 51.3067233 ], [ 22.8943464, 51.3067227 ], [ 22.8936502, 51.3068888 ], [ 22.8930636, 51.3070474 ], [ 22.8928377, 51.3070588 ], [ 22.892453, 51.3070782 ], [ 22.8920321, 51.3070994 ], [ 22.891377, 51.3071325 ], [ 22.8911, 51.3070672 ], [ 22.8908397, 51.3070349 ], [ 22.8904456, 51.3070865 ], [ 22.8900716, 51.3071355 ], [ 22.8896083, 51.3070728 ], [ 22.8893015, 51.3070339 ], [ 22.888784, 51.3071075 ], [ 22.8885319, 51.3071757 ], [ 22.8883762, 51.307339 ], [ 22.8883402, 51.307485 ], [ 22.8883396, 51.3076405 ], [ 22.8882739, 51.3077541 ], [ 22.8880456, 51.3078033 ], [ 22.8877664, 51.3078452 ], [ 22.8874466, 51.3078754 ], [ 22.8872208, 51.3078429 ], [ 22.8870558, 51.3077608 ], [ 22.8866076, 51.3077722 ], [ 22.8862063, 51.3077825 ], [ 22.8858814, 51.3077908 ], [ 22.8853403, 51.3078046 ], [ 22.885092, 51.3078309 ], [ 22.8845933, 51.3078838 ], [ 22.8844155, 51.3079026 ], [ 22.8843034, 51.3079145 ], [ 22.8843824, 51.3081804 ], [ 22.8845048, 51.3085567 ], [ 22.8846458, 51.3089601 ], [ 22.8848274, 51.3093248 ], [ 22.8849882, 51.3095323 ], [ 22.885456, 51.3102399 ], [ 22.8855162, 51.3103343 ], [ 22.8856589, 51.3105383 ], [ 22.8846059, 51.3110422 ], [ 22.8832705, 51.3115872 ], [ 22.8831817, 51.3114043 ], [ 22.8831676, 51.3112448 ], [ 22.8831548, 51.3111009 ], [ 22.8818922, 51.3113642 ], [ 22.8812959, 51.3114092 ], [ 22.8812193, 51.311415 ], [ 22.8811615, 51.3115868 ], [ 22.8807064, 51.3121846 ], [ 22.8805605, 51.3123243 ], [ 22.8804317, 51.3124034 ], [ 22.8800147, 51.3127029 ], [ 22.8797171, 51.3128397 ], [ 22.8795999, 51.3129815 ], [ 22.8795442, 51.3130889 ], [ 22.8795482, 51.3133438 ], [ 22.879541, 51.3134161 ], [ 22.8794928, 51.313558 ], [ 22.8790934, 51.3138655 ], [ 22.8785269, 51.314086 ], [ 22.8784106, 51.3142144 ], [ 22.8778571, 51.3143721 ], [ 22.8774473, 51.3144473 ], [ 22.8767155, 51.314551 ], [ 22.8745671, 51.3145385 ], [ 22.8734911, 51.314383 ], [ 22.8730035, 51.3143376 ], [ 22.8722825, 51.3142893 ], [ 22.872128, 51.3143534 ], [ 22.8715834, 51.3142579 ], [ 22.8714228, 51.3142177 ], [ 22.8711044, 51.3140949 ], [ 22.8709916, 51.3140263 ], [ 22.8709199, 51.3140079 ], [ 22.8704674, 51.3137899 ], [ 22.8702537, 51.3136768 ], [ 22.8698155, 51.3133915 ], [ 22.8696852, 51.3132758 ], [ 22.8695545, 51.3131779 ], [ 22.8695415, 51.3131428 ], [ 22.869417, 51.3130291 ], [ 22.8691232, 51.3128699 ], [ 22.8688848, 51.3127799 ], [ 22.8687209, 51.3127254 ], [ 22.8684319, 51.3127239 ], [ 22.8681589, 51.3127431 ], [ 22.8679371, 51.3128002 ], [ 22.8677761, 51.3129066 ], [ 22.8675916, 51.3130373 ], [ 22.8674935, 51.3131989 ], [ 22.8674917, 51.3134105 ], [ 22.8674341, 51.3137625 ], [ 22.8673322, 51.3138487 ], [ 22.8671744, 51.313902 ], [ 22.8670462, 51.3139223 ], [ 22.866996, 51.3139303 ], [ 22.8669498, 51.3139291 ], [ 22.866868, 51.313917 ], [ 22.8667821, 51.3138764 ], [ 22.8666376, 51.3138329 ], [ 22.8665054, 51.3137782 ], [ 22.8664388, 51.3137292 ], [ 22.8664144, 51.3137113 ], [ 22.8663078, 51.3135758 ], [ 22.8662859, 51.3135012 ], [ 22.8662358, 51.3134267 ], [ 22.8661899, 51.3132967 ], [ 22.8661975, 51.3132174 ], [ 22.8661591, 51.3131045 ], [ 22.8661037, 51.3130359 ], [ 22.8659992, 51.3130196 ], [ 22.8659264, 51.3130029 ], [ 22.8659481, 51.3129711 ], [ 22.8658861, 51.312982 ], [ 22.8657551, 51.3130013 ], [ 22.8655397, 51.3130397 ], [ 22.8653367, 51.3130795 ], [ 22.8651577, 51.3131083 ], [ 22.8650869, 51.3131196 ], [ 22.8649025, 51.31316 ], [ 22.8648503, 51.3131589 ], [ 22.8648193, 51.3131582 ], [ 22.8647148, 51.3131787 ], [ 22.8645868, 51.3132039 ], [ 22.8645143, 51.3132262 ], [ 22.8643086, 51.3132893 ], [ 22.8641587, 51.313412 ], [ 22.8641461, 51.3134224 ], [ 22.8640509, 51.3135904 ], [ 22.8640044, 51.3136245 ], [ 22.8639897, 51.3137373 ], [ 22.8640043, 51.313833 ], [ 22.8639836, 51.3139782 ], [ 22.8639672, 51.3140863 ], [ 22.8639432, 51.3141621 ], [ 22.8638788, 51.3142869 ], [ 22.8637594, 51.314396 ], [ 22.863704, 51.3144217 ], [ 22.8635588, 51.3144888 ], [ 22.8634103, 51.3145409 ], [ 22.8633158, 51.3145581 ], [ 22.8632535, 51.3145694 ], [ 22.8631448, 51.3145677 ], [ 22.8630215, 51.3145666 ], [ 22.8628512, 51.3145349 ], [ 22.8628093, 51.3145214 ], [ 22.8627456, 51.314501 ], [ 22.8626027, 51.3144611 ], [ 22.8625179, 51.3144157 ], [ 22.8624945, 51.3144033 ], [ 22.8624188, 51.3143716 ], [ 22.8623243, 51.3142833 ], [ 22.8622873, 51.3142319 ], [ 22.862233, 51.3141127 ], [ 22.8621909, 51.3140182 ], [ 22.862131, 51.3139224 ], [ 22.8620416, 51.3138359 ], [ 22.861949, 51.3138057 ], [ 22.861816, 51.31379 ], [ 22.8615443, 51.313843 ], [ 22.8615166, 51.3138483 ], [ 22.8614085, 51.3138865 ], [ 22.8613924, 51.3138952 ], [ 22.8613085, 51.3139402 ], [ 22.8613027, 51.3139434 ], [ 22.86122, 51.3139754 ], [ 22.8611573, 51.3139995 ], [ 22.8611374, 51.314008 ], [ 22.860999, 51.3140659 ], [ 22.860761, 51.3141209 ], [ 22.8607352, 51.3141322 ], [ 22.8605913, 51.3141954 ], [ 22.8604112, 51.3142776 ], [ 22.8603511, 51.31429 ], [ 22.8603128, 51.3143098 ], [ 22.8601801, 51.3143786 ], [ 22.8600411, 51.3144946 ], [ 22.8599928, 51.3145348 ], [ 22.8599761, 51.3145513 ], [ 22.8597117, 51.3148105 ], [ 22.8597092, 51.3148121 ], [ 22.859647, 51.3148547 ], [ 22.8595847, 51.3148973 ], [ 22.8595227, 51.3149398 ], [ 22.8595021, 51.3149538 ], [ 22.8594596, 51.3149796 ], [ 22.8593617, 51.3150389 ], [ 22.8592695, 51.315103 ], [ 22.8591047, 51.3151655 ], [ 22.8591027, 51.3151663 ], [ 22.8588983, 51.3152271 ], [ 22.8588904, 51.3152294 ], [ 22.8586903, 51.3152746 ], [ 22.8585223, 51.3153028 ], [ 22.8585215, 51.315303 ], [ 22.8583677, 51.3153189 ], [ 22.8582551, 51.3153096 ], [ 22.8582347, 51.315308 ], [ 22.8581011, 51.3153161 ], [ 22.8579845, 51.3152981 ], [ 22.8578513, 51.315291 ], [ 22.8577281, 51.31533 ], [ 22.8575536, 51.3153804 ], [ 22.8574243, 51.315416 ], [ 22.8572967, 51.3154992 ], [ 22.857201, 51.3155879 ], [ 22.856981, 51.3158103 ], [ 22.8568914, 51.3159299 ], [ 22.8568693, 51.3159492 ], [ 22.8566737, 51.3161187 ], [ 22.8562966, 51.3164181 ], [ 22.8560592, 51.3165544 ], [ 22.8559057, 51.3166374 ], [ 22.8556041, 51.3167658 ], [ 22.8554014, 51.3168521 ], [ 22.8553783, 51.316862 ], [ 22.855202, 51.3169366 ], [ 22.8551161, 51.316973 ], [ 22.8550023, 51.3169979 ], [ 22.8546, 51.317086 ], [ 22.854324, 51.3172395 ], [ 22.8540794, 51.3174215 ], [ 22.8540361, 51.317443 ], [ 22.8535036, 51.3177076 ], [ 22.8531839, 51.3178532 ], [ 22.8531292, 51.3178808 ], [ 22.8529378, 51.3179768 ], [ 22.8527513, 51.3180481 ], [ 22.8526134, 51.3181008 ], [ 22.8523229, 51.3181801 ], [ 22.8522727, 51.3181939 ], [ 22.852132, 51.3182209 ], [ 22.8516117, 51.3183564 ], [ 22.8515565, 51.3183741 ], [ 22.8512029, 51.3184877 ], [ 22.8510871, 51.3185188 ], [ 22.850845, 51.3185838 ], [ 22.8504694, 51.3186323 ], [ 22.8504624, 51.3186341 ], [ 22.8504112, 51.3186473 ], [ 22.8500801, 51.3187327 ], [ 22.8499145, 51.3187754 ], [ 22.8489299, 51.3190127 ], [ 22.8486825, 51.3190559 ], [ 22.8479563, 51.3192688 ], [ 22.8475313, 51.3193775 ], [ 22.847155, 51.3194655 ], [ 22.8469951, 51.319513 ], [ 22.8466075, 51.3196466 ], [ 22.8463551, 51.3197887 ], [ 22.845751, 51.3201558 ], [ 22.84571, 51.3202154 ], [ 22.8456107, 51.3202254 ], [ 22.8453591, 51.3202615 ], [ 22.8449818, 51.3203031 ], [ 22.8448105, 51.3202915 ], [ 22.844701, 51.3202747 ], [ 22.8445663, 51.3202424 ], [ 22.8443692, 51.3202247 ], [ 22.8440784, 51.3201871 ], [ 22.8435972, 51.3202228 ], [ 22.8433052, 51.3202608 ], [ 22.8430754, 51.3202718 ], [ 22.8429146, 51.3203116 ], [ 22.8427504, 51.3203696 ], [ 22.842571, 51.320523 ], [ 22.8423101, 51.3207082 ], [ 22.8420472, 51.320869 ], [ 22.8419281, 51.3209721 ], [ 22.8418403, 51.3210889 ], [ 22.8418094, 51.3212146 ], [ 22.8417887, 51.3215165 ], [ 22.8417327, 51.3215919 ], [ 22.841689, 51.3216504 ], [ 22.8416819, 51.3218147 ], [ 22.8417108, 51.3219371 ], [ 22.8416293, 51.3220426 ], [ 22.8415296, 51.3221493 ], [ 22.8414178, 51.3222314 ], [ 22.8412812, 51.3223124 ], [ 22.8410948, 51.3224116 ], [ 22.8409142, 51.3225153 ], [ 22.8406879, 51.3226 ], [ 22.8404097, 51.3226909 ], [ 22.8402692, 51.3228329 ], [ 22.8400633, 51.323011 ], [ 22.8399738, 51.3231826 ], [ 22.8400133, 51.3232924 ], [ 22.8400811, 51.3234214 ], [ 22.840219, 51.3235733 ], [ 22.8403649, 51.323649 ], [ 22.8405884, 51.3237528 ], [ 22.8407442, 51.3238088 ], [ 22.8409579, 51.3238519 ], [ 22.8412387, 51.3239373 ], [ 22.8414566, 51.3240283 ], [ 22.8415609, 51.3241147 ], [ 22.841601, 51.3242259 ], [ 22.8415704, 51.3243458 ], [ 22.8414588, 51.3244997 ], [ 22.8413368, 51.3245964 ], [ 22.8411546, 51.324664 ], [ 22.8409915, 51.3247031 ], [ 22.8407686, 51.3247236 ], [ 22.8405513, 51.3247192 ], [ 22.8402411, 51.3246474 ], [ 22.840144, 51.3246051 ], [ 22.8396736, 51.3243561 ], [ 22.8395897, 51.3243461 ], [ 22.8395106, 51.3243552 ], [ 22.8393573, 51.3243911 ], [ 22.8392319, 51.3244377 ], [ 22.8392144, 51.3245125 ], [ 22.8393087, 51.3245648 ], [ 22.8392641, 51.3247453 ], [ 22.8391431, 51.3248931 ], [ 22.8390365, 51.3251256 ], [ 22.8389139, 51.3254218 ], [ 22.8388054, 51.3258103 ], [ 22.8388587, 51.3261011 ], [ 22.8389145, 51.3265582 ], [ 22.8389985, 51.3267473 ], [ 22.8389701, 51.3268508 ], [ 22.8389629, 51.3269994 ], [ 22.8388221, 51.3273168 ], [ 22.8387, 51.3274542 ], [ 22.8385568, 51.3276023 ], [ 22.8380415, 51.3280749 ], [ 22.8378241, 51.328201 ], [ 22.8375887, 51.3283472 ], [ 22.837527, 51.3283742 ], [ 22.8372682, 51.3281071 ], [ 22.8372385, 51.3280764 ], [ 22.8371465, 51.3279815 ], [ 22.8364277, 51.3272428 ], [ 22.8363461, 51.3270586 ], [ 22.83614, 51.3267946 ], [ 22.8357818, 51.3265532 ], [ 22.8341474, 51.3246563 ], [ 22.83344, 51.3238352 ], [ 22.832785, 51.3230666 ], [ 22.8322926, 51.3224976 ], [ 22.831849, 51.321985 ], [ 22.8309901, 51.3209656 ], [ 22.8285892, 51.3181817 ], [ 22.8284567, 51.3180395 ] ] ] } },
{ "type": "Feature", "properties": { "bbox_west": 8.5731788, "bbox_south": 49.3520029, "bbox_east": 8.7939863, "bbox_north": 49.4596927, "place_id": 112883612, "osm_type": "relation", "osm_id": 285864, "lat": 49.4093582, "lon": 8.694724, "class": "boundary", "type": "administrative", "place_rank": 12, "importance": 0.69729195613657413, "addresstype": "city", "name": "Heidelberg", "display_name": "Heidelberg, Baden-Württemberg, Germany", "city": "Heidelberg Germany" }, "geometry": { "type": "Polygon", "coordinates": [ [ [ 8.5731788, 49.4236 ], [ 8.5732444, 49.4232662 ], [ 8.5735169, 49.4217463 ], [ 8.5736023, 49.4210286 ], [ 8.5736296, 49.4207657 ], [ 8.5736183, 49.4204779 ], [ 8.5735754, 49.4202082 ], [ 8.5734868, 49.4198518 ], [ 8.5732535, 49.4191025 ], [ 8.5732802, 49.4186341 ], [ 8.5732621, 49.4184604 ], [ 8.5732441, 49.4182388 ], [ 8.5732329, 49.4180263 ], [ 8.5732105, 49.4175624 ], [ 8.5732061, 49.4172173 ], [ 8.5732227, 49.4169019 ], [ 8.5732881, 49.416518 ], [ 8.5734303, 49.4157628 ], [ 8.5736221, 49.415734 ], [ 8.5739799, 49.4147233 ], [ 8.5740981, 49.4144215 ], [ 8.5749055, 49.4126587 ], [ 8.5751259, 49.4126196 ], [ 8.575952, 49.4124793 ], [ 8.5763545, 49.4124034 ], [ 8.5768059, 49.4123091 ], [ 8.5774184, 49.4121622 ], [ 8.5788706, 49.4118155 ], [ 8.5803267, 49.4114771 ], [ 8.5805477, 49.4114249 ], [ 8.5810212, 49.4113139 ], [ 8.5814666, 49.4111982 ], [ 8.5821261, 49.4110212 ], [ 8.5828103, 49.4108305 ], [ 8.5836207, 49.4106036 ], [ 8.5842557, 49.4104104 ], [ 8.5844613, 49.4105983 ], [ 8.5846005, 49.4107403 ], [ 8.5846596, 49.4108089 ], [ 8.5847292, 49.410896 ], [ 8.5848405, 49.4110425 ], [ 8.5848926, 49.4110409 ], [ 8.5906643, 49.4105506 ], [ 8.592504, 49.4103918 ], [ 8.5924904, 49.4103255 ], [ 8.5925566, 49.4103162 ], [ 8.5929915, 49.4102853 ], [ 8.594295, 49.410194 ], [ 8.5950272, 49.4101314 ], [ 8.5957176, 49.41008 ], [ 8.5964569, 49.4100128 ], [ 8.5971087, 49.4099478 ], [ 8.5978167, 49.409869 ], [ 8.598479, 49.4097994 ], [ 8.5986402, 49.4097837 ], [ 8.6005224, 49.4095265 ], [ 8.6033931, 49.4091271 ], [ 8.6035403, 49.4091045 ], [ 8.6036384, 49.4090794 ], [ 8.6052003, 49.4084559 ], [ 8.6087942, 49.407045 ], [ 8.6106734, 49.4059495 ], [ 8.6114614, 49.4054669 ], [ 8.6124373, 49.4062033 ], [ 8.6166063, 49.4073833 ], [ 8.622553, 49.409046 ], [ 8.6226269, 49.4090096 ], [ 8.6226484, 49.4089526 ], [ 8.6227202, 49.4089752 ], [ 8.6227217, 49.4089757 ], [ 8.6228522, 49.4089987 ], [ 8.6228506, 49.4090493 ], [ 8.6231887, 49.4092357 ], [ 8.6244983, 49.4099575 ], [ 8.6245901, 49.4100087 ], [ 8.6251015, 49.4102937 ], [ 8.6253781, 49.4104479 ], [ 8.6259108, 49.4107449 ], [ 8.6263244, 49.4109754 ], [ 8.6269795, 49.4113406 ], [ 8.6282627, 49.4120323 ], [ 8.6285903, 49.4122128 ], [ 8.6290718, 49.4124857 ], [ 8.6300343, 49.4131756 ], [ 8.6309585, 49.4138334 ], [ 8.6320781, 49.4145831 ], [ 8.6327069, 49.4150072 ], [ 8.6327478, 49.4150347 ], [ 8.6329381, 49.4149614 ], [ 8.633025, 49.4149279 ], [ 8.6330749, 49.4148068 ], [ 8.6340603, 49.4124487 ], [ 8.6344464, 49.4114867 ], [ 8.634737, 49.4107628 ], [ 8.6354074, 49.4090923 ], [ 8.6358732, 49.4079319 ], [ 8.6360332, 49.40753 ], [ 8.6361363, 49.4072424 ], [ 8.6362151, 49.4069569 ], [ 8.6363792, 49.4063905 ], [ 8.6364653, 49.406041 ], [ 8.6365905, 49.4055659 ], [ 8.6366669, 49.4050725 ], [ 8.636706, 49.4048058 ], [ 8.6367433, 49.4045516 ], [ 8.6368271, 49.403969 ], [ 8.6369, 49.4034619 ], [ 8.6369263, 49.4032678 ], [ 8.6370171, 49.402596 ], [ 8.6372219, 49.401141 ], [ 8.6375495, 49.3988001 ], [ 8.6380085, 49.3956477 ], [ 8.6381855, 49.3938128 ], [ 8.6382951, 49.3927199 ], [ 8.638521, 49.3927462 ], [ 8.6407216, 49.393021 ], [ 8.64343, 49.3933814 ], [ 8.6435117, 49.3931943 ], [ 8.6435267, 49.3931598 ], [ 8.6455349, 49.3908845 ], [ 8.6463596, 49.3898661 ], [ 8.6475003, 49.3885366 ], [ 8.6453569, 49.3880444 ], [ 8.6438066, 49.3876092 ], [ 8.6420906, 49.3871491 ], [ 8.6410377, 49.3868407 ], [ 8.6399161, 49.3864979 ], [ 8.6396667, 49.3864344 ], [ 8.6393871, 49.3864134 ], [ 8.6386576, 49.3864097 ], [ 8.6380863, 49.3865727 ], [ 8.6365637, 49.3870169 ], [ 8.6348018, 49.3873016 ], [ 8.6336076, 49.3871619 ], [ 8.6335418, 49.3868974 ], [ 8.633434, 49.3862271 ], [ 8.6334012, 49.3858992 ], [ 8.6333657, 49.3858915 ], [ 8.6301986, 49.3852005 ], [ 8.6298581, 49.3851072 ], [ 8.6294359, 49.3849446 ], [ 8.6288505, 49.3847063 ], [ 8.6283659, 49.3844447 ], [ 8.6278012, 49.3841304 ], [ 8.6271218, 49.383729 ], [ 8.6264596, 49.3833504 ], [ 8.6259858, 49.3830683 ], [ 8.6253831, 49.382699 ], [ 8.624878, 49.3823871 ], [ 8.6242405, 49.3819904 ], [ 8.6237852, 49.3816676 ], [ 8.6243819, 49.3806698 ], [ 8.6211118, 49.3800106 ], [ 8.6203779, 49.3798427 ], [ 8.6179316, 49.3792829 ], [ 8.6161546, 49.379158 ], [ 8.615294, 49.3789184 ], [ 8.6145451, 49.3787578 ], [ 8.6137509, 49.3785283 ], [ 8.6125814, 49.3782023 ], [ 8.6108659, 49.378017 ], [ 8.6101858, 49.3779193 ], [ 8.609757, 49.37785 ], [ 8.6094026, 49.3777565 ], [ 8.609066, 49.3776494 ], [ 8.608678, 49.3775051 ], [ 8.6079162, 49.3772099 ], [ 8.6073418, 49.3769719 ], [ 8.6068825, 49.3767513 ], [ 8.6068103, 49.3761634 ], [ 8.6072224, 49.3749861 ], [ 8.6074839, 49.3742901 ], [ 8.6073325, 49.3738506 ], [ 8.6065358, 49.3718858 ], [ 8.6057977, 49.3700969 ], [ 8.6051676, 49.3702715 ], [ 8.6032102, 49.3683766 ], [ 8.6010036, 49.366203 ], [ 8.6043931, 49.3655768 ], [ 8.6043073, 49.3654187 ], [ 8.6054789, 49.3652142 ], [ 8.6058855, 49.3651588 ], [ 8.6071546, 49.3650039 ], [ 8.6075621, 49.3649624 ], [ 8.6077873, 49.3649318 ], [ 8.6080035, 49.3648575 ], [ 8.6082305, 49.3647789 ], [ 8.6085214, 49.3646761 ], [ 8.6087626, 49.3645885 ], [ 8.608975, 49.3645257 ], [ 8.6092398, 49.3644613 ], [ 8.609518, 49.3644178 ], [ 8.6097967, 49.3643606 ], [ 8.610128, 49.3642995 ], [ 8.6103539, 49.3642507 ], [ 8.610605, 49.3641792 ], [ 8.6109946, 49.3640529 ], [ 8.6115552, 49.3638492 ], [ 8.6121292, 49.3636618 ], [ 8.6136374, 49.3631029 ], [ 8.6154444, 49.362414 ], [ 8.6163502, 49.3620581 ], [ 8.6170434, 49.3617673 ], [ 8.6175911, 49.3615292 ], [ 8.6182366, 49.361201 ], [ 8.6189566, 49.3608491 ], [ 8.6194433, 49.3606533 ], [ 8.6199754, 49.3604606 ], [ 8.6206253, 49.3602057 ], [ 8.6210862, 49.3600439 ], [ 8.6213639, 49.3599157 ], [ 8.6218229, 49.3597127 ], [ 8.6220895, 49.35959 ], [ 8.6224364, 49.3594703 ], [ 8.623627, 49.3591909 ], [ 8.6244659, 49.3590632 ], [ 8.6232816, 49.3574603 ], [ 8.6230192, 49.3575814 ], [ 8.6213354, 49.3554969 ], [ 8.6202148, 49.3540732 ], [ 8.620484, 49.3540376 ], [ 8.6206855, 49.3540073 ], [ 8.6210852, 49.3538771 ], [ 8.6233232, 49.3528795 ], [ 8.625019, 49.3521187 ], [ 8.6252401, 49.3520305 ], [ 8.6256253, 49.3520029 ], [ 8.627988, 49.3520819 ], [ 8.628566, 49.3521019 ], [ 8.6291023, 49.3521031 ], [ 8.6296414, 49.3520939 ], [ 8.6307623, 49.3520651 ], [ 8.6307874, 49.3527339 ], [ 8.6315131, 49.3527736 ], [ 8.6319093, 49.3527963 ], [ 8.6320022, 49.3528086 ], [ 8.6322274, 49.3528158 ], [ 8.6326054, 49.3528395 ], [ 8.6329027, 49.3528456 ], [ 8.6331117, 49.3528362 ], [ 8.6332336, 49.352838 ], [ 8.6332889, 49.3539394 ], [ 8.6333554, 49.3550117 ], [ 8.633367, 49.3554894 ], [ 8.6335502, 49.3557811 ], [ 8.6337575, 49.3561005 ], [ 8.6339741, 49.3564816 ], [ 8.6341671, 49.3568077 ], [ 8.634287, 49.3571263 ], [ 8.6344208, 49.3574451 ], [ 8.6345035, 49.3576857 ], [ 8.6348595, 49.3580954 ], [ 8.6353961, 49.3587648 ], [ 8.6361029, 49.3596711 ], [ 8.6366566, 49.3603567 ], [ 8.636737, 49.3605379 ], [ 8.6368883, 49.3610373 ], [ 8.6371357, 49.36199 ], [ 8.637264, 49.3626352 ], [ 8.6373038, 49.3628043 ], [ 8.6374429, 49.3631909 ], [ 8.6376642, 49.3636099 ], [ 8.6379857, 49.3643575 ], [ 8.6383624, 49.3653226 ], [ 8.6387969, 49.3663797 ], [ 8.6391048, 49.3670998 ], [ 8.639672, 49.368535 ], [ 8.6402097, 49.3699773 ], [ 8.6403168, 49.3700353 ], [ 8.6422298, 49.3690046 ], [ 8.6455781, 49.3710493 ], [ 8.6463502, 49.3704435 ], [ 8.6480517, 49.369208 ], [ 8.6480952, 49.3692569 ], [ 8.6485807, 49.368957 ], [ 8.6491126, 49.3686163 ], [ 8.64974, 49.3682193 ], [ 8.6506597, 49.3676484 ], [ 8.6506911, 49.367565 ], [ 8.6503785, 49.3670712 ], [ 8.6501308, 49.3666602 ], [ 8.6499074, 49.3662052 ], [ 8.6501026, 49.3661485 ], [ 8.6518407, 49.3651528 ], [ 8.653591, 49.3642679 ], [ 8.6535157, 49.3642253 ], [ 8.6544317, 49.363731 ], [ 8.6560035, 49.3627597 ], [ 8.6567317, 49.3623169 ], [ 8.6555837, 49.360204 ], [ 8.6555515, 49.3600748 ], [ 8.6563173, 49.360135 ], [ 8.6567907, 49.3601298 ], [ 8.6569258, 49.3601136 ], [ 8.6566928, 49.3598442 ], [ 8.656384, 49.3593009 ], [ 8.6557311, 49.3581487 ], [ 8.6552443, 49.3573155 ], [ 8.6547095, 49.3564387 ], [ 8.6545185, 49.3561561 ], [ 8.6533615, 49.3562631 ], [ 8.6529874, 49.3557702 ], [ 8.6525441, 49.3552873 ], [ 8.6521039, 49.3545798 ], [ 8.6514115, 49.3534465 ], [ 8.6516717, 49.3533923 ], [ 8.6519614, 49.3533976 ], [ 8.652809, 49.3535181 ], [ 8.6531281, 49.3535251 ], [ 8.6535385, 49.3534919 ], [ 8.6550996, 49.353277 ], [ 8.6554107, 49.3536823 ], [ 8.6558613, 49.3535565 ], [ 8.6561537, 49.3539898 ], [ 8.6562395, 49.3539514 ], [ 8.6563401, 49.3540226 ], [ 8.6566888, 49.3543596 ], [ 8.6572433, 49.3551949 ], [ 8.658874, 49.3549378 ], [ 8.6600989, 49.3548636 ], [ 8.6606617, 49.3548306 ], [ 8.6605535, 49.3538501 ], [ 8.6611865, 49.3539883 ], [ 8.6615292, 49.3540661 ], [ 8.6624986, 49.3543138 ], [ 8.6632027, 49.3543955 ], [ 8.6635785, 49.3535852 ], [ 8.664184, 49.3536627 ], [ 8.665018, 49.3537694 ], [ 8.6648624, 49.354592 ], [ 8.6645159, 49.356424 ], [ 8.664343, 49.3571395 ], [ 8.6642566, 49.357496 ], [ 8.6645227, 49.3575483 ], [ 8.664876, 49.3575926 ], [ 8.6670289, 49.3579798 ], [ 8.66801, 49.3580647 ], [ 8.668543, 49.3581107 ], [ 8.6687636, 49.3581269 ], [ 8.6698072, 49.3580033 ], [ 8.6714647, 49.3578048 ], [ 8.6716797, 49.3578179 ], [ 8.6719046, 49.3591866 ], [ 8.6721886, 49.3605946 ], [ 8.6724425, 49.3615211 ], [ 8.6741996, 49.361218 ], [ 8.675834, 49.3606678 ], [ 8.6759553, 49.3602212 ], [ 8.6772484, 49.3603561 ], [ 8.6782274, 49.3604275 ], [ 8.6787495, 49.3604415 ], [ 8.6798174, 49.3604268 ], [ 8.6799212, 49.3604254 ], [ 8.6820844, 49.3603891 ], [ 8.6820136, 49.3599072 ], [ 8.6842474, 49.3598166 ], [ 8.6843777, 49.3597807 ], [ 8.6870596, 49.3598243 ], [ 8.6871065, 49.3596723 ], [ 8.6872368, 49.3588595 ], [ 8.689029, 49.3588997 ], [ 8.6892008, 49.3589639 ], [ 8.6892488, 49.358944 ], [ 8.690288, 49.3589292 ], [ 8.6906838, 49.3588992 ], [ 8.6914693, 49.358787 ], [ 8.6913995, 49.3584922 ], [ 8.6923844, 49.3584146 ], [ 8.6924383, 49.3585125 ], [ 8.6928745, 49.3583863 ], [ 8.6929043, 49.3585068 ], [ 8.693627, 49.3583714 ], [ 8.693654, 49.3584802 ], [ 8.6941356, 49.3583571 ], [ 8.6943686, 49.3586788 ], [ 8.69466, 49.3586027 ], [ 8.6946209, 49.3585367 ], [ 8.6944443, 49.3582386 ], [ 8.6963999, 49.3577489 ], [ 8.6966864, 49.3577892 ], [ 8.6969526, 49.3580393 ], [ 8.6982345, 49.3574206 ], [ 8.699042, 49.3570046 ], [ 8.6991332, 49.3570051 ], [ 8.6992244, 49.3570033 ], [ 8.6994679, 49.3568675 ], [ 8.7000501, 49.3565713 ], [ 8.7000916, 49.3565505 ], [ 8.7005405, 49.3563271 ], [ 8.7012064, 49.3560633 ], [ 8.7017689, 49.3558457 ], [ 8.7018474, 49.3558153 ], [ 8.7024903, 49.3557158 ], [ 8.7033211, 49.3557223 ], [ 8.7039794, 49.3557454 ], [ 8.7046666, 49.3557862 ], [ 8.7052338, 49.3558484 ], [ 8.7054043, 49.3558708 ], [ 8.7057764, 49.3559196 ], [ 8.7063528, 49.3560421 ], [ 8.7068817, 49.3561232 ], [ 8.7083025, 49.3563411 ], [ 8.70964, 49.3565799 ], [ 8.7102703, 49.3555424 ], [ 8.7108887, 49.3551103 ], [ 8.7112492, 49.3552104 ], [ 8.7113998, 49.3553405 ], [ 8.7116834, 49.355525 ], [ 8.7119459, 49.3556184 ], [ 8.7125125, 49.355659 ], [ 8.7133905, 49.3556946 ], [ 8.71423, 49.3557463 ], [ 8.7150837, 49.3559509 ], [ 8.7159867, 49.35624 ], [ 8.716396, 49.3563423 ], [ 8.718652, 49.3563789 ], [ 8.7189598, 49.3563511 ], [ 8.7193418, 49.3567617 ], [ 8.7194717, 49.3570652 ], [ 8.71971, 49.3573024 ], [ 8.7201218, 49.3572835 ], [ 8.7212669, 49.357192 ], [ 8.7214611, 49.3571727 ], [ 8.7223892, 49.3572534 ], [ 8.723668, 49.3574388 ], [ 8.7241961, 49.3576019 ], [ 8.7249365, 49.3579211 ], [ 8.7252405, 49.3583083 ], [ 8.7254977, 49.3586631 ], [ 8.7255992, 49.358803 ], [ 8.7260156, 49.3594762 ], [ 8.7260553, 49.3600452 ], [ 8.7260939, 49.3603743 ], [ 8.7271129, 49.3619886 ], [ 8.7272017, 49.362889 ], [ 8.7274233, 49.3641325 ], [ 8.7277172, 49.3655087 ], [ 8.7284459, 49.3664412 ], [ 8.7286706, 49.3667047 ], [ 8.7289417, 49.3668968 ], [ 8.7304043, 49.3679334 ], [ 8.7299292, 49.368208 ], [ 8.7285406, 49.3688172 ], [ 8.72836, 49.3686817 ], [ 8.7262592, 49.369455 ], [ 8.7253571, 49.370066 ], [ 8.725576, 49.3702199 ], [ 8.7250093, 49.3712114 ], [ 8.7247291, 49.3722497 ], [ 8.7244013, 49.3734956 ], [ 8.7244792, 49.3737472 ], [ 8.724841, 49.3739565 ], [ 8.727404, 49.3755538 ], [ 8.72822, 49.3748214 ], [ 8.7291383, 49.3740094 ], [ 8.7301548, 49.3731794 ], [ 8.730385, 49.3732519 ], [ 8.730507, 49.373311 ], [ 8.7314369, 49.372716 ], [ 8.7323275, 49.3722237 ], [ 8.7339293, 49.3726751 ], [ 8.7357242, 49.3729555 ], [ 8.7363192, 49.3733236 ], [ 8.7375645, 49.3741606 ], [ 8.7384155, 49.3744909 ], [ 8.7400492, 49.3745529 ], [ 8.740729, 49.3744416 ], [ 8.7414684, 49.3739239 ], [ 8.7429629, 49.3731079 ], [ 8.7441414, 49.3727954 ], [ 8.7455713, 49.37295 ], [ 8.7468818, 49.3731475 ], [ 8.7475314, 49.3732988 ], [ 8.7478033, 49.3734027 ], [ 8.7480098, 49.3734812 ], [ 8.7490309, 49.3737876 ], [ 8.7493491, 49.3738093 ], [ 8.749506, 49.3738739 ], [ 8.7496821, 49.374157 ], [ 8.7497843, 49.3742686 ], [ 8.7499794, 49.3748598 ], [ 8.7502542, 49.3752337 ], [ 8.7504862, 49.3754388 ], [ 8.751287, 49.3758529 ], [ 8.7519856, 49.3761666 ], [ 8.7524805, 49.3763713 ], [ 8.7531988, 49.3768684 ], [ 8.7536544, 49.3771886 ], [ 8.7547156, 49.3777091 ], [ 8.7567073, 49.3778926 ], [ 8.7589491, 49.3778552 ], [ 8.7608403, 49.3781192 ], [ 8.763003, 49.3785034 ], [ 8.7662603, 49.3785357 ], [ 8.7690101, 49.3791044 ], [ 8.7686024, 49.3795221 ], [ 8.7682286, 49.3799123 ], [ 8.7675515, 49.3807383 ], [ 8.7666232, 49.3815795 ], [ 8.7659411, 49.3827801 ], [ 8.7653626, 49.3833196 ], [ 8.7642505, 49.3842346 ], [ 8.7631481, 49.3853074 ], [ 8.7627615, 49.3860295 ], [ 8.7628584, 49.3863978 ], [ 8.7629546, 49.3867628 ], [ 8.7629016, 49.3872579 ], [ 8.7632129, 49.388002 ], [ 8.7650825, 49.387466 ], [ 8.766029, 49.3872902 ], [ 8.7675199, 49.3871007 ], [ 8.7682232, 49.3868484 ], [ 8.7699416, 49.3872564 ], [ 8.7703599, 49.3876474 ], [ 8.7712465, 49.3879965 ], [ 8.7720483, 49.3884235 ], [ 8.7721194, 49.3886627 ], [ 8.7726189, 49.3887789 ], [ 8.7730859, 49.3891996 ], [ 8.773803, 49.3893824 ], [ 8.7735404, 49.3896954 ], [ 8.7734232, 49.3898953 ], [ 8.7735661, 49.3901356 ], [ 8.7739089, 49.3908089 ], [ 8.7743769, 49.3910736 ], [ 8.7749047, 49.3914288 ], [ 8.7751725, 49.3916676 ], [ 8.775589, 49.392198 ], [ 8.7756831, 49.3923702 ], [ 8.7759035, 49.3925817 ], [ 8.7753204, 49.3931686 ], [ 8.7753715, 49.3931761 ], [ 8.775987, 49.3935208 ], [ 8.7764908, 49.3941602 ], [ 8.7761375, 49.3943303 ], [ 8.7757672, 49.3945855 ], [ 8.7755091, 49.3948354 ], [ 8.7752858, 49.3951551 ], [ 8.7751681, 49.3954554 ], [ 8.7751243, 49.395782 ], [ 8.7751613, 49.3961697 ], [ 8.7752598, 49.3965272 ], [ 8.7756203, 49.3972591 ], [ 8.7763338, 49.3984757 ], [ 8.7775754, 49.4004414 ], [ 8.7780836, 49.4013791 ], [ 8.7784615, 49.4021357 ], [ 8.7791265, 49.4020044 ], [ 8.7801672, 49.4017901 ], [ 8.7816315, 49.4015595 ], [ 8.7830307, 49.4015092 ], [ 8.7848554, 49.4013014 ], [ 8.7857694, 49.4014205 ], [ 8.7887414, 49.4021318 ], [ 8.7892591, 49.4022942 ], [ 8.7902917, 49.4027598 ], [ 8.7905416, 49.4028868 ], [ 8.7916438, 49.4037635 ], [ 8.792162, 49.4042162 ], [ 8.7934643, 49.4051423 ], [ 8.7935106, 49.405735 ], [ 8.7936318, 49.4063245 ], [ 8.7939863, 49.4072014 ], [ 8.7937186, 49.4078428 ], [ 8.7931501, 49.4096224 ], [ 8.7930052, 49.4104066 ], [ 8.7927609, 49.4117891 ], [ 8.791761, 49.412995 ], [ 8.7908747, 49.4140043 ], [ 8.7902361, 49.4148132 ], [ 8.7901204, 49.4155236 ], [ 8.7898598, 49.4165991 ], [ 8.7894576, 49.4172951 ], [ 8.789335, 49.4190097 ], [ 8.7896498, 49.4201144 ], [ 8.7899555, 49.4209069 ], [ 8.7913228, 49.4232059 ], [ 8.7902226, 49.4255181 ], [ 8.789565, 49.4277548 ], [ 8.7891234, 49.4302714 ], [ 8.788281, 49.4313414 ], [ 8.7867537, 49.4326221 ], [ 8.781216, 49.432857 ], [ 8.7783994, 49.432887 ], [ 8.7777732, 49.4329561 ], [ 8.7769797, 49.4331844 ], [ 8.7762451, 49.4340322 ], [ 8.7734877, 49.4353451 ], [ 8.7700804, 49.4357876 ], [ 8.7662265, 49.4373409 ], [ 8.7662196, 49.4391154 ], [ 8.7663091, 49.4401813 ], [ 8.7664737, 49.4414183 ], [ 8.7665409, 49.4425297 ], [ 8.7664552, 49.4434548 ], [ 8.7661241, 49.4441138 ], [ 8.7648776, 49.4460362 ], [ 8.7617642, 49.4482103 ], [ 8.7617155, 49.4507576 ], [ 8.7660621, 49.4528244 ], [ 8.7667755, 49.4533751 ], [ 8.7677145, 49.454097 ], [ 8.7653325, 49.4555467 ], [ 8.7635747, 49.4563679 ], [ 8.7632898, 49.4564667 ], [ 8.7629395, 49.4564877 ], [ 8.7605503, 49.4565725 ], [ 8.7586338, 49.4566622 ], [ 8.7575549, 49.4567018 ], [ 8.7570406, 49.4574728 ], [ 8.756618, 49.4579338 ], [ 8.7560621, 49.4584054 ], [ 8.7554084, 49.4588538 ], [ 8.7546862, 49.4594683 ], [ 8.7547049, 49.4596419 ], [ 8.7539864, 49.4596927 ], [ 8.7530988, 49.4595484 ], [ 8.7510968, 49.4590559 ], [ 8.7506331, 49.4588331 ], [ 8.747592, 49.4593384 ], [ 8.7453456, 49.4595297 ], [ 8.7432933, 49.4584707 ], [ 8.7416161, 49.4576157 ], [ 8.741746, 49.4570407 ], [ 8.7418071, 49.4565628 ], [ 8.7418418, 49.4564782 ], [ 8.7420481, 49.4564001 ], [ 8.7425697, 49.4563285 ], [ 8.7430497, 49.4563346 ], [ 8.7435577, 49.4563521 ], [ 8.7440513, 49.4562827 ], [ 8.7444362, 49.4561679 ], [ 8.7446285, 49.4561012 ], [ 8.7447756, 49.456069 ], [ 8.7449542, 49.4560893 ], [ 8.7451013, 49.4560822 ], [ 8.7453882, 49.4559743 ], [ 8.7458951, 49.4557541 ], [ 8.7460524, 49.4556418 ], [ 8.7460827, 49.4553628 ], [ 8.7460779, 49.4550541 ], [ 8.7460633, 49.4548964 ], [ 8.7459753, 49.4547708 ], [ 8.7459118, 49.4546909 ], [ 8.7459427, 49.4545216 ], [ 8.7460253, 49.4541603 ], [ 8.746118, 49.4537006 ], [ 8.7462013, 49.4534992 ], [ 8.7462352, 49.453234 ], [ 8.7459665, 49.4526262 ], [ 8.7455857, 49.4519911 ], [ 8.7448706, 49.4510228 ], [ 8.7447186, 49.4506847 ], [ 8.7445565, 49.4504289 ], [ 8.744724, 49.4502777 ], [ 8.7447195, 49.4500331 ], [ 8.744778, 49.4497609 ], [ 8.7450255, 49.449477 ], [ 8.7454371, 49.4490854 ], [ 8.7456812, 49.4488244 ], [ 8.7457483, 49.4486737 ], [ 8.7458079, 49.4483792 ], [ 8.7458535, 49.448142 ], [ 8.7457418, 49.4474185 ], [ 8.7457, 49.4468912 ], [ 8.7392056, 49.4463859 ], [ 8.7392123, 49.4469405 ], [ 8.7384312, 49.4480173 ], [ 8.7380076, 49.4484233 ], [ 8.7373179, 49.4490596 ], [ 8.7370834, 49.4491714 ], [ 8.7368523, 49.4492374 ], [ 8.7365409, 49.4492418 ], [ 8.735799, 49.4491273 ], [ 8.7351517, 49.4489558 ], [ 8.7346234, 49.44883 ], [ 8.7327479, 49.4485688 ], [ 8.730015, 49.4483732 ], [ 8.7264385, 49.4482134 ], [ 8.7254378, 49.448206 ], [ 8.7241952, 49.4484517 ], [ 8.7236352, 49.4485791 ], [ 8.7228967, 49.4488206 ], [ 8.7224591, 49.4490165 ], [ 8.7220774, 49.4491851 ], [ 8.7218531, 49.4493455 ], [ 8.7216961, 49.4495034 ], [ 8.7214415, 49.4498147 ], [ 8.7210228, 49.4502382 ], [ 8.7204914, 49.4505453 ], [ 8.7200859, 49.4507448 ], [ 8.7196142, 49.4510655 ], [ 8.7189887, 49.4514824 ], [ 8.7183245, 49.4518286 ], [ 8.7178277, 49.4520395 ], [ 8.7174148, 49.4521177 ], [ 8.7169947, 49.4521869 ], [ 8.7163681, 49.4522906 ], [ 8.7156469, 49.452383 ], [ 8.7151742, 49.4524202 ], [ 8.7148131, 49.4523383 ], [ 8.7143957, 49.4521719 ], [ 8.7140272, 49.4519643 ], [ 8.7137288, 49.4517635 ], [ 8.7134479, 49.4515467 ], [ 8.7130797, 49.4514145 ], [ 8.7129813, 49.4513369 ], [ 8.7129073, 49.4511884 ], [ 8.7126181, 49.4506354 ], [ 8.7122212, 49.4502632 ], [ 8.7120632, 49.4501811 ], [ 8.7119228, 49.4500624 ], [ 8.7117118, 49.4498477 ], [ 8.7113827, 49.4494833 ], [ 8.7106973, 49.4490126 ], [ 8.7095194, 49.4477246 ], [ 8.7094671, 49.4475009 ], [ 8.709412, 49.4466473 ], [ 8.7093251, 49.4461977 ], [ 8.7089578, 49.4461563 ], [ 8.7080621, 49.4459479 ], [ 8.7075269, 49.4458904 ], [ 8.7067328, 49.4458572 ], [ 8.7060433, 49.4458724 ], [ 8.7053786, 49.4459241 ], [ 8.7044865, 49.4460219 ], [ 8.7039893, 49.4460002 ], [ 8.7032259, 49.4459197 ], [ 8.7022348, 49.4458192 ], [ 8.7004409, 49.4454739 ], [ 8.6980095, 49.4450252 ], [ 8.6968641, 49.4448656 ], [ 8.6964361, 49.4446657 ], [ 8.6959665, 49.4445549 ], [ 8.6955151, 49.4445855 ], [ 8.6936862, 49.444206 ], [ 8.6927337, 49.4441168 ], [ 8.6921663, 49.4440176 ], [ 8.6917068, 49.4438452 ], [ 8.6912439, 49.4436499 ], [ 8.6904963, 49.4432362 ], [ 8.6893699, 49.4432628 ], [ 8.6878572, 49.4432119 ], [ 8.6875693, 49.4430345 ], [ 8.6873627, 49.4430076 ], [ 8.6867994, 49.4430476 ], [ 8.6860652, 49.4432134 ], [ 8.6855722, 49.4433193 ], [ 8.6854463, 49.4433287 ], [ 8.6849599, 49.4433548 ], [ 8.6846072, 49.4435404 ], [ 8.6842998, 49.443671 ], [ 8.6838872, 49.4437677 ], [ 8.6834957, 49.443878 ], [ 8.6829643, 49.444 ], [ 8.6826771, 49.4439709 ], [ 8.6823347, 49.4438621 ], [ 8.6821162, 49.4437735 ], [ 8.6816574, 49.4436923 ], [ 8.6812442, 49.4436749 ], [ 8.6807956, 49.4435343 ], [ 8.6803929, 49.4434827 ], [ 8.6796701, 49.4431327 ], [ 8.6791132, 49.4430197 ], [ 8.6791921, 49.4426978 ], [ 8.6783587, 49.4425922 ], [ 8.6783343, 49.4426242 ], [ 8.6772067, 49.4424941 ], [ 8.6770124, 49.4423913 ], [ 8.676933, 49.4423486 ], [ 8.6760967, 49.4421986 ], [ 8.6751848, 49.4420353 ], [ 8.6747767, 49.4419681 ], [ 8.673293, 49.441504 ], [ 8.6728605, 49.4412528 ], [ 8.6727405, 49.4413263 ], [ 8.6723411, 49.4411247 ], [ 8.6715746, 49.4408339 ], [ 8.6707607, 49.4413431 ], [ 8.67033, 49.4414938 ], [ 8.6699149, 49.4414667 ], [ 8.6689318, 49.4412616 ], [ 8.6671039, 49.4408355 ], [ 8.6662638, 49.4407719 ], [ 8.6658483, 49.4406398 ], [ 8.6656772, 49.4405364 ], [ 8.6655157, 49.440349 ], [ 8.6654509, 49.4402998 ], [ 8.6654034, 49.4402759 ], [ 8.6653439, 49.4402666 ], [ 8.6652142, 49.4402266 ], [ 8.6634936, 49.4399409 ], [ 8.6632449, 49.4399475 ], [ 8.6632377, 49.4398573 ], [ 8.6630463, 49.4396298 ], [ 8.6626366, 49.4396856 ], [ 8.6624387, 49.4396889 ], [ 8.6623738, 49.4396637 ], [ 8.6617349, 49.4395384 ], [ 8.6604604, 49.4392855 ], [ 8.6583852, 49.4388725 ], [ 8.6582674, 49.4390387 ], [ 8.6570032, 49.4387578 ], [ 8.6563081, 49.4386057 ], [ 8.65531, 49.4399429 ], [ 8.6533943, 49.4393175 ], [ 8.6490535, 49.4378656 ], [ 8.6488619, 49.4377847 ], [ 8.6489684, 49.4376934 ], [ 8.6482037, 49.4372521 ], [ 8.6472182, 49.4368785 ], [ 8.6465518, 49.4366257 ], [ 8.6461933, 49.4369732 ], [ 8.6460161, 49.4371321 ], [ 8.6457855, 49.4373455 ], [ 8.6454878, 49.4376043 ], [ 8.6451587, 49.4378514 ], [ 8.6447542, 49.4381873 ], [ 8.6441677, 49.4386232 ], [ 8.6437411, 49.4389438 ], [ 8.6431489, 49.4393088 ], [ 8.6426096, 49.4396097 ], [ 8.6425645, 49.4396349 ], [ 8.6422463, 49.4397852 ], [ 8.6412921, 49.4402042 ], [ 8.6403103, 49.4406069 ], [ 8.6393046, 49.4409797 ], [ 8.6382116, 49.4413358 ], [ 8.6371722, 49.4416306 ], [ 8.6360775, 49.4418929 ], [ 8.6349834, 49.4421257 ], [ 8.633858, 49.4423421 ], [ 8.6327018, 49.442524 ], [ 8.6316014, 49.44272 ], [ 8.6304526, 49.4428791 ], [ 8.6293672, 49.4430182 ], [ 8.6287032, 49.4431153 ], [ 8.6282109, 49.4419759 ], [ 8.6280122, 49.4415699 ], [ 8.6273509, 49.4408265 ], [ 8.626819, 49.4402646 ], [ 8.6266156, 49.4400589 ], [ 8.6267426, 49.439998 ], [ 8.6261343, 49.4393941 ], [ 8.62331, 49.4366312 ], [ 8.6230368, 49.4363559 ], [ 8.6229251, 49.4362255 ], [ 8.6228311, 49.4361021 ], [ 8.6227197, 49.4359146 ], [ 8.6226187, 49.43575 ], [ 8.6225212, 49.4355946 ], [ 8.6224063, 49.4354117 ], [ 8.6223086, 49.435279 ], [ 8.6222041, 49.435144 ], [ 8.6213948, 49.4342246 ], [ 8.6211645, 49.4339639 ], [ 8.6210495, 49.4338426 ], [ 8.6209266, 49.4338928 ], [ 8.6194931, 49.4322643 ], [ 8.6162598, 49.4286207 ], [ 8.6159738, 49.4283027 ], [ 8.6153097, 49.4278839 ], [ 8.6099518, 49.4243821 ], [ 8.6097328, 49.4242417 ], [ 8.6054724, 49.4258258 ], [ 8.5998845, 49.4279717 ], [ 8.5983823, 49.4285076 ], [ 8.5984897, 49.4280444 ], [ 8.5982296, 49.4281431 ], [ 8.5932586, 49.4300246 ], [ 8.5929629, 49.4301327 ], [ 8.5907782, 49.4277347 ], [ 8.5904499, 49.4273673 ], [ 8.5900544, 49.4273469 ], [ 8.5897569, 49.4273294 ], [ 8.5894351, 49.4272957 ], [ 8.5884423, 49.4271511 ], [ 8.5877643, 49.4270379 ], [ 8.5872399, 49.4269575 ], [ 8.5870795, 49.426934 ], [ 8.5862321, 49.4268456 ], [ 8.5840787, 49.4265995 ], [ 8.5835079, 49.4265415 ], [ 8.5829195, 49.4265061 ], [ 8.5820231, 49.4264727 ], [ 8.5813792, 49.4264503 ], [ 8.5798332, 49.4261986 ], [ 8.5777913, 49.4252735 ], [ 8.5772884, 49.4250846 ], [ 8.5753853, 49.4243564 ], [ 8.5752902, 49.4244224 ], [ 8.5742426, 49.4240214 ], [ 8.5731788, 49.4236 ] ] ] } },
{ "type": "Feature", "properties": { "bbox_west": 8.2774429, "bbox_south": 48.9404699, "bbox_east": 8.5417299, "bbox_north": 49.0912838, "place_id": 112617976, "osm_type": "relation", "osm_id": 62518, "lat": 49.0068705, "lon": 8.4034195, "class": "boundary", "type": "administrative", "place_rank": 12, "importance": 0.68030028972971557, "addresstype": "city", "name": "Karlsruhe", "display_name": "Karlsruhe, Baden-Württemberg, Germany", "city": "Karlsruhe Germany" }, "geometry": { "type": "Polygon", "coordinates": [ [ [ 8.2774429, 48.9898618 ], [ 8.278356, 48.988612 ], [ 8.2790469, 48.9877681 ], [ 8.2791419, 48.9872341 ], [ 8.2792469, 48.9867195 ], [ 8.2794979, 48.9862082 ], [ 8.2800638, 48.9853273 ], [ 8.2808697, 48.9839495 ], [ 8.2810177, 48.9834886 ], [ 8.2810897, 48.9830616 ], [ 8.2825215, 48.9833966 ], [ 8.2838653, 48.9836865 ], [ 8.2852981, 48.9839885 ], [ 8.2864949, 48.9842855 ], [ 8.2878037, 48.9845984 ], [ 8.2886266, 48.9847814 ], [ 8.2905783, 48.9852014 ], [ 8.2920481, 48.9855024 ], [ 8.2934277, 48.9857901 ], [ 8.2936969, 48.9858463 ], [ 8.2942088, 48.9861283 ], [ 8.2946507, 48.9863423 ], [ 8.2951257, 48.9866352 ], [ 8.2963935, 48.9874212 ], [ 8.2971444, 48.9879861 ], [ 8.2975983, 48.9883291 ], [ 8.2980093, 48.988871 ], [ 8.2982232, 48.9893289 ], [ 8.2984892, 48.9898439 ], [ 8.2988091, 48.9903628 ], [ 8.2992141, 48.9909918 ], [ 8.3005699, 48.9902218 ], [ 8.3020937, 48.9893819 ], [ 8.3037064, 48.988482 ], [ 8.3060261, 48.9871962 ], [ 8.3062691, 48.9870632 ], [ 8.3065751, 48.9868722 ], [ 8.3078889, 48.9860593 ], [ 8.3099896, 48.9848125 ], [ 8.3112544, 48.9840526 ], [ 8.3119963, 48.9840296 ], [ 8.3128472, 48.9840496 ], [ 8.3131711, 48.9840526 ], [ 8.3135861, 48.9840756 ], [ 8.314071, 48.9841026 ], [ 8.314427, 48.9841256 ], [ 8.3149649, 48.9841596 ], [ 8.3160237, 48.9840566 ], [ 8.3163617, 48.9840226 ], [ 8.3171636, 48.9840336 ], [ 8.3176275, 48.9840296 ], [ 8.3191113, 48.9838886 ], [ 8.3200002, 48.9839046 ], [ 8.321223, 48.9840646 ], [ 8.3225918, 48.9840496 ], [ 8.3218639, 48.9856594 ], [ 8.3214859, 48.9866093 ], [ 8.320989, 48.9884471 ], [ 8.3223808, 48.9886691 ], [ 8.3229467, 48.9887561 ], [ 8.3238296, 48.988936 ], [ 8.3250794, 48.989348 ], [ 8.3265332, 48.9898929 ], [ 8.3271071, 48.9902019 ], [ 8.3274711, 48.9904009 ], [ 8.3285099, 48.9910988 ], [ 8.3289818, 48.9914458 ], [ 8.3297847, 48.9919513 ], [ 8.3298953, 48.9918222 ], [ 8.3304041, 48.9908988 ], [ 8.3306304, 48.9902991 ], [ 8.330588, 48.9892505 ], [ 8.3309788, 48.9891111 ], [ 8.3315372, 48.9889025 ], [ 8.332011, 48.9887269 ], [ 8.3326886, 48.9883617 ], [ 8.3331348, 48.9881303 ], [ 8.3338708, 48.9877371 ], [ 8.3342448, 48.9875578 ], [ 8.3344197, 48.9874739 ], [ 8.3345783, 48.9874125 ], [ 8.3356979, 48.9869753 ], [ 8.3362278, 48.9867923 ], [ 8.3361639, 48.9866543 ], [ 8.3377546, 48.9859484 ], [ 8.3376247, 48.9857424 ], [ 8.3401663, 48.9841746 ], [ 8.3428379, 48.9825308 ], [ 8.3429749, 48.9824468 ], [ 8.3430639, 48.9824128 ], [ 8.3455676, 48.9815794 ], [ 8.3461115, 48.9814279 ], [ 8.3462945, 48.9813939 ], [ 8.3463684, 48.9813789 ], [ 8.3465777, 48.9813128 ], [ 8.3468654, 48.981222 ], [ 8.3473483, 48.981097 ], [ 8.3477982, 48.980978 ], [ 8.3491361, 48.980612 ], [ 8.349446, 48.9805361 ], [ 8.3503379, 48.9803531 ], [ 8.3505589, 48.9803071 ], [ 8.3506698, 48.9802721 ], [ 8.3508188, 48.9801921 ], [ 8.3519977, 48.9799861 ], [ 8.3529685, 48.9798181 ], [ 8.3559231, 48.9793032 ], [ 8.3560331, 48.9792732 ], [ 8.3561771, 48.9792352 ], [ 8.3586232, 48.9784047 ], [ 8.3587782, 48.978351 ], [ 8.3588613, 48.9783269 ], [ 8.3630791, 48.9770305 ], [ 8.3641969, 48.9760876 ], [ 8.3643362, 48.9759456 ], [ 8.3648293, 48.9754428 ], [ 8.3655863, 48.975105 ], [ 8.3726348, 48.9713801 ], [ 8.3738106, 48.9714151 ], [ 8.3744195, 48.9731049 ], [ 8.3744095, 48.9734669 ], [ 8.3749184, 48.9743368 ], [ 8.3758723, 48.9748368 ], [ 8.3761163, 48.9751687 ], [ 8.3764562, 48.9755427 ], [ 8.3768028, 48.9758134 ], [ 8.3769371, 48.9757677 ], [ 8.3792318, 48.9746988 ], [ 8.3802087, 48.9742528 ], [ 8.3803647, 48.9744318 ], [ 8.3804757, 48.9743638 ], [ 8.380707, 48.9742296 ], [ 8.3819654, 48.9733679 ], [ 8.3839412, 48.9720481 ], [ 8.3848171, 48.9714452 ], [ 8.384894, 48.9705183 ], [ 8.3848781, 48.9696374 ], [ 8.3846251, 48.9692214 ], [ 8.3839212, 48.9683705 ], [ 8.3840314, 48.9678779 ], [ 8.3834449, 48.9672144 ], [ 8.3862051, 48.9653767 ], [ 8.3873646, 48.9640627 ], [ 8.3884759, 48.9634141 ], [ 8.3902723, 48.9624422 ], [ 8.3896784, 48.9590516 ], [ 8.3895255, 48.9580257 ], [ 8.3894885, 48.9576057 ], [ 8.3898644, 48.9576627 ], [ 8.3901644, 48.9576357 ], [ 8.3903124, 48.9576057 ], [ 8.3915212, 48.9578387 ], [ 8.3924161, 48.9580027 ], [ 8.3955486, 48.9585556 ], [ 8.4010188, 48.9595125 ], [ 8.4018327, 48.9596545 ], [ 8.4031195, 48.9598795 ], [ 8.4046253, 48.9601425 ], [ 8.4054432, 48.9602915 ], [ 8.4056512, 48.9593456 ], [ 8.4057902, 48.9593456 ], [ 8.4059601, 48.9593456 ], [ 8.4061681, 48.9593456 ], [ 8.4062611, 48.9593456 ], [ 8.4063031, 48.9591886 ], [ 8.4065622, 48.9592332 ], [ 8.406704, 48.9592576 ], [ 8.4073439, 48.9593646 ], [ 8.4077189, 48.9595016 ], [ 8.4080748, 48.9596155 ], [ 8.4082118, 48.9596615 ], [ 8.4083948, 48.9597305 ], [ 8.4086587, 48.9598755 ], [ 8.4087487, 48.9599245 ], [ 8.4089817, 48.9603945 ], [ 8.4092737, 48.9607104 ], [ 8.4093916, 48.9609354 ], [ 8.4096796, 48.9609664 ], [ 8.4097706, 48.9609894 ], [ 8.4103055, 48.9611344 ], [ 8.4112074, 48.9613974 ], [ 8.4115283, 48.9614893 ], [ 8.4122612, 48.9616953 ], [ 8.413865, 48.9622253 ], [ 8.4158597, 48.9629502 ], [ 8.4172375, 48.9634761 ], [ 8.4193182, 48.964289 ], [ 8.4194005, 48.9643208 ], [ 8.42065, 48.964804 ], [ 8.4219128, 48.9652919 ], [ 8.4223778, 48.9654639 ], [ 8.4230397, 48.9657229 ], [ 8.4239865, 48.9660859 ], [ 8.4248044, 48.9664028 ], [ 8.4251984, 48.9665278 ], [ 8.4260352, 48.9667948 ], [ 8.4262482, 48.9668828 ], [ 8.4267971, 48.9671457 ], [ 8.427819, 48.9675767 ], [ 8.4298607, 48.9684626 ], [ 8.4309445, 48.9689126 ], [ 8.4314785, 48.9691335 ], [ 8.4324643, 48.9695115 ], [ 8.4335162, 48.9698735 ], [ 8.434704, 48.9704116 ], [ 8.4355379, 48.9707934 ], [ 8.4368547, 48.9712813 ], [ 8.4379931, 48.9718088 ], [ 8.4383923, 48.9716575 ], [ 8.4394657, 48.9712045 ], [ 8.4407151, 48.9706744 ], [ 8.4421131, 48.9699589 ], [ 8.4429008, 48.9693895 ], [ 8.4439527, 48.9687556 ], [ 8.4456399, 48.9677244 ], [ 8.4457894, 48.9676267 ], [ 8.4461741, 48.967418 ], [ 8.4463234, 48.9672878 ], [ 8.4470056, 48.9669231 ], [ 8.4475123, 48.9667471 ], [ 8.448073, 48.9666677 ], [ 8.4481645, 48.9666144 ], [ 8.4482578, 48.9662275 ], [ 8.4486886, 48.9659659 ], [ 8.4490242, 48.9656983 ], [ 8.4492134, 48.9654955 ], [ 8.4495105, 48.965273 ], [ 8.4497327, 48.9650096 ], [ 8.4498915, 48.9648212 ], [ 8.4508248, 48.9643222 ], [ 8.4511421, 48.9639602 ], [ 8.451399, 48.9637531 ], [ 8.4517862, 48.9631015 ], [ 8.4504516, 48.962752 ], [ 8.450021, 48.9626128 ], [ 8.4486911, 48.9618821 ], [ 8.4475228, 48.9610386 ], [ 8.4470832, 48.9605165 ], [ 8.4469954, 48.9602576 ], [ 8.4467915, 48.9594652 ], [ 8.4465852, 48.9594865 ], [ 8.4465374, 48.9591544 ], [ 8.4465963, 48.9585558 ], [ 8.4461691, 48.9576344 ], [ 8.445813, 48.9571799 ], [ 8.4459316, 48.9570536 ], [ 8.4456172, 48.9567617 ], [ 8.4451993, 48.9565427 ], [ 8.4449161, 48.956385 ], [ 8.4446169, 48.9560957 ], [ 8.4445886, 48.9558415 ], [ 8.4445828, 48.9552738 ], [ 8.4443725, 48.9547623 ], [ 8.4441817, 48.9541978 ], [ 8.444036, 48.9537533 ], [ 8.4438825, 48.9535169 ], [ 8.4440047, 48.953304 ], [ 8.4445597, 48.9525527 ], [ 8.4449657, 48.9518455 ], [ 8.4452867, 48.9512294 ], [ 8.445263, 48.9510265 ], [ 8.4452321, 48.9508364 ], [ 8.4451976, 48.9507479 ], [ 8.4451157, 48.9506096 ], [ 8.4447323, 48.9503197 ], [ 8.4444673, 48.9502169 ], [ 8.4440441, 48.9500756 ], [ 8.4436158, 48.9499209 ], [ 8.4430761, 48.9496926 ], [ 8.4415339, 48.9493529 ], [ 8.4406642, 48.9491017 ], [ 8.4402226, 48.9487536 ], [ 8.4403312, 48.9482619 ], [ 8.4403817, 48.9475447 ], [ 8.4400452, 48.9472644 ], [ 8.4396673, 48.9468866 ], [ 8.4392661, 48.9462946 ], [ 8.4392989, 48.9462075 ], [ 8.4397178, 48.9461482 ], [ 8.4401099, 48.9460835 ], [ 8.4405147, 48.946024 ], [ 8.4410793, 48.9459622 ], [ 8.4423298, 48.9459751 ], [ 8.4429784, 48.9459399 ], [ 8.4432215, 48.9458923 ], [ 8.443608, 48.9456982 ], [ 8.4437232, 48.9456481 ], [ 8.4438665, 48.945574 ], [ 8.4452517, 48.9449803 ], [ 8.4469455, 48.9441123 ], [ 8.4470174, 48.9441664 ], [ 8.4470272, 48.9444256 ], [ 8.447279, 48.9445828 ], [ 8.4487436, 48.9448681 ], [ 8.4492478, 48.9449645 ], [ 8.4502211, 48.9451366 ], [ 8.4516337, 48.9454752 ], [ 8.4526523, 48.9456983 ], [ 8.4537043, 48.9459356 ], [ 8.4551676, 48.9464114 ], [ 8.4550135, 48.9457356 ], [ 8.4550238, 48.9448481 ], [ 8.4556058, 48.9448992 ], [ 8.4569094, 48.9448833 ], [ 8.4574753, 48.9448516 ], [ 8.4583748, 48.9448373 ], [ 8.459082, 48.9448481 ], [ 8.4594387, 48.944834 ], [ 8.459786, 48.9447881 ], [ 8.460753, 48.9446807 ], [ 8.4604418, 48.9435832 ], [ 8.4601629, 48.9427253 ], [ 8.459959, 48.9421316 ], [ 8.4606189, 48.9420259 ], [ 8.4607208, 48.9419906 ], [ 8.4607932, 48.941892 ], [ 8.4607878, 48.9416947 ], [ 8.4608844, 48.9413124 ], [ 8.4609917, 48.9408983 ], [ 8.4614504, 48.941256 ], [ 8.4614101, 48.9408896 ], [ 8.4625723, 48.9408264 ], [ 8.4634191, 48.9407891 ], [ 8.4649081, 48.940647 ], [ 8.4655008, 48.9406611 ], [ 8.4657449, 48.9406012 ], [ 8.4663323, 48.9405184 ], [ 8.4674428, 48.9404867 ], [ 8.4674489, 48.9405101 ], [ 8.4674745, 48.9405118 ], [ 8.4686634, 48.9405078 ], [ 8.4704251, 48.9404699 ], [ 8.4726528, 48.940495 ], [ 8.4731727, 48.9405009 ], [ 8.4735216, 48.940526 ], [ 8.4736557, 48.9405295 ], [ 8.4741143, 48.9405348 ], [ 8.4751926, 48.9405418 ], [ 8.4755011, 48.9405595 ], [ 8.4771819, 48.9407752 ], [ 8.4784882, 48.9409549 ], [ 8.4793411, 48.9410676 ], [ 8.4793723, 48.9410226 ], [ 8.4796979, 48.9411003 ], [ 8.4798963, 48.9411381 ], [ 8.4816317, 48.9413689 ], [ 8.4826644, 48.941457 ], [ 8.4864517, 48.9414358 ], [ 8.4867226, 48.9414499 ], [ 8.4876157, 48.9415345 ], [ 8.4875889, 48.9415838 ], [ 8.4885652, 48.9417213 ], [ 8.488989, 48.9417917 ], [ 8.4890695, 48.9417952 ], [ 8.4894034, 48.9408096 ], [ 8.489457, 48.9407655 ], [ 8.4895764, 48.9407567 ], [ 8.489697, 48.9407843 ], [ 8.4904964, 48.941321 ], [ 8.4907807, 48.9411795 ], [ 8.4916337, 48.9415275 ], [ 8.4923525, 48.9417353 ], [ 8.4927418, 48.9418228 ], [ 8.4929493, 48.9418575 ], [ 8.4948014, 48.9420268 ], [ 8.4947959, 48.9420739 ], [ 8.4950897, 48.9421658 ], [ 8.4952748, 48.9422645 ], [ 8.4963262, 48.9423402 ], [ 8.496334, 48.9424868 ], [ 8.49778, 48.9425411 ], [ 8.4979145, 48.9425322 ], [ 8.5003727, 48.9426145 ], [ 8.5037018, 48.9426457 ], [ 8.5068823, 48.9426051 ], [ 8.5092842, 48.9423693 ], [ 8.5094841, 48.9423814 ], [ 8.5101694, 48.9425749 ], [ 8.5108215, 48.9427398 ], [ 8.5113387, 48.9429946 ], [ 8.5118729, 48.943183 ], [ 8.5118046, 48.943293 ], [ 8.512587, 48.9434837 ], [ 8.5128564, 48.9435989 ], [ 8.5130391, 48.9437751 ], [ 8.5131238, 48.9441386 ], [ 8.5133297, 48.9441444 ], [ 8.5133301, 48.9445336 ], [ 8.5134512, 48.9452123 ], [ 8.5135295, 48.945567 ], [ 8.5136302, 48.9457262 ], [ 8.5139297, 48.9458644 ], [ 8.5146074, 48.9463193 ], [ 8.5150818, 48.9471964 ], [ 8.5152055, 48.9474045 ], [ 8.5153499, 48.9474905 ], [ 8.5161448, 48.9478713 ], [ 8.5161112, 48.9479269 ], [ 8.516881, 48.9482281 ], [ 8.5176133, 48.9486508 ], [ 8.5178413, 48.948783 ], [ 8.5183348, 48.9490155 ], [ 8.5187478, 48.9491405 ], [ 8.5200648, 48.9495369 ], [ 8.5201801, 48.9495985 ], [ 8.5205047, 48.9497606 ], [ 8.5210411, 48.9501305 ], [ 8.5215427, 48.9505021 ], [ 8.5225802, 48.9510944 ], [ 8.5230308, 48.9513128 ], [ 8.5236558, 48.9515876 ], [ 8.5238248, 48.9516369 ], [ 8.5239052, 48.9516299 ], [ 8.5239911, 48.9516598 ], [ 8.5245517, 48.9520121 ], [ 8.5249808, 48.9521865 ], [ 8.5254636, 48.9523467 ], [ 8.5255173, 48.9522939 ], [ 8.5264142, 48.9525851 ], [ 8.5274891, 48.9528387 ], [ 8.5292867, 48.9532076 ], [ 8.52979, 48.9532204 ], [ 8.530482, 48.9532503 ], [ 8.5319116, 48.9532274 ], [ 8.5330408, 48.9531059 ], [ 8.536584, 48.9524507 ], [ 8.5367311, 48.952408 ], [ 8.5371798, 48.9530807 ], [ 8.5378302, 48.9541043 ], [ 8.537914, 48.9542622 ], [ 8.5386299, 48.9556397 ], [ 8.5388662, 48.9561416 ], [ 8.5393223, 48.9569662 ], [ 8.5397163, 48.9575471 ], [ 8.5405483, 48.9587072 ], [ 8.5410538, 48.9593282 ], [ 8.5415292, 48.9599046 ], [ 8.5417299, 48.9601038 ], [ 8.5415759, 48.9601648 ], [ 8.5406441, 48.9602148 ], [ 8.5402469, 48.9602368 ], [ 8.5395422, 48.960311 ], [ 8.5391581, 48.9603551 ], [ 8.5377219, 48.9606508 ], [ 8.5366631, 48.9609889 ], [ 8.5365456, 48.9610097 ], [ 8.5362753, 48.9610575 ], [ 8.535896, 48.9611246 ], [ 8.5358562, 48.9611316 ], [ 8.534663, 48.9612413 ], [ 8.5304701, 48.961506 ], [ 8.5298469, 48.9615123 ], [ 8.5287918, 48.9614926 ], [ 8.5272707, 48.9619273 ], [ 8.5257738, 48.9621858 ], [ 8.526235, 48.9631077 ], [ 8.5267141, 48.9640088 ], [ 8.5271321, 48.9649518 ], [ 8.5278241, 48.9659613 ], [ 8.5276422, 48.9660114 ], [ 8.5257456, 48.9662771 ], [ 8.5245075, 48.9664246 ], [ 8.5235808, 48.9665457 ], [ 8.5219187, 48.9668806 ], [ 8.5210281, 48.967057 ], [ 8.5202666, 48.9671413 ], [ 8.5183091, 48.9677356 ], [ 8.5177231, 48.9679181 ], [ 8.5172077, 48.9679574 ], [ 8.5157664, 48.9680571 ], [ 8.515406, 48.9681687 ], [ 8.514954, 48.9683108 ], [ 8.5137828, 48.9684374 ], [ 8.513397, 48.9684341 ], [ 8.512035, 48.9682231 ], [ 8.5114636, 48.968134 ], [ 8.5101243, 48.9680166 ], [ 8.5093123, 48.9679467 ], [ 8.5092294, 48.9688398 ], [ 8.5092264, 48.9690498 ], [ 8.5091944, 48.9701216 ], [ 8.5090945, 48.9708925 ], [ 8.5085995, 48.9708535 ], [ 8.5084036, 48.9711785 ], [ 8.5084005, 48.9718384 ], [ 8.5089365, 48.9719604 ], [ 8.5087405, 48.9723604 ], [ 8.5082616, 48.9732803 ], [ 8.5082646, 48.9737572 ], [ 8.5077766, 48.9740892 ], [ 8.5073437, 48.9741882 ], [ 8.5069927, 48.9744931 ], [ 8.5069257, 48.9749971 ], [ 8.5057009, 48.975508 ], [ 8.506193, 48.9764457 ], [ 8.5064618, 48.9769579 ], [ 8.5065128, 48.9770528 ], [ 8.5071657, 48.9770948 ], [ 8.5073667, 48.9772018 ], [ 8.5077966, 48.9787807 ], [ 8.5080412, 48.9799923 ], [ 8.5080742, 48.9804611 ], [ 8.5088527, 48.9811195 ], [ 8.5098056, 48.981884 ], [ 8.5104471, 48.9824199 ], [ 8.5088384, 48.9826642 ], [ 8.5064777, 48.9831372 ], [ 8.5052311, 48.9833711 ], [ 8.504538, 48.9847316 ], [ 8.5041046, 48.985541 ], [ 8.5030718, 48.9864033 ], [ 8.5029726, 48.9865936 ], [ 8.5025003, 48.9881116 ], [ 8.5021423, 48.9889315 ], [ 8.5025453, 48.9892405 ], [ 8.5018694, 48.9902294 ], [ 8.5015949, 48.9906975 ], [ 8.5003235, 48.9920034 ], [ 8.5000821, 48.9924927 ], [ 8.500033, 48.9929958 ], [ 8.5000278, 48.9936052 ], [ 8.5013802, 48.9944286 ], [ 8.5027452, 48.9949503 ], [ 8.5027847, 48.9952343 ], [ 8.5025692, 48.9958331 ], [ 8.5025046, 48.9963015 ], [ 8.5047321, 48.9970089 ], [ 8.5062496, 48.9975291 ], [ 8.5062054, 48.9976186 ], [ 8.5076915, 48.9981009 ], [ 8.5078563, 48.9982461 ], [ 8.508733, 48.9984211 ], [ 8.5090426, 48.9980047 ], [ 8.511062, 48.9985644 ], [ 8.5112534, 48.9986797 ], [ 8.5114251, 48.9988883 ], [ 8.5119374, 48.9997339 ], [ 8.5121025, 49.0000358 ], [ 8.5121992, 49.000199 ], [ 8.5126156, 49.0004778 ], [ 8.5126948, 49.0005592 ], [ 8.5127408, 49.0006242 ], [ 8.512991, 49.0009141 ], [ 8.5131363, 49.0013807 ], [ 8.5130875, 49.0017758 ], [ 8.5127742, 49.0023716 ], [ 8.5126304, 49.003173 ], [ 8.5126887, 49.0035499 ], [ 8.5131337, 49.004299 ], [ 8.5131656, 49.0048824 ], [ 8.5131964, 49.005246 ], [ 8.5132741, 49.0058904 ], [ 8.5138359, 49.0059281 ], [ 8.5138541, 49.0059704 ], [ 8.5138908, 49.0062114 ], [ 8.5139887, 49.006816 ], [ 8.5140181, 49.0072946 ], [ 8.5141313, 49.007838 ], [ 8.5141714, 49.0078961 ], [ 8.5136392, 49.0078635 ], [ 8.5136881, 49.0079608 ], [ 8.5137316, 49.0080474 ], [ 8.5137476, 49.0081354 ], [ 8.5138126, 49.0084024 ], [ 8.5138306, 49.0084743 ], [ 8.5138405, 49.0088633 ], [ 8.513832, 49.0091218 ], [ 8.5138219, 49.0098471 ], [ 8.5138603, 49.0102725 ], [ 8.5141668, 49.0102667 ], [ 8.5142981, 49.010755 ], [ 8.514447, 49.0107894 ], [ 8.5148586, 49.0108297 ], [ 8.5145494, 49.011385 ], [ 8.5165311, 49.0118893 ], [ 8.517547, 49.0121479 ], [ 8.5186208, 49.0124189 ], [ 8.5187718, 49.0124569 ], [ 8.5189008, 49.0125259 ], [ 8.5189928, 49.0125719 ], [ 8.5191698, 49.0126979 ], [ 8.5192828, 49.0127739 ], [ 8.5198677, 49.0132808 ], [ 8.5205486, 49.0138688 ], [ 8.5206086, 49.0139298 ], [ 8.5207685, 49.0140937 ], [ 8.5210133, 49.0143331 ], [ 8.5211821, 49.0148306 ], [ 8.520845, 49.0149551 ], [ 8.5211752, 49.0152074 ], [ 8.5212258, 49.0153829 ], [ 8.5212374, 49.0154441 ], [ 8.52126, 49.0154992 ], [ 8.5212864, 49.0157076 ], [ 8.5214274, 49.0159975 ], [ 8.5215217, 49.0164635 ], [ 8.5215743, 49.0169922 ], [ 8.5217127, 49.0174999 ], [ 8.5218849, 49.0175099 ], [ 8.5218919, 49.0177211 ], [ 8.5219043, 49.0179563 ], [ 8.5219149, 49.0184329 ], [ 8.5218314, 49.0187729 ], [ 8.5220289, 49.0192102 ], [ 8.5218413, 49.0196291 ], [ 8.5217604, 49.0198421 ], [ 8.5217113, 49.0202003 ], [ 8.5216812, 49.0206116 ], [ 8.52169, 49.0207466 ], [ 8.5217572, 49.0213956 ], [ 8.5217735, 49.0217806 ], [ 8.5221516, 49.0223426 ], [ 8.5225826, 49.0229384 ], [ 8.5222983, 49.0229323 ], [ 8.522441, 49.0240994 ], [ 8.5223336, 49.0250269 ], [ 8.5207792, 49.025994 ], [ 8.5203066, 49.0267149 ], [ 8.5200291, 49.0271412 ], [ 8.5202066, 49.0272947 ], [ 8.5193798, 49.0279458 ], [ 8.5194567, 49.0282935 ], [ 8.5203205, 49.0288751 ], [ 8.5204839, 49.0292246 ], [ 8.5203428, 49.0302584 ], [ 8.5198637, 49.0310761 ], [ 8.5170171, 49.0317774 ], [ 8.5169703, 49.031716 ], [ 8.5165794, 49.0317496 ], [ 8.5164953, 49.0319362 ], [ 8.5159084, 49.0323629 ], [ 8.5155272, 49.0326106 ], [ 8.514663, 49.0331805 ], [ 8.5143412, 49.0333496 ], [ 8.5139565, 49.0335429 ], [ 8.5136652, 49.0341557 ], [ 8.5129782, 49.0343549 ], [ 8.5120522, 49.0346208 ], [ 8.511255, 49.0349579 ], [ 8.5111219, 49.0350209 ], [ 8.5106738, 49.0352733 ], [ 8.5103519, 49.0355053 ], [ 8.509729, 49.0361122 ], [ 8.5096, 49.0362992 ], [ 8.5092389, 49.0367081 ], [ 8.5091179, 49.0370015 ], [ 8.5087681, 49.0375918 ], [ 8.5084248, 49.0381825 ], [ 8.5078026, 49.0395344 ], [ 8.5075519, 49.0400504 ], [ 8.5070405, 49.0406026 ], [ 8.5066181, 49.0420597 ], [ 8.506396, 49.0421734 ], [ 8.5062464, 49.0420368 ], [ 8.5051387, 49.0423995 ], [ 8.5052826, 49.0425276 ], [ 8.5049816, 49.0426395 ], [ 8.5043397, 49.0428525 ], [ 8.5037888, 49.0430584 ], [ 8.5029599, 49.0433864 ], [ 8.50215, 49.0437264 ], [ 8.5010621, 49.0441913 ], [ 8.5007842, 49.0443443 ], [ 8.5001523, 49.0447142 ], [ 8.4998523, 49.0449472 ], [ 8.4992884, 49.0454582 ], [ 8.4987745, 49.0460681 ], [ 8.4982855, 49.046519 ], [ 8.4977426, 49.046938 ], [ 8.4971577, 49.047057 ], [ 8.4966767, 49.0473119 ], [ 8.4956009, 49.0479109 ], [ 8.4943261, 49.0485438 ], [ 8.4937242, 49.0490787 ], [ 8.4933262, 49.0494707 ], [ 8.4924553, 49.0503826 ], [ 8.4918199, 49.0508277 ], [ 8.4915876, 49.0510149 ], [ 8.4912522, 49.0512528 ], [ 8.4911542, 49.0513136 ], [ 8.4909553, 49.0516461 ], [ 8.4907196, 49.0520384 ], [ 8.4904996, 49.0525453 ], [ 8.4903366, 49.0529843 ], [ 8.4902226, 49.0530993 ], [ 8.4898987, 49.0535112 ], [ 8.4895997, 49.0541822 ], [ 8.4884119, 49.055289 ], [ 8.487733, 49.055941 ], [ 8.4874824, 49.0563069 ], [ 8.4873173, 49.0566844 ], [ 8.4872795, 49.056921 ], [ 8.4871248, 49.0572494 ], [ 8.486986, 49.0573817 ], [ 8.4868311, 49.0575901 ], [ 8.4867727, 49.0576926 ], [ 8.4864279, 49.0580765 ], [ 8.4857522, 49.0583517 ], [ 8.4856092, 49.0584087 ], [ 8.4849243, 49.0586916 ], [ 8.4846594, 49.0589396 ], [ 8.4843364, 49.0597175 ], [ 8.4833296, 49.060759 ], [ 8.482917, 49.0611125 ], [ 8.4827276, 49.0612104 ], [ 8.4825305, 49.0612934 ], [ 8.4823769, 49.0612666 ], [ 8.4821577, 49.0611585 ], [ 8.4816421, 49.0609415 ], [ 8.4811025, 49.0606948 ], [ 8.480746, 49.0605384 ], [ 8.4799989, 49.0603803 ], [ 8.4794488, 49.0602706 ], [ 8.4791928, 49.0601719 ], [ 8.4786302, 49.0600581 ], [ 8.4775667, 49.0598364 ], [ 8.4790724, 49.0589166 ], [ 8.4799094, 49.0587789 ], [ 8.4801888, 49.0586358 ], [ 8.4805458, 49.0582509 ], [ 8.4806484, 49.0580802 ], [ 8.4807096, 49.0577796 ], [ 8.4805781, 49.0576263 ], [ 8.4804276, 49.0574243 ], [ 8.4802638, 49.0570492 ], [ 8.4802887, 49.0565986 ], [ 8.4803811, 49.0558581 ], [ 8.4804163, 49.055493 ], [ 8.4804532, 49.0552966 ], [ 8.4803685, 49.0551761 ], [ 8.4801942, 49.0549673 ], [ 8.4799879, 49.0547244 ], [ 8.4811253, 49.0542931 ], [ 8.4806466, 49.05349 ], [ 8.4803194, 49.0529968 ], [ 8.4801661, 49.0527633 ], [ 8.4788655, 49.0506572 ], [ 8.478416, 49.0498173 ], [ 8.4782331, 49.0494102 ], [ 8.4781201, 49.0489236 ], [ 8.4781124, 49.048849 ], [ 8.4781002, 49.0485393 ], [ 8.4779796, 49.0479709 ], [ 8.4779774, 49.047765 ], [ 8.4780304, 49.0474771 ], [ 8.478056, 49.0472307 ], [ 8.4780874, 49.0470193 ], [ 8.4780018, 49.0466267 ], [ 8.4778863, 49.0462892 ], [ 8.4777301, 49.045852 ], [ 8.4775349, 49.0453085 ], [ 8.477454, 49.0450012 ], [ 8.4771165, 49.0436771 ], [ 8.4757087, 49.0442683 ], [ 8.4755157, 49.0438995 ], [ 8.4753976, 49.0433528 ], [ 8.475426, 49.0432327 ], [ 8.4754728, 49.0429818 ], [ 8.4754789, 49.0427238 ], [ 8.4755367, 49.0424891 ], [ 8.4754572, 49.0417708 ], [ 8.4749059, 49.0417069 ], [ 8.474271, 49.0419948 ], [ 8.473127, 49.0403062 ], [ 8.4728556, 49.0400071 ], [ 8.4726567, 49.0398388 ], [ 8.4723341, 49.0396331 ], [ 8.4719808, 49.0394918 ], [ 8.4717806, 49.0393811 ], [ 8.4717798, 49.0393273 ], [ 8.4715986, 49.0393695 ], [ 8.4711805, 49.0394293 ], [ 8.4708881, 49.0395296 ], [ 8.4705985, 49.0397054 ], [ 8.4704775, 49.0398547 ], [ 8.4703655, 49.0399807 ], [ 8.469948, 49.0404684 ], [ 8.4696558, 49.0408266 ], [ 8.4695414, 49.0412931 ], [ 8.4695298, 49.0415026 ], [ 8.4696101, 49.0417792 ], [ 8.4697226, 49.0421175 ], [ 8.4698925, 49.0425528 ], [ 8.4696632, 49.042608 ], [ 8.4700324, 49.0433382 ], [ 8.4697751, 49.0436126 ], [ 8.4696931, 49.0436637 ], [ 8.4695562, 49.0434935 ], [ 8.4693843, 49.0433462 ], [ 8.4690598, 49.0431008 ], [ 8.4688771, 49.0430181 ], [ 8.4681366, 49.0428513 ], [ 8.4679008, 49.0432493 ], [ 8.4674971, 49.0429863 ], [ 8.4663845, 49.0431398 ], [ 8.4666003, 49.0435976 ], [ 8.466529, 49.0438523 ], [ 8.4664845, 49.044232 ], [ 8.4661576, 49.0443377 ], [ 8.4661812, 49.0453447 ], [ 8.4637395, 49.0457188 ], [ 8.4637341, 49.0456351 ], [ 8.4637222, 49.0454494 ], [ 8.4636547, 49.0446495 ], [ 8.4613056, 49.044969 ], [ 8.4609734, 49.0450159 ], [ 8.4609701, 49.0449335 ], [ 8.460859, 49.0449447 ], [ 8.4608448, 49.0445444 ], [ 8.460835, 49.0443076 ], [ 8.4608227, 49.0439314 ], [ 8.4605494, 49.0439682 ], [ 8.458972, 49.0448164 ], [ 8.4587035, 49.044956 ], [ 8.4584344, 49.0451 ], [ 8.4564232, 49.0461798 ], [ 8.4549847, 49.0469423 ], [ 8.4548921, 49.0469927 ], [ 8.4547532, 49.0470721 ], [ 8.4543994, 49.0472744 ], [ 8.4538381, 49.047578 ], [ 8.45285, 49.0482507 ], [ 8.4511832, 49.0491776 ], [ 8.4509342, 49.0493226 ], [ 8.4506433, 49.0494906 ], [ 8.4504633, 49.0495936 ], [ 8.4494564, 49.0501695 ], [ 8.4493284, 49.0502645 ], [ 8.4491745, 49.0503795 ], [ 8.4484066, 49.0510084 ], [ 8.447225, 49.0522885 ], [ 8.4463608, 49.0531452 ], [ 8.4453934, 49.0540913 ], [ 8.4447081, 49.05464 ], [ 8.4446061, 49.054732 ], [ 8.4425324, 49.05626 ], [ 8.4421765, 49.0560179 ], [ 8.4414757, 49.0565437 ], [ 8.4410086, 49.0569981 ], [ 8.4401491, 49.0578936 ], [ 8.4393234, 49.0587476 ], [ 8.4386843, 49.0595272 ], [ 8.4385019, 49.0597404 ], [ 8.4380064, 49.0603198 ], [ 8.4377894, 49.0606389 ], [ 8.4375906, 49.0609499 ], [ 8.4373179, 49.0613804 ], [ 8.4367807, 49.062283 ], [ 8.4364226, 49.0627691 ], [ 8.4360618, 49.0633279 ], [ 8.4355308, 49.0638692 ], [ 8.435229, 49.0641518 ], [ 8.4347605, 49.0646054 ], [ 8.4341096, 49.0652209 ], [ 8.4329077, 49.0663124 ], [ 8.4314091, 49.0676996 ], [ 8.4306673, 49.0683714 ], [ 8.4280586, 49.0706605 ], [ 8.428277, 49.0712241 ], [ 8.4295409, 49.0742608 ], [ 8.4308471, 49.0774244 ], [ 8.4319886, 49.0802526 ], [ 8.4323514, 49.0811347 ], [ 8.4330419, 49.0827866 ], [ 8.4341228, 49.0853981 ], [ 8.4344246, 49.0861357 ], [ 8.4357489, 49.0893273 ], [ 8.436304, 49.0906686 ], [ 8.4365573, 49.0912638 ], [ 8.4363837, 49.0912838 ], [ 8.436164, 49.091271 ], [ 8.4352505, 49.0910884 ], [ 8.4349144, 49.0910098 ], [ 8.4343724, 49.0908955 ], [ 8.433064, 49.0906134 ], [ 8.4318857, 49.0903647 ], [ 8.4315059, 49.090292 ], [ 8.4311462, 49.0902199 ], [ 8.4291873, 49.0903121 ], [ 8.4287385, 49.0903281 ], [ 8.4280892, 49.0903486 ], [ 8.4272612, 49.0903831 ], [ 8.4268774, 49.0904139 ], [ 8.4266994, 49.0904219 ], [ 8.4265137, 49.0904357 ], [ 8.4260295, 49.0904599 ], [ 8.4250946, 49.0905139 ], [ 8.4237828, 49.0906199 ], [ 8.4234694, 49.0906362 ], [ 8.4233559, 49.0904725 ], [ 8.4222546, 49.0888866 ], [ 8.4201898, 49.0858902 ], [ 8.419122, 49.084258 ], [ 8.4182758, 49.0829771 ], [ 8.4178009, 49.0827462 ], [ 8.4173923, 49.0826091 ], [ 8.415961, 49.0824108 ], [ 8.4139693, 49.0819498 ], [ 8.4114356, 49.0813619 ], [ 8.4115022, 49.0812092 ], [ 8.411437, 49.0806237 ], [ 8.4114006, 49.0802935 ], [ 8.4112097, 49.0787952 ], [ 8.4111007, 49.0774403 ], [ 8.4109389, 49.0756233 ], [ 8.4108628, 49.0747736 ], [ 8.4106738, 49.0728439 ], [ 8.4107378, 49.0728099 ], [ 8.4113847, 49.0726069 ], [ 8.4133294, 49.071993 ], [ 8.4148172, 49.07152 ], [ 8.416309, 49.0710471 ], [ 8.4164506, 49.0709644 ], [ 8.4161529, 49.0705831 ], [ 8.413681, 49.0673856 ], [ 8.41338, 49.0670419 ], [ 8.4131708, 49.0667871 ], [ 8.4128955, 49.0663634 ], [ 8.4110154, 49.0643046 ], [ 8.4099102, 49.0630816 ], [ 8.409501, 49.0633144 ], [ 8.4092439, 49.0634482 ], [ 8.4083059, 49.0638977 ], [ 8.4072604, 49.0643387 ], [ 8.4065432, 49.0645814 ], [ 8.4058595, 49.0648997 ], [ 8.4053696, 49.0651774 ], [ 8.404852, 49.065531 ], [ 8.4043568, 49.0659048 ], [ 8.4038921, 49.0661743 ], [ 8.4035124, 49.0663655 ], [ 8.4027578, 49.0666634 ], [ 8.402238, 49.0662878 ], [ 8.4012342, 49.0666185 ], [ 8.4008552, 49.0667438 ], [ 8.4004766, 49.0668844 ], [ 8.3991818, 49.0673554 ], [ 8.3983734, 49.0676531 ], [ 8.3979198, 49.0677952 ], [ 8.3970318, 49.0680783 ], [ 8.3951589, 49.068652 ], [ 8.3948018, 49.0687574 ], [ 8.3946576, 49.0680784 ], [ 8.394068, 49.0681023 ], [ 8.3939937, 49.0688311 ], [ 8.393723, 49.0688392 ], [ 8.3935262, 49.0688459 ], [ 8.3874971, 49.0690142 ], [ 8.374295, 49.0693382 ], [ 8.3735991, 49.0680073 ], [ 8.3733741, 49.0679873 ], [ 8.3732651, 49.0679803 ], [ 8.3730322, 49.0680183 ], [ 8.3704035, 49.0691052 ], [ 8.3695846, 49.0696321 ], [ 8.3680079, 49.0699941 ], [ 8.36679, 49.070177 ], [ 8.3656312, 49.070288 ], [ 8.3650623, 49.070299 ], [ 8.3638325, 49.070208 ], [ 8.3632835, 49.070128 ], [ 8.3625656, 49.0699751 ], [ 8.3622287, 49.0699031 ], [ 8.3617917, 49.0698991 ], [ 8.3610619, 49.0700896 ], [ 8.360323, 49.070292 ], [ 8.360052, 49.070525 ], [ 8.3595321, 49.070776 ], [ 8.3579483, 49.0711079 ], [ 8.3575163, 49.0710509 ], [ 8.3554016, 49.0709859 ], [ 8.3557306, 49.07062 ], [ 8.3562905, 49.070036 ], [ 8.3566225, 49.0696281 ], [ 8.3568834, 49.0691361 ], [ 8.3569504, 49.0687392 ], [ 8.3569584, 49.0684682 ], [ 8.3569314, 49.0680373 ], [ 8.3568105, 49.0675453 ], [ 8.3563355, 49.0667974 ], [ 8.3556896, 49.0662175 ], [ 8.3546978, 49.0655885 ], [ 8.3538609, 49.0652066 ], [ 8.352917, 49.0648746 ], [ 8.3518432, 49.0646266 ], [ 8.3508843, 49.0645276 ], [ 8.3495335, 49.0644856 ], [ 8.3484767, 49.0645236 ], [ 8.3475218, 49.0646916 ], [ 8.3471189, 49.0648256 ], [ 8.3470389, 49.0648516 ], [ 8.3467869, 49.0649286 ], [ 8.3464996, 49.0650216 ], [ 8.3463271, 49.0652816 ], [ 8.3462108, 49.0654531 ], [ 8.3461346, 49.0656645 ], [ 8.345075, 49.0660349 ], [ 8.3450573, 49.0661633 ], [ 8.3450487, 49.0664467 ], [ 8.3451708, 49.0667473 ], [ 8.3455261, 49.0673424 ], [ 8.3458209, 49.0676295 ], [ 8.3463779, 49.0682512 ], [ 8.3468239, 49.0687282 ], [ 8.3470468, 49.0690561 ], [ 8.3471798, 49.0692011 ], [ 8.3474738, 49.069735 ], [ 8.3475668, 49.070109 ], [ 8.3475928, 49.070456 ], [ 8.3475528, 49.0706429 ], [ 8.3473148, 49.0710929 ], [ 8.3464949, 49.0720508 ], [ 8.3452161, 49.0733736 ], [ 8.3430454, 49.0754534 ], [ 8.3425764, 49.0760943 ], [ 8.3423565, 49.0764643 ], [ 8.3420985, 49.0769022 ], [ 8.3414976, 49.0779751 ], [ 8.3414026, 49.0782721 ], [ 8.3411356, 49.079092 ], [ 8.3406849, 49.0804907 ], [ 8.338517, 49.07876 ], [ 8.3337897, 49.0755524 ], [ 8.3324359, 49.0746065 ], [ 8.3296563, 49.0725887 ], [ 8.3286894, 49.0718068 ], [ 8.3262518, 49.069785 ], [ 8.3222344, 49.0663514 ], [ 8.3209556, 49.0651685 ], [ 8.3193738, 49.0635627 ], [ 8.317859, 49.0619568 ], [ 8.3163233, 49.0598891 ], [ 8.3151434, 49.0583172 ], [ 8.3138476, 49.0567574 ], [ 8.311236, 49.0533888 ], [ 8.3103372, 49.0520159 ], [ 8.3060818, 49.0443098 ], [ 8.3052039, 49.04246 ], [ 8.304854, 49.0416201 ], [ 8.3044381, 49.0402163 ], [ 8.3033972, 49.0370886 ], [ 8.3033495, 49.0369483 ], [ 8.3032922, 49.0367796 ], [ 8.3031363, 49.0362607 ], [ 8.3030713, 49.0360397 ], [ 8.3027043, 49.0349258 ], [ 8.3024894, 49.0342849 ], [ 8.3022374, 49.033064 ], [ 8.3020184, 49.0318782 ], [ 8.3019035, 49.0312443 ], [ 8.3017075, 49.0300014 ], [ 8.3014345, 49.0283306 ], [ 8.3010356, 49.0260218 ], [ 8.3006397, 49.0236911 ], [ 8.3000678, 49.0213684 ], [ 8.2999998, 49.0210894 ], [ 8.2999678, 49.0209644 ], [ 8.2994679, 49.0193996 ], [ 8.2994362, 49.0193003 ], [ 8.298835, 49.0174198 ], [ 8.2987797, 49.0172094 ], [ 8.2979351, 49.0150891 ], [ 8.2975642, 49.0142231 ], [ 8.2974883, 49.0140485 ], [ 8.2973372, 49.0137012 ], [ 8.2967473, 49.0123814 ], [ 8.2963604, 49.0115454 ], [ 8.2958604, 49.0105956 ], [ 8.2953765, 49.0096917 ], [ 8.2952015, 49.0093637 ], [ 8.2948996, 49.0088337 ], [ 8.2940777, 49.0074219 ], [ 8.2935368, 49.006579 ], [ 8.2931933, 49.0059085 ], [ 8.2916379, 49.0035574 ], [ 8.2906959, 49.0023239 ], [ 8.2890872, 49.0001659 ], [ 8.2881195, 48.9989525 ], [ 8.2876592, 48.9983804 ], [ 8.2861797, 48.9967795 ], [ 8.2839882, 48.9947413 ], [ 8.2829014, 48.9938454 ], [ 8.2815906, 48.9928225 ], [ 8.2797578, 48.9914917 ], [ 8.2774429, 48.9898618 ] ] ] } },
{ "type": "Feature", "properties": { "bbox_west": 19.7922355, "bbox_south": 49.9676668, "bbox_east": 20.2173455, "bbox_north": 50.1261338, "place_id": 167391380, "osm_type": "relation", "osm_id": 2768921, "lat": 50.0469432, "lon": 19.9971534, "class": "boundary", "type": "administrative", "place_rank": 14, "importance": 0.74435783723532423, "addresstype": "administrative", "name": "Krakow", "display_name": "Krakow, Lesser Poland Voivodeship, Poland", "city": "Kraków Poland" }, "geometry": { "type": "Polygon", "coordinates": [ [ [ 19.7922355, 50.011797 ], [ 19.7923785, 50.0110354 ], [ 19.7927128, 50.0102349 ], [ 19.7930247, 50.0096241 ], [ 19.7936089, 50.0086068 ], [ 19.7937978, 50.0082797 ], [ 19.7943382, 50.0072117 ], [ 19.7946374, 50.0062161 ], [ 19.7946877, 50.0060496 ], [ 19.7947394, 50.0056837 ], [ 19.7948491, 50.0048508 ], [ 19.7952237, 50.0032388 ], [ 19.7951771, 50.0027712 ], [ 19.7954508, 50.0021169 ], [ 19.7957414, 50.0007648 ], [ 19.7961741, 49.9993573 ], [ 19.7963763, 49.9982317 ], [ 19.7966312, 49.9973688 ], [ 19.7963871, 49.9965839 ], [ 19.7963595, 49.9965181 ], [ 19.7961802, 49.9960949 ], [ 19.7960591, 49.9958085 ], [ 19.7959591, 49.9956764 ], [ 19.795856, 49.995539 ], [ 19.7956655, 49.9952854 ], [ 19.7961725, 49.9951365 ], [ 19.796227, 49.9948993 ], [ 19.7962304, 49.9948776 ], [ 19.7963481, 49.9946581 ], [ 19.796474, 49.9945366 ], [ 19.7966412, 49.9946089 ], [ 19.7970882, 49.9947869 ], [ 19.797529, 49.9949711 ], [ 19.7978465, 49.9950632 ], [ 19.7979768, 49.9951466 ], [ 19.7983182, 49.9953214 ], [ 19.7982156, 49.995366 ], [ 19.7983427, 49.9955142 ], [ 19.7984363, 49.9956415 ], [ 19.7987405, 49.99584 ], [ 19.7987104, 49.9958754 ], [ 19.7987503, 49.995922 ], [ 19.7987871, 49.9959671 ], [ 19.7988649, 49.9959743 ], [ 19.7989484, 49.9959747 ], [ 19.7991224, 49.9959382 ], [ 19.7993316, 49.9958014 ], [ 19.7994488, 49.9957835 ], [ 19.7997119, 49.9957893 ], [ 19.7998422, 49.9957706 ], [ 19.800006, 49.9957834 ], [ 19.800228, 49.9957366 ], [ 19.8005772, 49.9955868 ], [ 19.8006882, 49.9955196 ], [ 19.800776, 49.995484 ], [ 19.8008044, 49.9954248 ], [ 19.8007502, 49.9953702 ], [ 19.8006602, 49.9953174 ], [ 19.8008527, 49.9951096 ], [ 19.8009049, 49.9950842 ], [ 19.8009454, 49.9950572 ], [ 19.8009499, 49.9950146 ], [ 19.8009421, 49.9949603 ], [ 19.8009084, 49.9949149 ], [ 19.8008604, 49.9948732 ], [ 19.8007496, 49.9948295 ], [ 19.8006098, 49.9948146 ], [ 19.8006958, 49.9947307 ], [ 19.8007346, 49.9946621 ], [ 19.8007294, 49.9946031 ], [ 19.8007001, 49.9945565 ], [ 19.8007274, 49.9944023 ], [ 19.8009271, 49.9942001 ], [ 19.8009301, 49.9941709 ], [ 19.8008887, 49.9939901 ], [ 19.8011039, 49.9939431 ], [ 19.801243, 49.9939846 ], [ 19.8013641, 49.9939082 ], [ 19.8015185, 49.9937534 ], [ 19.8016667, 49.9935393 ], [ 19.8017101, 49.9934322 ], [ 19.8018456, 49.9933932 ], [ 19.8020356, 49.9933629 ], [ 19.8022334, 49.9933732 ], [ 19.802333, 49.9934209 ], [ 19.8024338, 49.9936365 ], [ 19.8025224, 49.9938703 ], [ 19.8025769, 49.9939617 ], [ 19.8026388, 49.9940311 ], [ 19.8027699, 49.9941184 ], [ 19.8030459, 49.9941872 ], [ 19.8032506, 49.9942233 ], [ 19.8036282, 49.994303 ], [ 19.8037106, 49.9943059 ], [ 19.8037803, 49.9943051 ], [ 19.8038601, 49.9943275 ], [ 19.8039255, 49.9942793 ], [ 19.8039566, 49.9942455 ], [ 19.8039735, 49.9941945 ], [ 19.8039592, 49.9941303 ], [ 19.8039363, 49.9940599 ], [ 19.8038681, 49.9939732 ], [ 19.8037761, 49.9938889 ], [ 19.8035343, 49.9935726 ], [ 19.8035137, 49.9935252 ], [ 19.8034865, 49.9933443 ], [ 19.8034808, 49.9932558 ], [ 19.8034877, 49.9931737 ], [ 19.8036124, 49.9929625 ], [ 19.8046146, 49.9929996 ], [ 19.8056199, 49.9930435 ], [ 19.805864, 49.9930319 ], [ 19.8059868, 49.9930259 ], [ 19.8064204, 49.9929348 ], [ 19.8067176, 49.9928398 ], [ 19.8074166, 49.9925759 ], [ 19.8076968, 49.9925347 ], [ 19.8080693, 49.9924593 ], [ 19.8082599, 49.9924186 ], [ 19.8084165, 49.9923868 ], [ 19.808712, 49.9923186 ], [ 19.8090498, 49.9922597 ], [ 19.8093078, 49.992211 ], [ 19.8095351, 49.9921683 ], [ 19.8095384, 49.9922678 ], [ 19.8095461, 49.9923242 ], [ 19.8095953, 49.9926059 ], [ 19.8095997, 49.9927193 ], [ 19.8095895, 49.9928237 ], [ 19.8095568, 49.9929213 ], [ 19.8096846, 49.9930282 ], [ 19.8098261, 49.9931223 ], [ 19.8098899, 49.9930652 ], [ 19.810104, 49.992967 ], [ 19.8102316, 49.9929451 ], [ 19.810292, 49.9929515 ], [ 19.8103529, 49.9929558 ], [ 19.8104292, 49.9930105 ], [ 19.8104833, 49.9930754 ], [ 19.8104911, 49.9931314 ], [ 19.8104843, 49.9932167 ], [ 19.810505, 49.9933089 ], [ 19.8105794, 49.9933726 ], [ 19.8106659, 49.9934297 ], [ 19.8107504, 49.99349 ], [ 19.8109465, 49.9935566 ], [ 19.8110904, 49.9936226 ], [ 19.8112295, 49.9937156 ], [ 19.8112788, 49.9937972 ], [ 19.8112774, 49.9939124 ], [ 19.8113643, 49.9940292 ], [ 19.8112047, 49.9941471 ], [ 19.8110421, 49.9942637 ], [ 19.8109878, 49.9943543 ], [ 19.8110141, 49.9944364 ], [ 19.8111279, 49.9944302 ], [ 19.8113735, 49.9943914 ], [ 19.8116101, 49.994358 ], [ 19.8117247, 49.9944021 ], [ 19.8118115, 49.9944522 ], [ 19.8119581, 49.9945607 ], [ 19.8121198, 49.9946685 ], [ 19.8121697, 49.9946957 ], [ 19.8122588, 49.9947039 ], [ 19.8123642, 49.9947083 ], [ 19.8125744, 49.9947713 ], [ 19.8126567, 49.9947767 ], [ 19.8127804, 49.9947677 ], [ 19.8130589, 49.9947408 ], [ 19.8130346, 49.9945365 ], [ 19.8135309, 49.9944216 ], [ 19.8140248, 49.9943157 ], [ 19.8141532, 49.9943314 ], [ 19.8142986, 49.9943406 ], [ 19.8147548, 49.9944066 ], [ 19.8146332, 49.9946543 ], [ 19.814589, 49.9947304 ], [ 19.8144509, 49.9948955 ], [ 19.8142279, 49.9950082 ], [ 19.8142121, 49.9951248 ], [ 19.8142539, 49.9952512 ], [ 19.8143051, 49.9952972 ], [ 19.8144108, 49.9953494 ], [ 19.8145712, 49.9954108 ], [ 19.814667, 49.9954515 ], [ 19.8148353, 49.9955526 ], [ 19.8150614, 49.9957417 ], [ 19.8151575, 49.9958148 ], [ 19.8153009, 49.995845 ], [ 19.8154838, 49.9958586 ], [ 19.8156791, 49.9958905 ], [ 19.8158552, 49.9959264 ], [ 19.8160565, 49.9959448 ], [ 19.8163431, 49.9960117 ], [ 19.8165617, 49.9960918 ], [ 19.8171228, 49.9962127 ], [ 19.8178637, 49.9964053 ], [ 19.8181028, 49.9964744 ], [ 19.8183329, 49.9964515 ], [ 19.8183441, 49.9965254 ], [ 19.8183521, 49.9965459 ], [ 19.8183324, 49.9965615 ], [ 19.8183292, 49.9965767 ], [ 19.81838, 49.9966183 ], [ 19.8184468, 49.9966683 ], [ 19.8184244, 49.9967596 ], [ 19.8187412, 49.9968157 ], [ 19.8188103, 49.9968378 ], [ 19.8189674, 49.9968604 ], [ 19.8189992, 49.9968683 ], [ 19.8190053, 49.9968598 ], [ 19.8191963, 49.9969813 ], [ 19.8193464, 49.9969941 ], [ 19.8198095, 49.9969677 ], [ 19.8199795, 49.996938 ], [ 19.8201517, 49.9969215 ], [ 19.8202932, 49.9969267 ], [ 19.8209419, 49.9968212 ], [ 19.8213559, 49.9967741 ], [ 19.8216143, 49.9967451 ], [ 19.8216573, 49.9968066 ], [ 19.8218078, 49.996787 ], [ 19.8219424, 49.9967653 ], [ 19.8221503, 49.9965537 ], [ 19.8222964, 49.9963942 ], [ 19.8224402, 49.9962432 ], [ 19.8225329, 49.9962871 ], [ 19.8226423, 49.9963034 ], [ 19.8228648, 49.9963079 ], [ 19.8230758, 49.9962996 ], [ 19.8233297, 49.996296 ], [ 19.8236408, 49.9962583 ], [ 19.8238728, 49.9962493 ], [ 19.8251453, 49.99624 ], [ 19.8259614, 49.9962112 ], [ 19.8263126, 49.9962099 ], [ 19.8265033, 49.9962018 ], [ 19.8269883, 49.9962032 ], [ 19.8275053, 49.9961781 ], [ 19.828119, 49.996176 ], [ 19.8286636, 49.9961531 ], [ 19.8291526, 49.9961496 ], [ 19.8292948, 49.9961488 ], [ 19.8294315, 49.9961518 ], [ 19.8295761, 49.9961455 ], [ 19.8295954, 49.9961242 ], [ 19.8300853, 49.9960897 ], [ 19.8303798, 49.9961142 ], [ 19.8308432, 49.9960551 ], [ 19.8310048, 49.9960221 ], [ 19.8313238, 49.9960283 ], [ 19.8316085, 49.9960405 ], [ 19.831677, 49.9959401 ], [ 19.8319012, 49.9959251 ], [ 19.8320078, 49.9959189 ], [ 19.8321341, 49.9958981 ], [ 19.8325753, 49.9958687 ], [ 19.8327566, 49.9958668 ], [ 19.8331106, 49.9958486 ], [ 19.8333931, 49.9958184 ], [ 19.8336405, 49.995773 ], [ 19.8341444, 49.9957125 ], [ 19.8343536, 49.9956958 ], [ 19.8344639, 49.9956933 ], [ 19.8348321, 49.9956899 ], [ 19.8349346, 49.9956893 ], [ 19.8350455, 49.9956817 ], [ 19.8352896, 49.9956701 ], [ 19.8354607, 49.9956572 ], [ 19.835606, 49.9956406 ], [ 19.8360238, 49.9955916 ], [ 19.8363491, 49.9955723 ], [ 19.8366099, 49.9955771 ], [ 19.8369284, 49.9955255 ], [ 19.8370737, 49.9955314 ], [ 19.8370825, 49.9954638 ], [ 19.8371781, 49.995434 ], [ 19.8373006, 49.9953853 ], [ 19.8376606, 49.9952053 ], [ 19.8378816, 49.9950943 ], [ 19.8379876, 49.9950582 ], [ 19.8380956, 49.9950258 ], [ 19.8385201, 49.9950065 ], [ 19.8389622, 49.9949784 ], [ 19.8391268, 49.9949653 ], [ 19.8392626, 49.9949529 ], [ 19.8395425, 49.994934 ], [ 19.8404945, 49.9948595 ], [ 19.8405681, 49.9948577 ], [ 19.8408598, 49.9948313 ], [ 19.8411566, 49.9948148 ], [ 19.8412873, 49.9948414 ], [ 19.8417656, 49.9949614 ], [ 19.8423425, 49.9949836 ], [ 19.8425073, 49.9950049 ], [ 19.8426646, 49.9950379 ], [ 19.8426988, 49.9949786 ], [ 19.8428955, 49.9948903 ], [ 19.843034, 49.9948379 ], [ 19.8431099, 49.9948049 ], [ 19.8431651, 49.9947879 ], [ 19.8432405, 49.9948182 ], [ 19.8432844, 49.9948172 ], [ 19.8433232, 49.9948016 ], [ 19.8433824, 49.9947895 ], [ 19.8435466, 49.9948065 ], [ 19.8436754, 49.9948525 ], [ 19.8436864, 49.9948672 ], [ 19.8437435, 49.9948376 ], [ 19.8437997, 49.9948011 ], [ 19.8439168, 49.9947746 ], [ 19.843941, 49.994718 ], [ 19.8439736, 49.9946617 ], [ 19.8439622, 49.9945377 ], [ 19.8440425, 49.994502 ], [ 19.8440928, 49.9945132 ], [ 19.84419, 49.9945463 ], [ 19.8442759, 49.9945516 ], [ 19.8443516, 49.9945625 ], [ 19.8443986, 49.9945843 ], [ 19.8444567, 49.9946177 ], [ 19.8445586, 49.9946682 ], [ 19.8446793, 49.9947222 ], [ 19.8448278, 49.9947219 ], [ 19.8448121, 49.9946474 ], [ 19.8448197, 49.9946383 ], [ 19.8447975, 49.9945921 ], [ 19.8454251, 49.9945477 ], [ 19.845712, 49.994602 ], [ 19.8458527, 49.9946028 ], [ 19.8460697, 49.9945867 ], [ 19.8462996, 49.9945574 ], [ 19.8464939, 49.9946292 ], [ 19.8467496, 49.9947161 ], [ 19.8468641, 49.9947393 ], [ 19.8471859, 49.9947054 ], [ 19.8472672, 49.9947063 ], [ 19.8472902, 49.9947292 ], [ 19.8473917, 49.9947509 ], [ 19.847442, 49.9947194 ], [ 19.8474655, 49.9946944 ], [ 19.8475037, 49.994639 ], [ 19.84757, 49.9946222 ], [ 19.8476846, 49.9946086 ], [ 19.8477684, 49.994621 ], [ 19.8478181, 49.9946222 ], [ 19.8479176, 49.9946374 ], [ 19.8479241, 49.9947232 ], [ 19.8479501, 49.9947655 ], [ 19.8481014, 49.9947809 ], [ 19.8481859, 49.9948042 ], [ 19.848244, 49.9948161 ], [ 19.848277, 49.9948317 ], [ 19.8483416, 49.9948476 ], [ 19.8483697, 49.9948736 ], [ 19.848386, 49.9949016 ], [ 19.8485172, 49.994894 ], [ 19.8486119, 49.9948693 ], [ 19.848642, 49.9948229 ], [ 19.8487372, 49.9948123 ], [ 19.848827, 49.9948066 ], [ 19.8488632, 49.9948071 ], [ 19.8488946, 49.9948092 ], [ 19.8489444, 49.9948445 ], [ 19.8490132, 49.9948749 ], [ 19.8490581, 49.9948371 ], [ 19.849169, 49.9948201 ], [ 19.8492849, 49.9947848 ], [ 19.8493225, 49.9947544 ], [ 19.8494054, 49.9947166 ], [ 19.8495332, 49.9946727 ], [ 19.8495024, 49.9944751 ], [ 19.8494877, 49.9943983 ], [ 19.8494781, 49.9943692 ], [ 19.8494473, 49.994274 ], [ 19.849444, 49.9942469 ], [ 19.84936, 49.9937093 ], [ 19.8493058, 49.9934334 ], [ 19.8492932, 49.9933114 ], [ 19.8492861, 49.9931213 ], [ 19.8492486, 49.9928617 ], [ 19.8492393, 49.9927934 ], [ 19.8492427, 49.9926744 ], [ 19.8492085, 49.9925605 ], [ 19.8491692, 49.9923381 ], [ 19.849138, 49.9922421 ], [ 19.8491071, 49.9921676 ], [ 19.8489561, 49.9919611 ], [ 19.8489328, 49.9918638 ], [ 19.8487765, 49.9915793 ], [ 19.8487195, 49.9913813 ], [ 19.8487004, 49.9912483 ], [ 19.8486202, 49.9909439 ], [ 19.8485579, 49.9906954 ], [ 19.8483884, 49.990427 ], [ 19.8483072, 49.9903202 ], [ 19.8482609, 49.9901602 ], [ 19.8482518, 49.9897896 ], [ 19.8483182, 49.9891299 ], [ 19.8483397, 49.9890966 ], [ 19.8483516, 49.9890532 ], [ 19.8485244, 49.9878279 ], [ 19.8485565, 49.9877073 ], [ 19.8485925, 49.9876236 ], [ 19.8486405, 49.9875369 ], [ 19.8486479, 49.9874867 ], [ 19.84871, 49.9860382 ], [ 19.8487651, 49.985562 ], [ 19.8487768, 49.985413 ], [ 19.8487785, 49.985191 ], [ 19.8496562, 49.985249 ], [ 19.8500472, 49.9852668 ], [ 19.8506582, 49.9853345 ], [ 19.8512777, 49.9854159 ], [ 19.8515623, 49.9854404 ], [ 19.8517511, 49.9854395 ], [ 19.8521936, 49.98541 ], [ 19.85262, 49.985392 ], [ 19.8530031, 49.9853689 ], [ 19.8533909, 49.9853585 ], [ 19.8537531, 49.9853962 ], [ 19.8540581, 49.9854616 ], [ 19.8544758, 49.9855149 ], [ 19.8545272, 49.985515 ], [ 19.8551482, 49.9855164 ], [ 19.8565634, 49.9855128 ], [ 19.856703, 49.985493 ], [ 19.8573253, 49.985379 ], [ 19.8579376, 49.9852606 ], [ 19.8580519, 49.9852148 ], [ 19.858636, 49.9849458 ], [ 19.8587612, 49.9848965 ], [ 19.858908, 49.9848685 ], [ 19.8590352, 49.984849 ], [ 19.8592433, 49.9848188 ], [ 19.8594496, 49.984793 ], [ 19.8596567, 49.9847547 ], [ 19.8598775, 49.9847176 ], [ 19.8607315, 49.9846099 ], [ 19.8612454, 49.9846347 ], [ 19.8615547, 49.9846608 ], [ 19.8623943, 49.9847094 ], [ 19.8625277, 49.9844315 ], [ 19.8625937, 49.9843018 ], [ 19.8626621, 49.9841844 ], [ 19.8629168, 49.9839789 ], [ 19.8632396, 49.9837402 ], [ 19.8637995, 49.9835301 ], [ 19.8643574, 49.983328 ], [ 19.8644438, 49.9832655 ], [ 19.8644581, 49.983179 ], [ 19.864468, 49.9830758 ], [ 19.8645428, 49.9822988 ], [ 19.8645724, 49.9816615 ], [ 19.8645108, 49.9813408 ], [ 19.8644823, 49.9811087 ], [ 19.8644376, 49.9809506 ], [ 19.8644108, 49.9808052 ], [ 19.8644207, 49.9806288 ], [ 19.864468, 49.9803955 ], [ 19.8644833, 49.9802277 ], [ 19.8644857, 49.9801402 ], [ 19.8637999, 49.9800434 ], [ 19.8624424, 49.9798256 ], [ 19.8624721, 49.9795561 ], [ 19.8624951, 49.9792856 ], [ 19.8622846, 49.9792574 ], [ 19.8623283, 49.9789828 ], [ 19.8623662, 49.9788346 ], [ 19.862376, 49.9786344 ], [ 19.8626547, 49.9786235 ], [ 19.8629413, 49.9786184 ], [ 19.8629235, 49.9782263 ], [ 19.8629329, 49.9781491 ], [ 19.8629458, 49.9780802 ], [ 19.8629809, 49.9779933 ], [ 19.862998, 49.9779167 ], [ 19.8630155, 49.977868 ], [ 19.863034, 49.9778437 ], [ 19.8630128, 49.9777317 ], [ 19.8630229, 49.9776362 ], [ 19.8630154, 49.9775934 ], [ 19.8629961, 49.9775148 ], [ 19.863045, 49.9772931 ], [ 19.8630263, 49.977169 ], [ 19.8630008, 49.9769995 ], [ 19.8629842, 49.9765687 ], [ 19.8627376, 49.9764817 ], [ 19.8623328, 49.9763608 ], [ 19.8620913, 49.9762588 ], [ 19.8619235, 49.9762067 ], [ 19.8617727, 49.9761673 ], [ 19.861601, 49.9761341 ], [ 19.8612772, 49.9760657 ], [ 19.8610997, 49.9760157 ], [ 19.8609756, 49.9760061 ], [ 19.8608358, 49.9759621 ], [ 19.8606953, 49.9759097 ], [ 19.8608898, 49.9757924 ], [ 19.8610287, 49.9757205 ], [ 19.8611635, 49.9756454 ], [ 19.8612707, 49.9755946 ], [ 19.8612848, 49.9755879 ], [ 19.8615873, 49.9754741 ], [ 19.8616721, 49.9754354 ], [ 19.8619238, 49.9752992 ], [ 19.8621704, 49.975173 ], [ 19.8623563, 49.9751119 ], [ 19.8626674, 49.9749911 ], [ 19.8628101, 49.9749507 ], [ 19.8630843, 49.9748872 ], [ 19.8632126, 49.9748614 ], [ 19.8633488, 49.9748275 ], [ 19.8637951, 49.9747723 ], [ 19.8638969, 49.9747565 ], [ 19.8640176, 49.9747591 ], [ 19.8642829, 49.9747359 ], [ 19.8645259, 49.9746858 ], [ 19.8647773, 49.9746437 ], [ 19.8648635, 49.9746301 ], [ 19.8650683, 49.9746258 ], [ 19.865228, 49.9746282 ], [ 19.8653722, 49.9746199 ], [ 19.8657036, 49.9745984 ], [ 19.866195, 49.9745704 ], [ 19.8664112, 49.9745632 ], [ 19.8666578, 49.9745496 ], [ 19.8669162, 49.9745428 ], [ 19.8671686, 49.9745567 ], [ 19.8673526, 49.9745474 ], [ 19.8675126, 49.9745084 ], [ 19.8676682, 49.9744804 ], [ 19.8677458, 49.9743713 ], [ 19.8679114, 49.9740473 ], [ 19.8680415, 49.9738079 ], [ 19.868173, 49.9735468 ], [ 19.8682429, 49.9734376 ], [ 19.8683066, 49.9733309 ], [ 19.868432, 49.973193 ], [ 19.868552, 49.973005 ], [ 19.8685727, 49.9729938 ], [ 19.8686207, 49.9729428 ], [ 19.868756, 49.9727924 ], [ 19.868826, 49.9726408 ], [ 19.8689057, 49.9725289 ], [ 19.8689333, 49.9724835 ], [ 19.8690842, 49.9723859 ], [ 19.8692379, 49.9722736 ], [ 19.8696765, 49.9720483 ], [ 19.8697764, 49.9720063 ], [ 19.8701335, 49.9718774 ], [ 19.8702432, 49.9718302 ], [ 19.8705372, 49.9717702 ], [ 19.8706692, 49.9717436 ], [ 19.8708678, 49.9717154 ], [ 19.8711464, 49.9717133 ], [ 19.8713987, 49.971674 ], [ 19.8716148, 49.9716666 ], [ 19.8718929, 49.9716786 ], [ 19.8720029, 49.9716994 ], [ 19.87214, 49.9717076 ], [ 19.872232, 49.9717 ], [ 19.8724485, 49.9717063 ], [ 19.8726848, 49.9716765 ], [ 19.8728642, 49.9716588 ], [ 19.8728664, 49.9715889 ], [ 19.8729103, 49.9715637 ], [ 19.8729795, 49.9715384 ], [ 19.8730985, 49.9715022 ], [ 19.873904, 49.9714201 ], [ 19.8742927, 49.9714307 ], [ 19.8744411, 49.9714529 ], [ 19.8752594, 49.9714752 ], [ 19.8755462, 49.9714872 ], [ 19.8760808, 49.9715033 ], [ 19.8764083, 49.9715162 ], [ 19.8766424, 49.9715194 ], [ 19.8768762, 49.9715157 ], [ 19.8771427, 49.9715117 ], [ 19.8774806, 49.9714871 ], [ 19.8777213, 49.9714742 ], [ 19.87809, 49.971432 ], [ 19.8781546, 49.9714443 ], [ 19.8783046, 49.9714482 ], [ 19.8785811, 49.9714396 ], [ 19.8794366, 49.9714543 ], [ 19.8794397, 49.9715283 ], [ 19.8794824, 49.9721419 ], [ 19.8795932, 49.9723758 ], [ 19.879676, 49.9726367 ], [ 19.8797257, 49.9731022 ], [ 19.8797421, 49.9731975 ], [ 19.8796794, 49.9734175 ], [ 19.8796866, 49.9734792 ], [ 19.8796912, 49.9735468 ], [ 19.8797297, 49.9735927 ], [ 19.8797577, 49.9736448 ], [ 19.8797535, 49.9737064 ], [ 19.8798098, 49.9737585 ], [ 19.8798837, 49.9738434 ], [ 19.8798837, 49.9738852 ], [ 19.8799061, 49.9739683 ], [ 19.8799649, 49.9740003 ], [ 19.8799765, 49.9740513 ], [ 19.8800242, 49.9740781 ], [ 19.8800621, 49.9741318 ], [ 19.8801219, 49.9741786 ], [ 19.8801518, 49.9742267 ], [ 19.8801786, 49.9742473 ], [ 19.8802125, 49.9742666 ], [ 19.8802406, 49.9742989 ], [ 19.8802781, 49.9743153 ], [ 19.8803151, 49.9743484 ], [ 19.8803605, 49.9743573 ], [ 19.8803767, 49.9743739 ], [ 19.8803884, 49.9743883 ], [ 19.8804233, 49.9744048 ], [ 19.8804541, 49.9744377 ], [ 19.8805101, 49.9744633 ], [ 19.8805552, 49.974493 ], [ 19.8805943, 49.9745023 ], [ 19.8806548, 49.9745443 ], [ 19.8807388, 49.9745776 ], [ 19.8807958, 49.9746148 ], [ 19.88086, 49.9746356 ], [ 19.8809191, 49.9746659 ], [ 19.8809853, 49.9746936 ], [ 19.8810344, 49.9747238 ], [ 19.8810954, 49.9747092 ], [ 19.8811467, 49.9747247 ], [ 19.8812084, 49.9747102 ], [ 19.8812606, 49.9747417 ], [ 19.881336, 49.9747207 ], [ 19.8813719, 49.9747541 ], [ 19.8815077, 49.9747722 ], [ 19.8815439, 49.9747976 ], [ 19.8815873, 49.9748026 ], [ 19.8815803, 49.9748326 ], [ 19.8816173, 49.9748425 ], [ 19.8816654, 49.9748467 ], [ 19.8816814, 49.9748257 ], [ 19.881734, 49.974834 ], [ 19.8817813, 49.9748219 ], [ 19.8818633, 49.9748468 ], [ 19.8818968, 49.9748391 ], [ 19.881966, 49.9748712 ], [ 19.8819977, 49.974884 ], [ 19.8820335, 49.9749088 ], [ 19.88214, 49.9749246 ], [ 19.8821785, 49.9749418 ], [ 19.8821926, 49.9749672 ], [ 19.8822396, 49.9749802 ], [ 19.8822831, 49.9750061 ], [ 19.8822282, 49.9750216 ], [ 19.8822618, 49.9750399 ], [ 19.882284, 49.9750765 ], [ 19.8822956, 49.9751026 ], [ 19.8822806, 49.9751201 ], [ 19.8823023, 49.9751337 ], [ 19.8822945, 49.9751606 ], [ 19.8823478, 49.9751801 ], [ 19.8823537, 49.9752148 ], [ 19.8823658, 49.9752205 ], [ 19.8823715, 49.9752491 ], [ 19.8824063, 49.9752734 ], [ 19.8824304, 49.9753154 ], [ 19.8824953, 49.975327 ], [ 19.8825499, 49.9753578 ], [ 19.8826108, 49.9753756 ], [ 19.8826164, 49.975423 ], [ 19.8826686, 49.9754225 ], [ 19.8826763, 49.9754435 ], [ 19.8827426, 49.9754458 ], [ 19.8827588, 49.9754709 ], [ 19.8827773, 49.9754951 ], [ 19.8828068, 49.975527 ], [ 19.882829, 49.9755424 ], [ 19.8828107, 49.9755733 ], [ 19.8828664, 49.9755907 ], [ 19.8829463, 49.9756385 ], [ 19.8829896, 49.9756245 ], [ 19.8830681, 49.9756517 ], [ 19.8831129, 49.975655 ], [ 19.8831299, 49.9756891 ], [ 19.8831974, 49.9756814 ], [ 19.8832186, 49.9757128 ], [ 19.883379, 49.9757752 ], [ 19.8834771, 49.975809 ], [ 19.8835883, 49.9758107 ], [ 19.8836945, 49.975871 ], [ 19.8837836, 49.9758781 ], [ 19.8838882, 49.9759122 ], [ 19.8839727, 49.9759036 ], [ 19.8840292, 49.9759315 ], [ 19.8840905, 49.9759369 ], [ 19.884146, 49.9759686 ], [ 19.8843155, 49.9759392 ], [ 19.8843219, 49.9759765 ], [ 19.8843733, 49.9759819 ], [ 19.8843929, 49.9760007 ], [ 19.8844098, 49.9760225 ], [ 19.8844567, 49.9760357 ], [ 19.8844971, 49.9760432 ], [ 19.8845465, 49.9760513 ], [ 19.8846369, 49.9760759 ], [ 19.8846945, 49.9761127 ], [ 19.8847113, 49.9761535 ], [ 19.8847615, 49.976184 ], [ 19.88478, 49.9762329 ], [ 19.8848184, 49.9762719 ], [ 19.8847887, 49.9763148 ], [ 19.8848592, 49.97631 ], [ 19.8848532, 49.9763911 ], [ 19.8848918, 49.9765155 ], [ 19.8848772, 49.9765633 ], [ 19.8849962, 49.9766299 ], [ 19.8850901, 49.9767005 ], [ 19.8853095, 49.9767712 ], [ 19.8853234, 49.9768169 ], [ 19.8853414, 49.9768534 ], [ 19.8853939, 49.9768903 ], [ 19.8854402, 49.9769297 ], [ 19.8854403, 49.9770004 ], [ 19.885452, 49.9770704 ], [ 19.8854059, 49.9770911 ], [ 19.8854207, 49.977131 ], [ 19.8853895, 49.9771642 ], [ 19.8853763, 49.9772306 ], [ 19.8853353, 49.9772566 ], [ 19.8852958, 49.9773079 ], [ 19.8852104, 49.9773548 ], [ 19.885218, 49.9773801 ], [ 19.8851648, 49.9773862 ], [ 19.8851924, 49.9774453 ], [ 19.8851591, 49.977501 ], [ 19.8851895, 49.9775732 ], [ 19.885194, 49.9776173 ], [ 19.8851683, 49.9776668 ], [ 19.8852998, 49.9777359 ], [ 19.8852965, 49.9777581 ], [ 19.8853213, 49.9777801 ], [ 19.8852812, 49.9777759 ], [ 19.8852525, 49.9778297 ], [ 19.8852028, 49.9778662 ], [ 19.8852231, 49.9778924 ], [ 19.8851428, 49.9779229 ], [ 19.8851328, 49.9779669 ], [ 19.8851999, 49.9779666 ], [ 19.8851957, 49.9780126 ], [ 19.8852548, 49.9780399 ], [ 19.8852784, 49.978056 ], [ 19.8854288, 49.9780741 ], [ 19.8854058, 49.9780999 ], [ 19.8854293, 49.9781195 ], [ 19.8854515, 49.9781512 ], [ 19.8854265, 49.9781869 ], [ 19.8854441, 49.9782228 ], [ 19.8854154, 49.9782421 ], [ 19.8854445, 49.9782819 ], [ 19.8854487, 49.978332 ], [ 19.8855161, 49.9783484 ], [ 19.8855964, 49.9783905 ], [ 19.8856578, 49.9784175 ], [ 19.8857376, 49.9784163 ], [ 19.8857891, 49.9784262 ], [ 19.8858207, 49.9784398 ], [ 19.8858429, 49.9784279 ], [ 19.8858946, 49.9784555 ], [ 19.8859537, 49.9784816 ], [ 19.8860021, 49.9784882 ], [ 19.8860465, 49.9784992 ], [ 19.8860719, 49.9785306 ], [ 19.8861138, 49.9785497 ], [ 19.8860919, 49.9785725 ], [ 19.8860194, 49.9786681 ], [ 19.8859695, 49.9786589 ], [ 19.8859654, 49.9786987 ], [ 19.8860189, 49.9787441 ], [ 19.8860028, 49.9787664 ], [ 19.8860365, 49.978786 ], [ 19.8860341, 49.9788104 ], [ 19.8861877, 49.9788559 ], [ 19.8862422, 49.9788372 ], [ 19.8862749, 49.9788597 ], [ 19.8863091, 49.9788752 ], [ 19.8862772, 49.9789227 ], [ 19.8863719, 49.9789776 ], [ 19.8863921, 49.9789948 ], [ 19.8863557, 49.9790429 ], [ 19.8863533, 49.9790714 ], [ 19.886454, 49.9791052 ], [ 19.8864969, 49.9791306 ], [ 19.8864969, 49.979158 ], [ 19.8865146, 49.9791872 ], [ 19.8865762, 49.9791643 ], [ 19.8866125, 49.979175 ], [ 19.886657, 49.9791706 ], [ 19.8866585, 49.9792096 ], [ 19.8867267, 49.9792288 ], [ 19.8867701, 49.979297 ], [ 19.8869447, 49.9792274 ], [ 19.8869663, 49.9792796 ], [ 19.8870251, 49.9793008 ], [ 19.8870531, 49.9793556 ], [ 19.8871311, 49.979357 ], [ 19.8871475, 49.9793348 ], [ 19.8872157, 49.9793432 ], [ 19.8872794, 49.9793388 ], [ 19.8872746, 49.9793605 ], [ 19.8872964, 49.9793729 ], [ 19.887285, 49.9793945 ], [ 19.8873038, 49.9794095 ], [ 19.8873061, 49.9794255 ], [ 19.8873252, 49.9794345 ], [ 19.8873254, 49.9794633 ], [ 19.8873393, 49.979478 ], [ 19.8873413, 49.9794977 ], [ 19.8873697, 49.9795415 ], [ 19.8873718, 49.979579 ], [ 19.8873441, 49.9796286 ], [ 19.8873817, 49.9796483 ], [ 19.8873516, 49.9796702 ], [ 19.8873694, 49.9797018 ], [ 19.8873536, 49.9797136 ], [ 19.887368, 49.9797254 ], [ 19.8873574, 49.9797415 ], [ 19.8873622, 49.9797662 ], [ 19.8873455, 49.9797739 ], [ 19.8873586, 49.9797867 ], [ 19.8873529, 49.9798139 ], [ 19.8873807, 49.9798241 ], [ 19.887373, 49.9798457 ], [ 19.8874026, 49.9798508 ], [ 19.8873895, 49.9798689 ], [ 19.8873996, 49.9798888 ], [ 19.8873821, 49.979899 ], [ 19.88738, 49.9799174 ], [ 19.8873546, 49.9799285 ], [ 19.8873604, 49.9799467 ], [ 19.8873345, 49.9799547 ], [ 19.8873412, 49.9799811 ], [ 19.8873186, 49.9799933 ], [ 19.887314, 49.9800187 ], [ 19.8872738, 49.9800509 ], [ 19.8872919, 49.9800824 ], [ 19.8873149, 49.980101 ], [ 19.887314, 49.9801245 ], [ 19.8873338, 49.9801388 ], [ 19.8873549, 49.9801614 ], [ 19.8873459, 49.9801777 ], [ 19.8873196, 49.9801846 ], [ 19.8873463, 49.9802144 ], [ 19.8873348, 49.9802561 ], [ 19.8873556, 49.9802805 ], [ 19.8873582, 49.9803059 ], [ 19.8873717, 49.9803067 ], [ 19.8874124, 49.9803164 ], [ 19.887435, 49.9803551 ], [ 19.8874035, 49.9803886 ], [ 19.887668, 49.9803713 ], [ 19.8877673, 49.9803648 ], [ 19.8879246, 49.9803637 ], [ 19.888142, 49.9804385 ], [ 19.8883212, 49.9805225 ], [ 19.8883162, 49.9806238 ], [ 19.8884986, 49.9806415 ], [ 19.8887752, 49.9806257 ], [ 19.8891082, 49.980598 ], [ 19.8894728, 49.9805665 ], [ 19.8898765, 49.9805952 ], [ 19.8901263, 49.9805974 ], [ 19.8904359, 49.9805794 ], [ 19.8907536, 49.9805838 ], [ 19.8912059, 49.9805609 ], [ 19.8916237, 49.9805489 ], [ 19.8917604, 49.980537 ], [ 19.8917665, 49.9802687 ], [ 19.8920126, 49.9803042 ], [ 19.8925868, 49.9803706 ], [ 19.8930633, 49.9803566 ], [ 19.8932117, 49.9803592 ], [ 19.893589, 49.9804177 ], [ 19.8939649, 49.9804657 ], [ 19.8940236, 49.9804758 ], [ 19.8943603, 49.9805336 ], [ 19.8948569, 49.9806043 ], [ 19.8951658, 49.9806163 ], [ 19.895584, 49.9806075 ], [ 19.8958894, 49.9806176 ], [ 19.8958863, 49.9804436 ], [ 19.8961491, 49.9804411 ], [ 19.8962633, 49.9804363 ], [ 19.8963972, 49.980468 ], [ 19.8965186, 49.9804722 ], [ 19.8966576, 49.9804659 ], [ 19.896764, 49.9804965 ], [ 19.8967931, 49.980524 ], [ 19.8968818, 49.9805307 ], [ 19.8969993, 49.9805293 ], [ 19.8970454, 49.9805473 ], [ 19.897095, 49.9805835 ], [ 19.8971637, 49.9805849 ], [ 19.8972309, 49.9805715 ], [ 19.8972923, 49.9805702 ], [ 19.8974103, 49.9806067 ], [ 19.8974832, 49.9805776 ], [ 19.8976768, 49.9805908 ], [ 19.8978756, 49.9805995 ], [ 19.8979799, 49.9806107 ], [ 19.8980861, 49.9806155 ], [ 19.898213, 49.9806579 ], [ 19.8983383, 49.980686 ], [ 19.8985619, 49.9807687 ], [ 19.8988807, 49.9809226 ], [ 19.8989125, 49.9809713 ], [ 19.8990353, 49.9810383 ], [ 19.8991498, 49.9809851 ], [ 19.8992089, 49.9810224 ], [ 19.8993509, 49.9810459 ], [ 19.8996433, 49.9810858 ], [ 19.8998786, 49.9811774 ], [ 19.8999564, 49.9811958 ], [ 19.9000443, 49.9811872 ], [ 19.9001585, 49.9812178 ], [ 19.9002964, 49.9811949 ], [ 19.9004907, 49.9811949 ], [ 19.9006823, 49.9811629 ], [ 19.9007497, 49.9811647 ], [ 19.9008596, 49.9811528 ], [ 19.9010244, 49.981089 ], [ 19.901191, 49.9810792 ], [ 19.9011845, 49.9811359 ], [ 19.9012841, 49.9811209 ], [ 19.9013669, 49.9811181 ], [ 19.9019233, 49.9813135 ], [ 19.9021974, 49.9812864 ], [ 19.9028322, 49.9813206 ], [ 19.9029734, 49.9813218 ], [ 19.9031361, 49.9813217 ], [ 19.9034521, 49.9813486 ], [ 19.9035298, 49.9813691 ], [ 19.9036658, 49.9813885 ], [ 19.9038843, 49.9813494 ], [ 19.9040749, 49.9813263 ], [ 19.9043002, 49.9813289 ], [ 19.9044692, 49.9813259 ], [ 19.9049658, 49.9813001 ], [ 19.9051849, 49.9812905 ], [ 19.9053545, 49.9812776 ], [ 19.9056308, 49.9812838 ], [ 19.9058159, 49.9813074 ], [ 19.9059584, 49.981312 ], [ 19.9061454, 49.9813311 ], [ 19.9063245, 49.9813448 ], [ 19.9065702, 49.9813703 ], [ 19.9067654, 49.9814001 ], [ 19.9070337, 49.9814576 ], [ 19.9071734, 49.9814904 ], [ 19.9072263, 49.9814921 ], [ 19.9072971, 49.9815042 ], [ 19.9074952, 49.9814963 ], [ 19.9077629, 49.9814627 ], [ 19.9078771, 49.9814684 ], [ 19.908226, 49.981526 ], [ 19.9082799, 49.9815301 ], [ 19.9083387, 49.9815278 ], [ 19.908462, 49.9815068 ], [ 19.9085548, 49.9814969 ], [ 19.9085738, 49.9815135 ], [ 19.908585, 49.9815319 ], [ 19.9085946, 49.9815592 ], [ 19.9086091, 49.9815821 ], [ 19.9086438, 49.9816027 ], [ 19.908692, 49.9816247 ], [ 19.9087487, 49.9816403 ], [ 19.9090141, 49.9816948 ], [ 19.9091858, 49.9817218 ], [ 19.9093278, 49.9817565 ], [ 19.909373, 49.9817755 ], [ 19.9094507, 49.9818243 ], [ 19.9095268, 49.9818787 ], [ 19.9096388, 49.9819463 ], [ 19.9096517, 49.9819736 ], [ 19.9097147, 49.9818881 ], [ 19.9097856, 49.9818265 ], [ 19.9100212, 49.9818012 ], [ 19.910497, 49.9816727 ], [ 19.9107401, 49.9816219 ], [ 19.9110508, 49.98154 ], [ 19.9111944, 49.9815028 ], [ 19.9113397, 49.981467 ], [ 19.9113612, 49.9814626 ], [ 19.9120007, 49.9813064 ], [ 19.9121037, 49.9811098 ], [ 19.9121941, 49.9809074 ], [ 19.9122745, 49.9808239 ], [ 19.912328, 49.9806898 ], [ 19.9124651, 49.9805608 ], [ 19.9126133, 49.9802453 ], [ 19.9126884, 49.9802201 ], [ 19.9127553, 49.9801901 ], [ 19.9128242, 49.980147 ], [ 19.9129026, 49.9800888 ], [ 19.9130328, 49.9800073 ], [ 19.9131535, 49.9799289 ], [ 19.9132277, 49.9798921 ], [ 19.913286, 49.9798653 ], [ 19.9133463, 49.9798532 ], [ 19.9133949, 49.9798628 ], [ 19.9135536, 49.979859 ], [ 19.9136998, 49.9798891 ], [ 19.9138753, 49.9799172 ], [ 19.9140674, 49.9799269 ], [ 19.9144196, 49.9799262 ], [ 19.9149183, 49.9799377 ], [ 19.9153846, 49.9799596 ], [ 19.9162567, 49.9799756 ], [ 19.9165838, 49.9799761 ], [ 19.9167587, 49.9799877 ], [ 19.9176002, 49.9800018 ], [ 19.9184723, 49.9800149 ], [ 19.9187283, 49.9800093 ], [ 19.9189848, 49.9799994 ], [ 19.9191324, 49.9800503 ], [ 19.9193888, 49.9800788 ], [ 19.9195601, 49.980101 ], [ 19.9196328, 49.9801062 ], [ 19.9198597, 49.9801631 ], [ 19.9199968, 49.9802026 ], [ 19.920157, 49.980229 ], [ 19.9203416, 49.980251 ], [ 19.920493, 49.98027 ], [ 19.9206184, 49.980293 ], [ 19.9207036, 49.9803201 ], [ 19.9208001, 49.9803364 ], [ 19.9209533, 49.9803635 ], [ 19.9210966, 49.9803919 ], [ 19.9212964, 49.980442 ], [ 19.921503, 49.9804833 ], [ 19.9215867, 49.9804992 ], [ 19.9221903, 49.9805549 ], [ 19.9223602, 49.9806138 ], [ 19.922387, 49.9806231 ], [ 19.9226713, 49.9806813 ], [ 19.9232723, 49.9807898 ], [ 19.9240375, 49.9809438 ], [ 19.924248, 49.9809929 ], [ 19.9244999, 49.9810357 ], [ 19.9256973, 49.9813188 ], [ 19.925742, 49.9812854 ], [ 19.9257694, 49.9812592 ], [ 19.9258401, 49.9811998 ], [ 19.9258688, 49.981131 ], [ 19.9259118, 49.9811047 ], [ 19.925952, 49.9810429 ], [ 19.926048, 49.9810269 ], [ 19.9260877, 49.9809984 ], [ 19.9261938, 49.9809839 ], [ 19.9262986, 49.9809879 ], [ 19.9264052, 49.9809776 ], [ 19.9265308, 49.9809557 ], [ 19.9266217, 49.9809527 ], [ 19.9267796, 49.9809542 ], [ 19.9269006, 49.9809673 ], [ 19.9269939, 49.9809359 ], [ 19.927153, 49.980901 ], [ 19.9272369, 49.980837 ], [ 19.9273426, 49.9808216 ], [ 19.9273957, 49.9807385 ], [ 19.927491, 49.980632 ], [ 19.9276037, 49.9804664 ], [ 19.9276849, 49.9804171 ], [ 19.9277357, 49.9803545 ], [ 19.9278168, 49.9802849 ], [ 19.9277222, 49.9802205 ], [ 19.927585, 49.9801663 ], [ 19.9275375, 49.9801097 ], [ 19.9273913, 49.9800302 ], [ 19.9273892, 49.9799362 ], [ 19.9274167, 49.9798253 ], [ 19.9275784, 49.9796815 ], [ 19.9276061, 49.9796777 ], [ 19.9276437, 49.9796479 ], [ 19.9277468, 49.9795941 ], [ 19.9278317, 49.9795883 ], [ 19.9279218, 49.9795983 ], [ 19.927994, 49.9796329 ], [ 19.9280804, 49.9796495 ], [ 19.9281622, 49.9795833 ], [ 19.9282461, 49.9795554 ], [ 19.9282671, 49.9795292 ], [ 19.9282627, 49.9794836 ], [ 19.9282913, 49.9794175 ], [ 19.9282701, 49.9793616 ], [ 19.9282379, 49.979328 ], [ 19.9282577, 49.9793026 ], [ 19.9282702, 49.979252 ], [ 19.9283172, 49.9791883 ], [ 19.9284075, 49.9791477 ], [ 19.9285743, 49.9791221 ], [ 19.9287814, 49.979184 ], [ 19.9289887, 49.9792516 ], [ 19.9290884, 49.9792568 ], [ 19.9292043, 49.9792473 ], [ 19.9293279, 49.9792042 ], [ 19.9294245, 49.9791561 ], [ 19.9294967, 49.9791578 ], [ 19.929541, 49.9791858 ], [ 19.9297527, 49.9791023 ], [ 19.9298987, 49.9790345 ], [ 19.9299252, 49.9789915 ], [ 19.9299927, 49.9789781 ], [ 19.9300804, 49.9790112 ], [ 19.9304092, 49.9789317 ], [ 19.9305374, 49.9788762 ], [ 19.9306964, 49.9788295 ], [ 19.9307961, 49.9787199 ], [ 19.9308631, 49.9786051 ], [ 19.9309129, 49.9785469 ], [ 19.9309759, 49.978516 ], [ 19.9311446, 49.9784848 ], [ 19.9312261, 49.9784625 ], [ 19.9314354, 49.9784321 ], [ 19.931599, 49.9785021 ], [ 19.9317107, 49.9785021 ], [ 19.9317863, 49.9785935 ], [ 19.9319145, 49.9786035 ], [ 19.9319835, 49.9786608 ], [ 19.9320952, 49.9787166 ], [ 19.9322325, 49.9787525 ], [ 19.9323162, 49.9787625 ], [ 19.9323709, 49.978769 ], [ 19.9324705, 49.9787936 ], [ 19.9325897, 49.9787939 ], [ 19.932545, 49.9785473 ], [ 19.9324888, 49.9783884 ], [ 19.9324258, 49.9782551 ], [ 19.9324432, 49.9782152 ], [ 19.932483, 49.9781849 ], [ 19.9325608, 49.9781511 ], [ 19.9326569, 49.9781752 ], [ 19.9328765, 49.9781864 ], [ 19.9328877, 49.9781624 ], [ 19.9329168, 49.9781362 ], [ 19.9329767, 49.9779264 ], [ 19.933038, 49.9778605 ], [ 19.9331177, 49.9777965 ], [ 19.9331546, 49.9777582 ], [ 19.9331788, 49.9777148 ], [ 19.9331509, 49.9776726 ], [ 19.933021, 49.9775853 ], [ 19.932966, 49.9775366 ], [ 19.9329348, 49.9774698 ], [ 19.9329223, 49.9773936 ], [ 19.9329227, 49.9771372 ], [ 19.9329312, 49.9769821 ], [ 19.9329452, 49.9768973 ], [ 19.9329771, 49.9768564 ], [ 19.9330029, 49.9768404 ], [ 19.9330641, 49.9768346 ], [ 19.9331566, 49.9768424 ], [ 19.9332238, 49.9768525 ], [ 19.9332446, 49.9768635 ], [ 19.9333513, 49.9768617 ], [ 19.9334023, 49.9768504 ], [ 19.9334478, 49.9768343 ], [ 19.9334879, 49.9768076 ], [ 19.9335239, 49.9767751 ], [ 19.9335806, 49.97667 ], [ 19.9336102, 49.9764869 ], [ 19.9336535, 49.9764607 ], [ 19.9337681, 49.9764312 ], [ 19.9338334, 49.9764277 ], [ 19.9339407, 49.9764172 ], [ 19.9341996, 49.976438 ], [ 19.9344718, 49.9764385 ], [ 19.9343148, 49.9761204 ], [ 19.9340521, 49.9755714 ], [ 19.9347332, 49.9753875 ], [ 19.9358598, 49.9750727 ], [ 19.9367624, 49.9748223 ], [ 19.9377745, 49.9745374 ], [ 19.9378561, 49.9746874 ], [ 19.9379197, 49.9747385 ], [ 19.9380435, 49.9746547 ], [ 19.9381232, 49.9745747 ], [ 19.9381634, 49.9745439 ], [ 19.9382697, 49.9745208 ], [ 19.9383445, 49.9745492 ], [ 19.9384563, 49.9746253 ], [ 19.9384919, 49.9746581 ], [ 19.9385078, 49.9747395 ], [ 19.9385073, 49.9748026 ], [ 19.9385266, 49.9748377 ], [ 19.938649, 49.9748122 ], [ 19.9388004, 49.9747101 ], [ 19.9388401, 49.9746394 ], [ 19.938875, 49.9745627 ], [ 19.939004, 49.9745313 ], [ 19.9390737, 49.9745399 ], [ 19.9391088, 49.9745583 ], [ 19.9391263, 49.9745842 ], [ 19.9390006, 49.9746747 ], [ 19.9390317, 49.9747742 ], [ 19.9390695, 49.9748246 ], [ 19.9391337, 49.9748386 ], [ 19.9392274, 49.9748145 ], [ 19.9393372, 49.974751 ], [ 19.9395164, 49.9747071 ], [ 19.9395847, 49.9748409 ], [ 19.9395838, 49.9749181 ], [ 19.9395612, 49.9750093 ], [ 19.9395029, 49.975074 ], [ 19.9395672, 49.9751286 ], [ 19.9397033, 49.9751286 ], [ 19.9398554, 49.9751531 ], [ 19.9399549, 49.975166 ], [ 19.9400088, 49.9751892 ], [ 19.9400569, 49.9752516 ], [ 19.9401084, 49.9752844 ], [ 19.9401622, 49.9752987 ], [ 19.9402646, 49.9752789 ], [ 19.9403346, 49.97525 ], [ 19.9403521, 49.9752013 ], [ 19.9401038, 49.9748682 ], [ 19.9404241, 49.9748415 ], [ 19.9407373, 49.9747991 ], [ 19.9407307, 49.9747041 ], [ 19.9406524, 49.9745924 ], [ 19.940608, 49.9744606 ], [ 19.9416068, 49.9744644 ], [ 19.9417256, 49.9743724 ], [ 19.9418614, 49.9743137 ], [ 19.9420246, 49.9743225 ], [ 19.9422027, 49.9743654 ], [ 19.9422244, 49.9743242 ], [ 19.9422218, 49.9742927 ], [ 19.942156, 49.9741649 ], [ 19.9423077, 49.974118 ], [ 19.9423929, 49.9740296 ], [ 19.9425338, 49.9739975 ], [ 19.9426676, 49.9739594 ], [ 19.9428258, 49.9739295 ], [ 19.9429586, 49.9739246 ], [ 19.9430957, 49.9739433 ], [ 19.9432711, 49.9739451 ], [ 19.9431182, 49.9738094 ], [ 19.9430157, 49.9737351 ], [ 19.9429243, 49.9736758 ], [ 19.9428652, 49.9735814 ], [ 19.9428073, 49.973414 ], [ 19.9428496, 49.9733409 ], [ 19.9429308, 49.9732904 ], [ 19.9430637, 49.9732352 ], [ 19.9432078, 49.9732046 ], [ 19.9434761, 49.9730234 ], [ 19.9435858, 49.9729469 ], [ 19.9436524, 49.9728803 ], [ 19.9437734, 49.9728452 ], [ 19.9438412, 49.9728366 ], [ 19.9439492, 49.9728552 ], [ 19.9441694, 49.9730109 ], [ 19.9442656, 49.9729863 ], [ 19.9444424, 49.9730598 ], [ 19.9444699, 49.972963 ], [ 19.9445112, 49.9728956 ], [ 19.9445649, 49.9727674 ], [ 19.9446152, 49.9727053 ], [ 19.9447375, 49.97268 ], [ 19.9448849, 49.9726631 ], [ 19.9449253, 49.9726132 ], [ 19.9448305, 49.9724951 ], [ 19.9448272, 49.9723969 ], [ 19.9448192, 49.9723359 ], [ 19.9448446, 49.9722938 ], [ 19.9448709, 49.9722444 ], [ 19.9449165, 49.9722153 ], [ 19.945245, 49.9722121 ], [ 19.945424, 49.9721958 ], [ 19.9457157, 49.9722215 ], [ 19.945975, 49.9722824 ], [ 19.9460807, 49.9722698 ], [ 19.9461178, 49.9722292 ], [ 19.9463229, 49.9721538 ], [ 19.9465986, 49.97209 ], [ 19.9468227, 49.972122 ], [ 19.9468362, 49.9722038 ], [ 19.9472011, 49.9722317 ], [ 19.9472816, 49.9723111 ], [ 19.9476494, 49.9722927 ], [ 19.9480627, 49.9721502 ], [ 19.9483282, 49.9720725 ], [ 19.9487794, 49.9716818 ], [ 19.9487808, 49.9714278 ], [ 19.9488509, 49.9713576 ], [ 19.9489689, 49.9712947 ], [ 19.9493094, 49.9713683 ], [ 19.9494565, 49.9713621 ], [ 19.9498596, 49.9712108 ], [ 19.9503781, 49.9711605 ], [ 19.9506951, 49.9710788 ], [ 19.9507166, 49.9708992 ], [ 19.9505418, 49.9707807 ], [ 19.9505786, 49.9707003 ], [ 19.9506568, 49.9706636 ], [ 19.9507986, 49.9706898 ], [ 19.9509109, 49.9706834 ], [ 19.9510276, 49.9706941 ], [ 19.951225, 49.9706404 ], [ 19.9511369, 49.9703816 ], [ 19.9508713, 49.9703522 ], [ 19.9507661, 49.9702364 ], [ 19.9507574, 49.9701467 ], [ 19.9508387, 49.9698584 ], [ 19.9511928, 49.9697298 ], [ 19.951633, 49.9695957 ], [ 19.9517147, 49.9695172 ], [ 19.9518523, 49.9694904 ], [ 19.951912, 49.9695073 ], [ 19.9520163, 49.9695618 ], [ 19.9520472, 49.9696787 ], [ 19.9519861, 49.96986 ], [ 19.9521058, 49.9701007 ], [ 19.9522876, 49.9701389 ], [ 19.9526186, 49.9700101 ], [ 19.9528325, 49.9698621 ], [ 19.9529714, 49.9698443 ], [ 19.9530839, 49.9698789 ], [ 19.9533051, 49.9701166 ], [ 19.9536095, 49.9701383 ], [ 19.9538055, 49.9700766 ], [ 19.9539754, 49.9698448 ], [ 19.9539767, 49.9696776 ], [ 19.954035, 49.9695439 ], [ 19.9541131, 49.9694716 ], [ 19.9543046, 49.9693888 ], [ 19.9547137, 49.9692907 ], [ 19.9548694, 49.96921 ], [ 19.955005, 49.9691509 ], [ 19.9551557, 49.9688103 ], [ 19.955207, 49.9686753 ], [ 19.9553566, 49.968719 ], [ 19.9557148, 49.9686563 ], [ 19.9557351, 49.9685691 ], [ 19.9555721, 49.9683672 ], [ 19.9554664, 49.9682377 ], [ 19.9555293, 49.9680667 ], [ 19.955508, 49.9678841 ], [ 19.9554036, 49.9677535 ], [ 19.9553879, 49.9677066 ], [ 19.9556714, 49.9676668 ], [ 19.9561556, 49.967708 ], [ 19.9560739, 49.9678681 ], [ 19.9561034, 49.967956 ], [ 19.9561746, 49.9680394 ], [ 19.9563813, 49.9681472 ], [ 19.9566259, 49.9682478 ], [ 19.9567672, 49.9682315 ], [ 19.9569833, 49.968282 ], [ 19.957184, 49.9682561 ], [ 19.9573027, 49.9680848 ], [ 19.9575307, 49.9678764 ], [ 19.9575492, 49.9679186 ], [ 19.9575298, 49.967956 ], [ 19.9575427, 49.968032 ], [ 19.9576027, 49.9680593 ], [ 19.9573996, 49.9680848 ], [ 19.9573193, 49.9681508 ], [ 19.9572732, 49.9682481 ], [ 19.9573098, 49.968336 ], [ 19.957443, 49.9683758 ], [ 19.9576461, 49.9683984 ], [ 19.9581331, 49.9683206 ], [ 19.9586218, 49.9682747 ], [ 19.9586838, 49.9683436 ], [ 19.9586993, 49.968369 ], [ 19.9588683, 49.9682463 ], [ 19.9588839, 49.9682829 ], [ 19.9589044, 49.96832 ], [ 19.9589336, 49.9683719 ], [ 19.9589499, 49.9684412 ], [ 19.9588605, 49.9684997 ], [ 19.9588801, 49.9685771 ], [ 19.9589727, 49.9686469 ], [ 19.9591098, 49.9687201 ], [ 19.9592331, 49.9687284 ], [ 19.9593049, 49.9687454 ], [ 19.9593802, 49.9688949 ], [ 19.959397, 49.9689645 ], [ 19.9593859, 49.9690586 ], [ 19.9593614, 49.969148 ], [ 19.9594071, 49.9692127 ], [ 19.9594615, 49.9692598 ], [ 19.9595336, 49.9692426 ], [ 19.959618, 49.9691977 ], [ 19.9597347, 49.9691486 ], [ 19.9598101, 49.9691604 ], [ 19.960004, 49.9691422 ], [ 19.9601639, 49.9691157 ], [ 19.9602779, 49.9690706 ], [ 19.9603557, 49.9689777 ], [ 19.9605114, 49.9689137 ], [ 19.9607205, 49.9689422 ], [ 19.9608549, 49.9689225 ], [ 19.9612035, 49.9690096 ], [ 19.9612962, 49.9690069 ], [ 19.9616001, 49.9689444 ], [ 19.9616372, 49.9688698 ], [ 19.9615587, 49.9685562 ], [ 19.9614971, 49.9684361 ], [ 19.9615466, 49.9683663 ], [ 19.9616766, 49.9683258 ], [ 19.9618135, 49.9683344 ], [ 19.9619155, 49.9683516 ], [ 19.962158, 49.9683609 ], [ 19.9624786, 49.9684197 ], [ 19.962553, 49.9685385 ], [ 19.962567, 49.9686688 ], [ 19.962976, 49.9686357 ], [ 19.9630427, 49.9685875 ], [ 19.9633524, 49.9685452 ], [ 19.9634431, 49.9685611 ], [ 19.963437, 49.9686214 ], [ 19.9633812, 49.968985 ], [ 19.9632611, 49.96951 ], [ 19.9631639, 49.969844 ], [ 19.9630616, 49.9700589 ], [ 19.9630394, 49.9701337 ], [ 19.9629581, 49.9703827 ], [ 19.9629434, 49.9707625 ], [ 19.9629172, 49.9708958 ], [ 19.9629008, 49.9710016 ], [ 19.9628899, 49.9711016 ], [ 19.9628773, 49.9712333 ], [ 19.9629009, 49.9714555 ], [ 19.9629418, 49.9717379 ], [ 19.9629738, 49.9719017 ], [ 19.9630093, 49.9721181 ], [ 19.9630248, 49.9722125 ], [ 19.963093, 49.9723236 ], [ 19.9636031, 49.972545 ], [ 19.9639456, 49.972672 ], [ 19.9642327, 49.9727611 ], [ 19.9647119, 49.9729636 ], [ 19.9649011, 49.9730217 ], [ 19.9658557, 49.9730823 ], [ 19.9661142, 49.9731061 ], [ 19.9662906, 49.9731262 ], [ 19.9664595, 49.9731132 ], [ 19.9666654, 49.9731346 ], [ 19.9670402, 49.9731654 ], [ 19.9670559, 49.9737467 ], [ 19.9669673, 49.9738762 ], [ 19.9669636, 49.9739005 ], [ 19.9669082, 49.9740264 ], [ 19.9668574, 49.9741095 ], [ 19.9667919, 49.9741885 ], [ 19.9667245, 49.9742651 ], [ 19.9666331, 49.9743304 ], [ 19.9665786, 49.974385 ], [ 19.966513, 49.9744491 ], [ 19.9664613, 49.9745453 ], [ 19.9664244, 49.9746172 ], [ 19.9664013, 49.9746866 ], [ 19.9663893, 49.9747632 ], [ 19.9663459, 49.974838 ], [ 19.9662566, 49.9750418 ], [ 19.9661661, 49.9751796 ], [ 19.9660793, 49.9752983 ], [ 19.9659473, 49.9754925 ], [ 19.9659454, 49.9757347 ], [ 19.9658956, 49.9758143 ], [ 19.9658171, 49.9759478 ], [ 19.9658199, 49.9759615 ], [ 19.9657294, 49.9761604 ], [ 19.9656509, 49.9763029 ], [ 19.9656403, 49.9763088 ], [ 19.9655997, 49.9764785 ], [ 19.9655221, 49.9765558 ], [ 19.9654358, 49.9766063 ], [ 19.9653391, 49.9767192 ], [ 19.9652687, 49.9768093 ], [ 19.9652341, 49.9768542 ], [ 19.9651891, 49.9769724 ], [ 19.9651575, 49.9769723 ], [ 19.9651759, 49.9770051 ], [ 19.9651346, 49.9771311 ], [ 19.965073, 49.9772214 ], [ 19.9650132, 49.977327 ], [ 19.9649763, 49.9773922 ], [ 19.9649306, 49.9774599 ], [ 19.9648491, 49.9775822 ], [ 19.9643513, 49.9776583 ], [ 19.9643224, 49.9777073 ], [ 19.9642996, 49.977746 ], [ 19.9643536, 49.9777337 ], [ 19.9644048, 49.9777213 ], [ 19.9647668, 49.9777631 ], [ 19.9649101, 49.9777975 ], [ 19.964979, 49.9778405 ], [ 19.9650439, 49.9778725 ], [ 19.9652375, 49.9778937 ], [ 19.9653263, 49.97794 ], [ 19.965338, 49.9779978 ], [ 19.9653553, 49.9780488 ], [ 19.9654483, 49.9781178 ], [ 19.965434, 49.9781951 ], [ 19.9654833, 49.9782146 ], [ 19.9655348, 49.978215 ], [ 19.9655946, 49.9782373 ], [ 19.9655874, 49.9783091 ], [ 19.965591, 49.9783922 ], [ 19.9656239, 49.9784323 ], [ 19.9656925, 49.9784325 ], [ 19.9658354, 49.9783865 ], [ 19.965873, 49.9783622 ], [ 19.9659412, 49.9783392 ], [ 19.9660776, 49.9782933 ], [ 19.9661632, 49.9782788 ], [ 19.9662464, 49.9782971 ], [ 19.9663773, 49.9783401 ], [ 19.9664008, 49.9783548 ], [ 19.9664896, 49.9784004 ], [ 19.9665023, 49.9784064 ], [ 19.9665372, 49.9784805 ], [ 19.9665493, 49.9785899 ], [ 19.9665353, 49.9786627 ], [ 19.9665359, 49.9787456 ], [ 19.9666563, 49.9787689 ], [ 19.9667393, 49.978766 ], [ 19.9668424, 49.9788546 ], [ 19.9669655, 49.9788378 ], [ 19.966986, 49.9787899 ], [ 19.9670422, 49.9787467 ], [ 19.9671384, 49.9787486 ], [ 19.9672298, 49.9787643 ], [ 19.9672615, 49.9787549 ], [ 19.9672781, 49.9787547 ], [ 19.96735, 49.9788147 ], [ 19.9674678, 49.9788548 ], [ 19.967519, 49.9788991 ], [ 19.9675647, 49.9788901 ], [ 19.9676875, 49.9788911 ], [ 19.9677247, 49.9789001 ], [ 19.9677648, 49.9789045 ], [ 19.9677932, 49.9789085 ], [ 19.9680282, 49.978953 ], [ 19.9680739, 49.9789534 ], [ 19.968182, 49.9789608 ], [ 19.9682231, 49.9789614 ], [ 19.9684326, 49.9790307 ], [ 19.9685263, 49.9790865 ], [ 19.9686128, 49.9791128 ], [ 19.9685939, 49.9791732 ], [ 19.9685642, 49.9792335 ], [ 19.9686415, 49.9792536 ], [ 19.968697, 49.97927 ], [ 19.9687453, 49.979376 ], [ 19.9687894, 49.9794377 ], [ 19.9688423, 49.9794293 ], [ 19.9689164, 49.9794719 ], [ 19.9689581, 49.9794891 ], [ 19.969028, 49.9794555 ], [ 19.9691266, 49.9794738 ], [ 19.9691648, 49.9794526 ], [ 19.9692033, 49.9794622 ], [ 19.9692594, 49.9794293 ], [ 19.9692878, 49.9795189 ], [ 19.9693635, 49.9795554 ], [ 19.969501, 49.9795978 ], [ 19.9695904, 49.9795932 ], [ 19.9695852, 49.9795351 ], [ 19.969608, 49.9794937 ], [ 19.969641, 49.9795212 ], [ 19.9697056, 49.9795382 ], [ 19.9698398, 49.9795004 ], [ 19.9698861, 49.9795307 ], [ 19.9699543, 49.9795193 ], [ 19.9698982, 49.979581 ], [ 19.9699285, 49.9795938 ], [ 19.9699889, 49.979576 ], [ 19.9699769, 49.9796174 ], [ 19.97008, 49.9796258 ], [ 19.9701799, 49.9796602 ], [ 19.9702279, 49.9796627 ], [ 19.9702788, 49.9797173 ], [ 19.9704208, 49.97975 ], [ 19.9704413, 49.9797886 ], [ 19.9705353, 49.9798021 ], [ 19.9707312, 49.9798652 ], [ 19.9707759, 49.9798858 ], [ 19.9708637, 49.9799463 ], [ 19.9709427, 49.9799675 ], [ 19.9710902, 49.9799463 ], [ 19.971118, 49.9799547 ], [ 19.9711721, 49.9799026 ], [ 19.9712058, 49.9798524 ], [ 19.9712583, 49.9798426 ], [ 19.9713226, 49.9798363 ], [ 19.9713748, 49.9799043 ], [ 19.9714241, 49.9798982 ], [ 19.9714395, 49.9799288 ], [ 19.9714715, 49.9799196 ], [ 19.9714832, 49.9798818 ], [ 19.9715132, 49.9798812 ], [ 19.9715495, 49.9798871 ], [ 19.971573, 49.9799001 ], [ 19.9716193, 49.9798879 ], [ 19.9716764, 49.9798224 ], [ 19.9717554, 49.9798923 ], [ 19.9717923, 49.9799039 ], [ 19.9718191, 49.9799601 ], [ 19.9719023, 49.9799664 ], [ 19.9719346, 49.9799559 ], [ 19.9719708, 49.9799582 ], [ 19.9720038, 49.9799738 ], [ 19.9719816, 49.9800082 ], [ 19.9720035, 49.9800309 ], [ 19.9720485, 49.9800546 ], [ 19.9720818, 49.9800772 ], [ 19.9720916, 49.9801316 ], [ 19.9721223, 49.9801089 ], [ 19.9721902, 49.9800976 ], [ 19.972264, 49.9801129 ], [ 19.9722731, 49.9800474 ], [ 19.9722933, 49.9799989 ], [ 19.9724324, 49.9800386 ], [ 19.9725466, 49.98006 ], [ 19.972653, 49.9801215 ], [ 19.9729523, 49.9802326 ], [ 19.9730767, 49.9802479 ], [ 19.9732853, 49.9803046 ], [ 19.9734136, 49.9803291 ], [ 19.9735673, 49.9803665 ], [ 19.9736864, 49.9803566 ], [ 19.973771, 49.9803772 ], [ 19.9738633, 49.9803633 ], [ 19.9739818, 49.9803835 ], [ 19.9740132, 49.9804032 ], [ 19.9740451, 49.9804101 ], [ 19.9742139, 49.9803902 ], [ 19.9744009, 49.9803902 ], [ 19.9744234, 49.9804133 ], [ 19.9744306, 49.9804714 ], [ 19.9745214, 49.9804998 ], [ 19.9745922, 49.9805602 ], [ 19.9747577, 49.980603 ], [ 19.9749636, 49.9806926 ], [ 19.9751118, 49.9807101 ], [ 19.9756422, 49.9808494 ], [ 19.9757552, 49.9807743 ], [ 19.9758815, 49.9807489 ], [ 19.9761093, 49.9808194 ], [ 19.9761756, 49.9808734 ], [ 19.9763238, 49.9808419 ], [ 19.9764256, 49.9808343 ], [ 19.9765522, 49.9807772 ], [ 19.9766113, 49.9807915 ], [ 19.9766374, 49.9807936 ], [ 19.9767739, 49.9808045 ], [ 19.9769593, 49.9807907 ], [ 19.9770611, 49.9808576 ], [ 19.977112, 49.9808461 ], [ 19.9771225, 49.980934 ], [ 19.9771081, 49.9810077 ], [ 19.9772507, 49.9810207 ], [ 19.9773105, 49.9810482 ], [ 19.9773578, 49.9810478 ], [ 19.977646, 49.981091 ], [ 19.9777002, 49.9810631 ], [ 19.9777456, 49.9811009 ], [ 19.977773, 49.9811299 ], [ 19.9778601, 49.9811697 ], [ 19.977947, 49.981166 ], [ 19.9780002, 49.9811397 ], [ 19.9780716, 49.9811417 ], [ 19.97814, 49.9811213 ], [ 19.9782374, 49.9811367 ], [ 19.9783576, 49.9811281 ], [ 19.9784248, 49.9811617 ], [ 19.9784437, 49.9811528 ], [ 19.9784849, 49.9811688 ], [ 19.9785126, 49.9811601 ], [ 19.9785534, 49.9811259 ], [ 19.978652, 49.9810798 ], [ 19.9786668, 49.9810946 ], [ 19.9787369, 49.9811126 ], [ 19.9788055, 49.9811474 ], [ 19.9788959, 49.9811181 ], [ 19.9789072, 49.9810753 ], [ 19.9790476, 49.9810955 ], [ 19.979111, 49.9810963 ], [ 19.9791862, 49.9811163 ], [ 19.9792082, 49.9810956 ], [ 19.9792675, 49.9810297 ], [ 19.9793457, 49.9810321 ], [ 19.9794044, 49.9810708 ], [ 19.9795018, 49.9810389 ], [ 19.979542, 49.9810497 ], [ 19.9796117, 49.9810582 ], [ 19.9796464, 49.9810435 ], [ 19.9797192, 49.9810296 ], [ 19.9797731, 49.9810185 ], [ 19.9798784, 49.980991 ], [ 19.9799356, 49.9810065 ], [ 19.9801315, 49.9809705 ], [ 19.9802404, 49.9809696 ], [ 19.980307, 49.9809783 ], [ 19.9803618, 49.9809497 ], [ 19.9804504, 49.9809419 ], [ 19.9805632, 49.9809553 ], [ 19.9806012, 49.9809728 ], [ 19.9806937, 49.9809717 ], [ 19.9807446, 49.9809681 ], [ 19.9809963, 49.9809819 ], [ 19.9810552, 49.980998 ], [ 19.9811652, 49.9809967 ], [ 19.9812652, 49.9809992 ], [ 19.981428, 49.9810323 ], [ 19.9817158, 49.9810433 ], [ 19.9820447, 49.9810489 ], [ 19.9821363, 49.981041 ], [ 19.98222, 49.9810344 ], [ 19.9823561, 49.9809714 ], [ 19.9824208, 49.9809512 ], [ 19.9824853, 49.9809244 ], [ 19.9825064, 49.9808847 ], [ 19.9825064, 49.9808533 ], [ 19.9825244, 49.9808111 ], [ 19.9825264, 49.9807718 ], [ 19.9825661, 49.9807466 ], [ 19.9825869, 49.9806997 ], [ 19.982575, 49.9806679 ], [ 19.9825819, 49.980638 ], [ 19.9825236, 49.9805869 ], [ 19.9825375, 49.980518 ], [ 19.9825225, 49.9804446 ], [ 19.9825297, 49.9803938 ], [ 19.9825741, 49.9803008 ], [ 19.9825669, 49.9802431 ], [ 19.9825911, 49.9801889 ], [ 19.9825319, 49.9801411 ], [ 19.9825036, 49.9800748 ], [ 19.9824355, 49.9799976 ], [ 19.9824002, 49.9799224 ], [ 19.9823247, 49.9798992 ], [ 19.9822805, 49.979862 ], [ 19.9822811, 49.9798141 ], [ 19.9822608, 49.9797981 ], [ 19.9822691, 49.979772 ], [ 19.9822383, 49.9797391 ], [ 19.9822513, 49.9797216 ], [ 19.9822505, 49.9797082 ], [ 19.9822291, 49.9796966 ], [ 19.9822033, 49.979698 ], [ 19.9821888, 49.9796943 ], [ 19.9821363, 49.9796984 ], [ 19.9821033, 49.9796659 ], [ 19.9820549, 49.9796305 ], [ 19.9820566, 49.9795387 ], [ 19.9820608, 49.9794924 ], [ 19.9820366, 49.9794653 ], [ 19.9820622, 49.9794319 ], [ 19.9820488, 49.9793908 ], [ 19.9820388, 49.9793377 ], [ 19.9820091, 49.9792748 ], [ 19.9819952, 49.9792123 ], [ 19.9820216, 49.9791607 ], [ 19.9819572, 49.9789851 ], [ 19.9819524, 49.9789747 ], [ 19.9819319, 49.9789384 ], [ 19.9819013, 49.9788868 ], [ 19.9818647, 49.9788061 ], [ 19.981858, 49.9787925 ], [ 19.9817755, 49.9787441 ], [ 19.9816566, 49.9786592 ], [ 19.9815935, 49.9785894 ], [ 19.9815394, 49.9785454 ], [ 19.9814321, 49.9784399 ], [ 19.9814371, 49.9783618 ], [ 19.9814102, 49.9783286 ], [ 19.9814141, 49.9782803 ], [ 19.9813777, 49.9782335 ], [ 19.9813677, 49.9780833 ], [ 19.9813899, 49.9780306 ], [ 19.9813868, 49.9779999 ], [ 19.9814232, 49.9779723 ], [ 19.9814582, 49.9779141 ], [ 19.9814796, 49.9778775 ], [ 19.9814985, 49.9778226 ], [ 19.9815341, 49.9777835 ], [ 19.9815327, 49.9777499 ], [ 19.9815721, 49.9777069 ], [ 19.9815946, 49.9776776 ], [ 19.981611, 49.9776563 ], [ 19.9816821, 49.9776117 ], [ 19.9817458, 49.9775745 ], [ 19.9817716, 49.9775493 ], [ 19.9817824, 49.9774934 ], [ 19.9817669, 49.9774573 ], [ 19.9817444, 49.9774285 ], [ 19.9818119, 49.9773635 ], [ 19.9820236, 49.9772722 ], [ 19.9820672, 49.9772313 ], [ 19.9821205, 49.9771811 ], [ 19.98217, 49.9771479 ], [ 19.9822352, 49.9771143 ], [ 19.9822369, 49.9770745 ], [ 19.9821691, 49.9769503 ], [ 19.9821588, 49.9768803 ], [ 19.9822258, 49.9765948 ], [ 19.9822516, 49.9762244 ], [ 19.9822611, 49.9760921 ], [ 19.982255, 49.9759738 ], [ 19.9822458, 49.975865 ], [ 19.9822366, 49.9757478 ], [ 19.9822272, 49.9756483 ], [ 19.9821883, 49.9754332 ], [ 19.9821591, 49.9752534 ], [ 19.9821538, 49.9751936 ], [ 19.9821008, 49.9750802 ], [ 19.9820224, 49.9749372 ], [ 19.9819274, 49.9747664 ], [ 19.9818594, 49.9746508 ], [ 19.9817741, 49.9745358 ], [ 19.9816296, 49.9743439 ], [ 19.9815207, 49.9741368 ], [ 19.9815069, 49.974057 ], [ 19.9814921, 49.9740279 ], [ 19.9814941, 49.97397 ], [ 19.9815016, 49.9738626 ], [ 19.9814913, 49.9737977 ], [ 19.9814805, 49.973757 ], [ 19.9814393, 49.9736782 ], [ 19.9813441, 49.973554 ], [ 19.9812368, 49.9734349 ], [ 19.9811649, 49.9733539 ], [ 19.9811196, 49.9732982 ], [ 19.9810732, 49.9732173 ], [ 19.9810618, 49.973121 ], [ 19.9810746, 49.9730675 ], [ 19.9811279, 49.9729636 ], [ 19.9811738, 49.9728015 ], [ 19.9812149, 49.9727467 ], [ 19.9812279, 49.9726836 ], [ 19.981251, 49.9726479 ], [ 19.9812796, 49.9726303 ], [ 19.9813196, 49.9726234 ], [ 19.9816221, 49.9726123 ], [ 19.9818597, 49.9726032 ], [ 19.982678, 49.9725883 ], [ 19.983085, 49.9725701 ], [ 19.9834016, 49.9725737 ], [ 19.9837835, 49.9725919 ], [ 19.9843398, 49.972654 ], [ 19.9846003, 49.9726928 ], [ 19.9848593, 49.9727123 ], [ 19.9850101, 49.9727488 ], [ 19.9851577, 49.9727337 ], [ 19.98555, 49.9727702 ], [ 19.9856773, 49.9727941 ], [ 19.9857831, 49.9728017 ], [ 19.9859796, 49.972829 ], [ 19.9861473, 49.9728861 ], [ 19.9863882, 49.9729394 ], [ 19.9865214, 49.9729172 ], [ 19.9868439, 49.972981 ], [ 19.9869842, 49.973015 ], [ 19.987043, 49.973041 ], [ 19.987389, 49.9730276 ], [ 19.9874908, 49.973015 ], [ 19.9877806, 49.9730255 ], [ 19.9882461, 49.9730322 ], [ 19.988972, 49.97304 ], [ 19.9896398, 49.9730137 ], [ 19.990006, 49.973009 ], [ 19.9900818, 49.973002 ], [ 19.9903729, 49.973033 ], [ 19.9910303, 49.9731199 ], [ 19.991232, 49.9731435 ], [ 19.9916074, 49.9731926 ], [ 19.9918979, 49.9732383 ], [ 19.9920755, 49.9732711 ], [ 19.9923079, 49.9732954 ], [ 19.9926251, 49.9733328 ], [ 19.9928007, 49.9733723 ], [ 19.9933269, 49.9735091 ], [ 19.993637, 49.9735574 ], [ 19.9937036, 49.9735604 ], [ 19.994045, 49.9735923 ], [ 19.9946795, 49.9736628 ], [ 19.9951717, 49.9737245 ], [ 19.9952116, 49.9737321 ], [ 19.9952932, 49.9737392 ], [ 19.9956352, 49.9737854 ], [ 19.99604, 49.9738244 ], [ 19.9960883, 49.9738375 ], [ 19.9964826, 49.9738673 ], [ 19.9967385, 49.9738752 ], [ 19.9972934, 49.9739454 ], [ 19.9978208, 49.9740474 ], [ 19.997986, 49.9740785 ], [ 19.9979736, 49.9741612 ], [ 19.9980245, 49.974251 ], [ 19.9980653, 49.9743038 ], [ 19.998174, 49.9743446 ], [ 19.9983131, 49.9743786 ], [ 19.9984612, 49.9744639 ], [ 19.9986009, 49.9745252 ], [ 19.9989946, 49.9746452 ], [ 19.9991121, 49.9747305 ], [ 19.9993112, 49.9748148 ], [ 19.9994496, 49.97484 ], [ 19.9996709, 49.9748581 ], [ 19.999778, 49.9748539 ], [ 19.9998276, 49.9749748 ], [ 19.9998733, 49.9750168 ], [ 20.0006194, 49.9754186 ], [ 20.0009067, 49.9755785 ], [ 20.0010868, 49.9756558 ], [ 20.0011056, 49.9756693 ], [ 20.0011253, 49.9756835 ], [ 20.0013832, 49.9756033 ], [ 20.0016633, 49.9755307 ], [ 20.0018748, 49.9754454 ], [ 20.002085, 49.9753867 ], [ 20.0021946, 49.9753665 ], [ 20.0023024, 49.9753539 ], [ 20.002446, 49.9753527 ], [ 20.0027091, 49.9753787 ], [ 20.0028324, 49.9753611 ], [ 20.0029845, 49.9753249 ], [ 20.0031112, 49.9752804 ], [ 20.0033005, 49.9752036 ], [ 20.0033912, 49.9751532 ], [ 20.00323, 49.9750411 ], [ 20.0030864, 49.974911 ], [ 20.0029029, 49.9746767 ], [ 20.003371, 49.9746368 ], [ 20.0036909, 49.9746234 ], [ 20.0043933, 49.9746394 ], [ 20.0046283, 49.9746507 ], [ 20.0047497, 49.9746587 ], [ 20.0051316, 49.9746708 ], [ 20.0055129, 49.9746784 ], [ 20.005693, 49.9746969 ], [ 20.0061526, 49.9747657 ], [ 20.0064209, 49.9747703 ], [ 20.006701, 49.9747582 ], [ 20.0068733, 49.9747586 ], [ 20.0071939, 49.9748581 ], [ 20.0073042, 49.9748879 ], [ 20.0074746, 49.9749123 ], [ 20.0077318, 49.974979 ], [ 20.0080967, 49.9750424 ], [ 20.0082233, 49.9750835 ], [ 20.0080931, 49.9751291 ], [ 20.0079629, 49.97517 ], [ 20.0078336, 49.9752389 ], [ 20.0077559, 49.9753014 ], [ 20.0077035, 49.9753519 ], [ 20.0076733, 49.9754066 ], [ 20.0077908, 49.9755145 ], [ 20.0080438, 49.9757954 ], [ 20.0081733, 49.9758798 ], [ 20.0082399, 49.9759642 ], [ 20.0083865, 49.9760152 ], [ 20.0084547, 49.9760265 ], [ 20.0085249, 49.9760127 ], [ 20.0086003, 49.9760141 ], [ 20.0090739, 49.976176 ], [ 20.0091689, 49.9760989 ], [ 20.009302, 49.976286 ], [ 20.009491, 49.9765503 ], [ 20.0095367, 49.9766122 ], [ 20.0095971, 49.9766779 ], [ 20.0096255, 49.9767795 ], [ 20.0097551, 49.9768811 ], [ 20.0097985, 49.9769799 ], [ 20.0098491, 49.9770578 ], [ 20.0099297, 49.9771894 ], [ 20.0100162, 49.9772436 ], [ 20.0099857, 49.9773075 ], [ 20.009961, 49.9773927 ], [ 20.0099529, 49.9774297 ], [ 20.0099082, 49.9776384 ], [ 20.0098985, 49.9777548 ], [ 20.0098759, 49.9779643 ], [ 20.0098976, 49.9781285 ], [ 20.0098966, 49.9782558 ], [ 20.0098828, 49.9783737 ], [ 20.0098339, 49.9786129 ], [ 20.0098066, 49.9787338 ], [ 20.0097914, 49.9788192 ], [ 20.0097711, 49.9789484 ], [ 20.0097512, 49.9790855 ], [ 20.0097411, 49.9791642 ], [ 20.0097328, 49.9792915 ], [ 20.0097254, 49.97938 ], [ 20.0097194, 49.9794269 ], [ 20.0096958, 49.9795281 ], [ 20.0096831, 49.9795914 ], [ 20.009678, 49.9796907 ], [ 20.0096696, 49.9797955 ], [ 20.0096625, 49.9798944 ], [ 20.0096574, 49.9799568 ], [ 20.0096512, 49.9800309 ], [ 20.0096493, 49.9800935 ], [ 20.0096634, 49.9801309 ], [ 20.0097018, 49.9801825 ], [ 20.0097471, 49.9802216 ], [ 20.0100365, 49.9803145 ], [ 20.0102447, 49.9803892 ], [ 20.0104523, 49.9804694 ], [ 20.0104677, 49.9804753 ], [ 20.0106008, 49.9805368 ], [ 20.010875, 49.980647 ], [ 20.0111215, 49.9807632 ], [ 20.0113242, 49.9808585 ], [ 20.0115925, 49.9809992 ], [ 20.0116695, 49.9810428 ], [ 20.0117844, 49.9811199 ], [ 20.0118875, 49.9811837 ], [ 20.0119621, 49.9812288 ], [ 20.0120597, 49.9812848 ], [ 20.0121451, 49.9813342 ], [ 20.0122553, 49.9814057 ], [ 20.0125018, 49.9815642 ], [ 20.0126085, 49.9816081 ], [ 20.0126897, 49.9816324 ], [ 20.0127419, 49.9817102 ], [ 20.0128697, 49.9817811 ], [ 20.0130747, 49.9818984 ], [ 20.0132806, 49.9820189 ], [ 20.013438, 49.9820993 ], [ 20.0136198, 49.9822035 ], [ 20.0137671, 49.9822941 ], [ 20.01393, 49.9824371 ], [ 20.0140593, 49.9825253 ], [ 20.0142005, 49.9826746 ], [ 20.0143072, 49.982755 ], [ 20.0144069, 49.9828509 ], [ 20.0145514, 49.9829542 ], [ 20.0146986, 49.983083 ], [ 20.0148403, 49.9831925 ], [ 20.015043, 49.9833573 ], [ 20.0151782, 49.9834647 ], [ 20.0152733, 49.9835606 ], [ 20.0155253, 49.983809 ], [ 20.015602, 49.983893 ], [ 20.0157774, 49.9841388 ], [ 20.0157898, 49.9841545 ], [ 20.0160234, 49.9843801 ], [ 20.0162053, 49.9845021 ], [ 20.0162824, 49.9845555 ], [ 20.0165667, 49.9847238 ], [ 20.0166373, 49.9847742 ], [ 20.016725, 49.9848615 ], [ 20.0168963, 49.9848953 ], [ 20.0169282, 49.9849268 ], [ 20.0170112, 49.9849776 ], [ 20.0171257, 49.9850497 ], [ 20.0171536, 49.9850572 ], [ 20.0172053, 49.9850951 ], [ 20.0173734, 49.9851972 ], [ 20.017525, 49.9852907 ], [ 20.0176261, 49.9853398 ], [ 20.0177731, 49.9854171 ], [ 20.0179109, 49.9854906 ], [ 20.0180932, 49.9855884 ], [ 20.018256, 49.985651 ], [ 20.0184284, 49.9857451 ], [ 20.0185484, 49.9858252 ], [ 20.0186045, 49.9858628 ], [ 20.0186112, 49.9860623 ], [ 20.0186585, 49.9862329 ], [ 20.0186719, 49.9863158 ], [ 20.0186495, 49.9864044 ], [ 20.0186301, 49.9864478 ], [ 20.0185821, 49.986511 ], [ 20.0184688, 49.9866303 ], [ 20.0183404, 49.9867573 ], [ 20.0181953, 49.9868824 ], [ 20.018081, 49.9869817 ], [ 20.0179742, 49.9870672 ], [ 20.0179178, 49.9871141 ], [ 20.0178412, 49.9871819 ], [ 20.0178248, 49.9871963 ], [ 20.0177016, 49.98728 ], [ 20.0176016, 49.9873468 ], [ 20.0174585, 49.9874417 ], [ 20.0173528, 49.9875146 ], [ 20.0172499, 49.9875836 ], [ 20.0171486, 49.9876471 ], [ 20.0170466, 49.9877084 ], [ 20.0169766, 49.9877396 ], [ 20.016771, 49.9878541 ], [ 20.0165679, 49.9879675 ], [ 20.0164121, 49.9880543 ], [ 20.0162284, 49.9881561 ], [ 20.0160873, 49.988238 ], [ 20.0160299, 49.9882714 ], [ 20.0158711, 49.9883808 ], [ 20.0157891, 49.9884432 ], [ 20.0156807, 49.9885479 ], [ 20.0156518, 49.9885756 ], [ 20.0155738, 49.9886767 ], [ 20.0155166, 49.9887476 ], [ 20.015427, 49.9888524 ], [ 20.0153543, 49.9889657 ], [ 20.0152932, 49.9891051 ], [ 20.015247, 49.9892492 ], [ 20.015244, 49.9892548 ], [ 20.0151579, 49.9894265 ], [ 20.0151104, 49.9895198 ], [ 20.0151106, 49.989602 ], [ 20.014989, 49.9896933 ], [ 20.01494, 49.9898693 ], [ 20.0148902, 49.9900472 ], [ 20.0148837, 49.9900692 ], [ 20.014808, 49.990206 ], [ 20.0147662, 49.9902794 ], [ 20.0147281, 49.9904133 ], [ 20.0147067, 49.9904834 ], [ 20.0145758, 49.9906124 ], [ 20.0144692, 49.9907179 ], [ 20.0143323, 49.9908779 ], [ 20.014318, 49.9908927 ], [ 20.0142068, 49.991008 ], [ 20.0141641, 49.9910576 ], [ 20.0141384, 49.9910898 ], [ 20.0140399, 49.9912114 ], [ 20.0140274, 49.9912257 ], [ 20.0139143, 49.9913531 ], [ 20.013913, 49.9913841 ], [ 20.0138546, 49.9915282 ], [ 20.0137999, 49.9916327 ], [ 20.0137472, 49.9917527 ], [ 20.0136907, 49.9919642 ], [ 20.0136466, 49.9921298 ], [ 20.013627, 49.9923216 ], [ 20.0136189, 49.9925494 ], [ 20.0136651, 49.9926277 ], [ 20.0136272, 49.9927942 ], [ 20.0135974, 49.9929307 ], [ 20.0135543, 49.9930386 ], [ 20.0134753, 49.9932416 ], [ 20.0134532, 49.9933293 ], [ 20.0130684, 49.9933754 ], [ 20.0128873, 49.9933963 ], [ 20.0128439, 49.993422 ], [ 20.012858, 49.9935107 ], [ 20.0130244, 49.9935969 ], [ 20.0129542, 49.9937171 ], [ 20.0127691, 49.9938259 ], [ 20.0127197, 49.9938484 ], [ 20.012644, 49.9940071 ], [ 20.0126218, 49.9940536 ], [ 20.0125514, 49.9941658 ], [ 20.0124963, 49.9942764 ], [ 20.0124187, 49.9943618 ], [ 20.0123737, 49.9944317 ], [ 20.012308, 49.9945603 ], [ 20.0122805, 49.9946154 ], [ 20.0122329, 49.9946847 ], [ 20.0121812, 49.9947075 ], [ 20.0121076, 49.9947753 ], [ 20.0119694, 49.9948362 ], [ 20.0118163, 49.9949607 ], [ 20.0117305, 49.9949995 ], [ 20.0115588, 49.9950918 ], [ 20.011496, 49.9950982 ], [ 20.0110959, 49.9952313 ], [ 20.0109893, 49.9952767 ], [ 20.0109602, 49.9952631 ], [ 20.0106016, 49.9951969 ], [ 20.0104945, 49.9952085 ], [ 20.0104239, 49.99518 ], [ 20.0102715, 49.995161 ], [ 20.0102364, 49.9951865 ], [ 20.010175, 49.9952197 ], [ 20.0100407, 49.9952096 ], [ 20.0098962, 49.9952533 ], [ 20.0098228, 49.9952705 ], [ 20.009689, 49.9953058 ], [ 20.0092366, 49.9953945 ], [ 20.0089075, 49.995458 ], [ 20.0087616, 49.9954954 ], [ 20.0085003, 49.9955316 ], [ 20.0083974, 49.9956052 ], [ 20.0083365, 49.9956577 ], [ 20.0081855, 49.9957405 ], [ 20.0081232, 49.995826 ], [ 20.0079649, 49.9959153 ], [ 20.0079293, 49.9959723 ], [ 20.0078001, 49.9960105 ], [ 20.0077066, 49.9960454 ], [ 20.0077155, 49.996106 ], [ 20.0075177, 49.996174 ], [ 20.0074198, 49.9962535 ], [ 20.0073636, 49.9963066 ], [ 20.0071965, 49.996396 ], [ 20.0070839, 49.9964638 ], [ 20.0069465, 49.9965099 ], [ 20.0067807, 49.9965496 ], [ 20.006656, 49.9965771 ], [ 20.0065969, 49.9966092 ], [ 20.0065146, 49.9966449 ], [ 20.0064445, 49.9966123 ], [ 20.0063661, 49.9966459 ], [ 20.006292, 49.9966421 ], [ 20.0061403, 49.996661 ], [ 20.0060769, 49.9966856 ], [ 20.0060489, 49.9967114 ], [ 20.0060492, 49.9967395 ], [ 20.0059389, 49.9967806 ], [ 20.0058573, 49.9967592 ], [ 20.0058184, 49.9967819 ], [ 20.0057558, 49.9968471 ], [ 20.0056383, 49.9968696 ], [ 20.0054868, 49.9969128 ], [ 20.0053595, 49.9969529 ], [ 20.0052831, 49.9969713 ], [ 20.0052312, 49.9970076 ], [ 20.0051986, 49.9970389 ], [ 20.0050357, 49.9970664 ], [ 20.0049058, 49.9970641 ], [ 20.0047775, 49.9971253 ], [ 20.0047015, 49.9971149 ], [ 20.0046385, 49.9970672 ], [ 20.004425, 49.9969718 ], [ 20.004486, 49.997015 ], [ 20.0044005, 49.9972414 ], [ 20.0043104, 49.9973182 ], [ 20.0041831, 49.9973568 ], [ 20.0040157, 49.9974843 ], [ 20.0040441, 49.9975194 ], [ 20.0041378, 49.9975979 ], [ 20.0039925, 49.9976566 ], [ 20.0039171, 49.997751 ], [ 20.0037983, 49.9978312 ], [ 20.003705, 49.9978572 ], [ 20.0036821, 49.9978962 ], [ 20.0036403, 49.9979248 ], [ 20.0035489, 49.9979159 ], [ 20.0033746, 49.9979806 ], [ 20.0032545, 49.9980064 ], [ 20.0032659, 49.9981988 ], [ 20.0032095, 49.9983301 ], [ 20.0031507, 49.9984436 ], [ 20.0031292, 49.9985467 ], [ 20.0030943, 49.9986249 ], [ 20.0030659, 49.9987357 ], [ 20.0030074, 49.9988549 ], [ 20.0029209, 49.9988926 ], [ 20.0028031, 49.9990085 ], [ 20.0027444, 49.9990815 ], [ 20.0027979, 49.999139 ], [ 20.002761, 49.9992344 ], [ 20.0028697, 49.9993114 ], [ 20.0029301, 49.9993593 ], [ 20.0030429, 49.9994989 ], [ 20.0032418, 49.9996271 ], [ 20.0034788, 49.9998264 ], [ 20.003497, 49.999916 ], [ 20.0035013, 50.0000284 ], [ 20.0034873, 50.0001189 ], [ 20.0035326, 50.0001904 ], [ 20.0035, 50.0002565 ], [ 20.0034983, 50.0003205 ], [ 20.0035179, 50.0003883 ], [ 20.0036358, 50.0004699 ], [ 20.0036574, 50.0004914 ], [ 20.0036991, 50.000533 ], [ 20.0036635, 50.0005622 ], [ 20.0036426, 50.0005895 ], [ 20.0036834, 50.0006923 ], [ 20.0037281, 50.0007739 ], [ 20.0038616, 50.0009101 ], [ 20.0040637, 50.0010617 ], [ 20.0041074, 50.0011106 ], [ 20.0041373, 50.0011716 ], [ 20.0041448, 50.0011869 ], [ 20.0042594, 50.0011685 ], [ 20.0044014, 50.0012055 ], [ 20.0050109, 50.001429 ], [ 20.0057489, 50.0017285 ], [ 20.0057867, 50.0017648 ], [ 20.0061148, 50.0019639 ], [ 20.0062251, 50.002273 ], [ 20.0063078, 50.0024886 ], [ 20.0065552, 50.0025201 ], [ 20.0068566, 50.0025758 ], [ 20.0073918, 50.002709 ], [ 20.0081342, 50.0028765 ], [ 20.0086758, 50.0029891 ], [ 20.0089238, 50.0030297 ], [ 20.0099092, 50.0032199 ], [ 20.0105336, 50.0033268 ], [ 20.0111097, 50.0034047 ], [ 20.0121878, 50.0035138 ], [ 20.0127137, 50.0036181 ], [ 20.0131694, 50.0036679 ], [ 20.0132705, 50.003709 ], [ 20.013393, 50.0036736 ], [ 20.0138522, 50.0037522 ], [ 20.0141, 50.0037473 ], [ 20.014311, 50.0037849 ], [ 20.0145753, 50.0038137 ], [ 20.01475, 50.0038086 ], [ 20.0148102, 50.0038399 ], [ 20.0149554, 50.0038517 ], [ 20.0150465, 50.0038381 ], [ 20.0152537, 50.0038762 ], [ 20.015379, 50.0038644 ], [ 20.0154893, 50.0038842 ], [ 20.0159743, 50.0039258 ], [ 20.0160985, 50.0038875 ], [ 20.01673, 50.003948 ], [ 20.0169924, 50.0040556 ], [ 20.0174778, 50.0042426 ], [ 20.0178482, 50.0042675 ], [ 20.0182813, 50.0043264 ], [ 20.0183314, 50.0042953 ], [ 20.0183849, 50.0042555 ], [ 20.0184893, 50.0041778 ], [ 20.0184811, 50.0039472 ], [ 20.0187376, 50.0034668 ], [ 20.0188023, 50.0032911 ], [ 20.0188245, 50.0031943 ], [ 20.018814, 50.0031142 ], [ 20.018984, 50.0030871 ], [ 20.0190746, 50.0030816 ], [ 20.0202035, 50.0030986 ], [ 20.0206005, 50.0031513 ], [ 20.0209512, 50.0031772 ], [ 20.0213863, 50.0032142 ], [ 20.0216085, 50.0032396 ], [ 20.0221537, 50.0032531 ], [ 20.0224573, 50.0032304 ], [ 20.0226041, 50.0032109 ], [ 20.0229305, 50.0031428 ], [ 20.0233613, 50.0030426 ], [ 20.0234214, 50.0030164 ], [ 20.0235185, 50.0030076 ], [ 20.0235956, 50.0030138 ], [ 20.024405, 50.0024304 ], [ 20.02524, 50.0018297 ], [ 20.0257513, 50.001435 ], [ 20.0257856, 50.0014085 ], [ 20.0262379, 50.0010401 ], [ 20.0266545, 50.0007128 ], [ 20.0270323, 50.0003786 ], [ 20.0273648, 50.0000868 ], [ 20.0277127, 49.9998111 ], [ 20.0281279, 49.999501 ], [ 20.0283303, 49.9993474 ], [ 20.0284838, 49.9991784 ], [ 20.028913, 49.9992433 ], [ 20.0291098, 49.9992748 ], [ 20.0291946, 49.9992884 ], [ 20.0292274, 49.999367 ], [ 20.0292399, 49.999396 ], [ 20.029252, 49.999483 ], [ 20.0293027, 49.9995665 ], [ 20.0293207, 49.9996221 ], [ 20.0293283, 49.9996734 ], [ 20.0293372, 49.9997345 ], [ 20.0292761, 49.9999107 ], [ 20.0292334, 50.0000427 ], [ 20.0292491, 50.00015 ], [ 20.029214, 50.000225 ], [ 20.0291889, 50.0003497 ], [ 20.0291807, 50.000408 ], [ 20.0291151, 50.0004665 ], [ 20.0290757, 50.0005857 ], [ 20.0290142, 50.0006814 ], [ 20.0288153, 50.0008955 ], [ 20.028797, 50.0009164 ], [ 20.0288397, 50.0009895 ], [ 20.0287946, 50.001063 ], [ 20.0288916, 50.0011012 ], [ 20.0291537, 50.0010768 ], [ 20.0295509, 50.0010639 ], [ 20.030157, 50.0009732 ], [ 20.0307263, 50.0010105 ], [ 20.0310129, 50.0009148 ], [ 20.0313386, 50.0009329 ], [ 20.0314907, 50.000953 ], [ 20.0316389, 50.000956 ], [ 20.0317479, 50.0010307 ], [ 20.0318289, 50.0010487 ], [ 20.0319065, 50.0010528 ], [ 20.0320254, 50.0010491 ], [ 20.0321253, 50.0010315 ], [ 20.0322134, 50.0010332 ], [ 20.0325052, 50.0010626 ], [ 20.0326625, 50.0011125 ], [ 20.0329543, 50.0011549 ], [ 20.0331397, 50.0011821 ], [ 20.0334093, 50.0012103 ], [ 20.0337666, 50.0012359 ], [ 20.0341951, 50.0012743 ], [ 20.034271, 50.0012816 ], [ 20.0344511, 50.001296 ], [ 20.0346621, 50.0013265 ], [ 20.034813, 50.0013441 ], [ 20.0350652, 50.0013457 ], [ 20.0353152, 50.0013545 ], [ 20.0354853, 50.0013722 ], [ 20.0356263, 50.0013949 ], [ 20.0356987, 50.0014096 ], [ 20.0358006, 50.0014049 ], [ 20.0359892, 50.0013856 ], [ 20.0365643, 50.0013042 ], [ 20.0367302, 50.0012695 ], [ 20.0368509, 50.0012442 ], [ 20.0371317, 50.0011726 ], [ 20.037537, 50.0010474 ], [ 20.0377257, 50.0010017 ], [ 20.0379488, 50.0008484 ], [ 20.0381174, 50.0007008 ], [ 20.038184, 50.0006165 ], [ 20.0383889, 50.0004789 ], [ 20.038545, 50.0003345 ], [ 20.0387355, 50.0002224 ], [ 20.0388622, 50.0000408 ], [ 20.0388916, 49.9999359 ], [ 20.0389752, 49.9998851 ], [ 20.0391697, 49.999826 ], [ 20.0395137, 49.9997622 ], [ 20.0396789, 49.9997441 ], [ 20.0400464, 49.9997429 ], [ 20.040229, 49.9997325 ], [ 20.0407978, 49.9996149 ], [ 20.0409499, 49.9995951 ], [ 20.041619, 49.9995097 ], [ 20.0420203, 49.9994533 ], [ 20.0421696, 49.9994329 ], [ 20.0422434, 49.9994293 ], [ 20.0424019, 49.9993922 ], [ 20.0424615, 49.9994033 ], [ 20.0426213, 49.9993652 ], [ 20.0427003, 49.9993452 ], [ 20.042823, 49.999317 ], [ 20.042931, 49.9992903 ], [ 20.0431608, 49.9992717 ], [ 20.0432707, 49.9992571 ], [ 20.0435002, 49.9992127 ], [ 20.0437422, 49.9991822 ], [ 20.0439781, 49.9991511 ], [ 20.0440792, 49.9991492 ], [ 20.0443704, 49.9991387 ], [ 20.0444751, 49.9991302 ], [ 20.0446881, 49.9991207 ], [ 20.0448964, 49.9991062 ], [ 20.0449737, 49.9991022 ], [ 20.0451359, 49.9990848 ], [ 20.0451869, 49.9990873 ], [ 20.0453811, 49.9990969 ], [ 20.0454665, 49.9991142 ], [ 20.0454937, 49.9991285 ], [ 20.0455238, 49.9991444 ], [ 20.0456241, 49.9991526 ], [ 20.0457377, 49.9991445 ], [ 20.0459029, 49.9991175 ], [ 20.0463032, 49.99911 ], [ 20.0463528, 49.9991255 ], [ 20.046443, 49.9991333 ], [ 20.0464622, 49.9991053 ], [ 20.0465175, 49.9991293 ], [ 20.0465838, 49.9991445 ], [ 20.0466703, 49.9991561 ], [ 20.0467704, 49.9991525 ], [ 20.0468642, 49.9991097 ], [ 20.0469434, 49.9990863 ], [ 20.0470263, 49.9990717 ], [ 20.0470863, 49.9990497 ], [ 20.0471014, 49.99902 ], [ 20.0472744, 49.9989794 ], [ 20.0473937, 49.9989794 ], [ 20.0475813, 49.9990001 ], [ 20.0477529, 49.9990309 ], [ 20.0479678, 49.999092 ], [ 20.0478992, 49.9991848 ], [ 20.0478831, 49.9992307 ], [ 20.0478267, 49.9993585 ], [ 20.0478044, 49.9994622 ], [ 20.0477873, 49.9996694 ], [ 20.047746, 49.9999578 ], [ 20.0477344, 50.0000671 ], [ 20.047734, 50.0001518 ], [ 20.0477416, 50.0003342 ], [ 20.0477472, 50.0003696 ], [ 20.0477591, 50.0004456 ], [ 20.0477728, 50.000583 ], [ 20.0477792, 50.0006667 ], [ 20.0477788, 50.0008397 ], [ 20.0477751, 50.0008991 ], [ 20.0477787, 50.0009785 ], [ 20.0477971, 50.0013506 ], [ 20.0478073, 50.0015582 ], [ 20.0478078, 50.001568 ], [ 20.047795, 50.0016292 ], [ 20.0477909, 50.0016489 ], [ 20.0477991, 50.0017684 ], [ 20.0478342, 50.0019435 ], [ 20.0480154, 50.0026865 ], [ 20.0481333, 50.0029523 ], [ 20.048174, 50.0033361 ], [ 20.0481306, 50.0035627 ], [ 20.0481256, 50.0037206 ], [ 20.0481219, 50.0038706 ], [ 20.0481419, 50.0039912 ], [ 20.0481689, 50.0040937 ], [ 20.0481941, 50.0041183 ], [ 20.0482829, 50.0041695 ], [ 20.0483667, 50.0041996 ], [ 20.0484701, 50.0042287 ], [ 20.048727, 50.0042809 ], [ 20.0487853, 50.0042908 ], [ 20.0489211, 50.0043117 ], [ 20.0491812, 50.0043209 ], [ 20.0493019, 50.004317 ], [ 20.0494286, 50.0043106 ], [ 20.0496034, 50.0042931 ], [ 20.0497019, 50.0042776 ], [ 20.0497887, 50.0042606 ], [ 20.0499909, 50.0042082 ], [ 20.0503602, 50.0041185 ], [ 20.0506878, 50.0040378 ], [ 20.0509844, 50.0039599 ], [ 20.0511153, 50.0039087 ], [ 20.0512203, 50.0038753 ], [ 20.0514039, 50.0038412 ], [ 20.0515168, 50.0038323 ], [ 20.0516104, 50.0038262 ], [ 20.0517006, 50.0038285 ], [ 20.0519767, 50.0038644 ], [ 20.052185, 50.0039018 ], [ 20.0523238, 50.0039159 ], [ 20.052641, 50.0039418 ], [ 20.0528688, 50.0039544 ], [ 20.053089, 50.0039815 ], [ 20.0533029, 50.0040165 ], [ 20.0535144, 50.004055 ], [ 20.0537265, 50.004083 ], [ 20.0538962, 50.0041024 ], [ 20.0540126, 50.0041107 ], [ 20.0542739, 50.0041209 ], [ 20.0543592, 50.0041181 ], [ 20.0546577, 50.0041295 ], [ 20.0548171, 50.0041263 ], [ 20.0550026, 50.0041179 ], [ 20.0551691, 50.0041137 ], [ 20.0551758, 50.0043589 ], [ 20.0551596, 50.0045967 ], [ 20.0553079, 50.0045656 ], [ 20.0555129, 50.0046009 ], [ 20.0555935, 50.0046071 ], [ 20.0558362, 50.0046204 ], [ 20.0561976, 50.0046277 ], [ 20.0565138, 50.0046301 ], [ 20.0567318, 50.0046413 ], [ 20.056976, 50.0046499 ], [ 20.0570708, 50.0046616 ], [ 20.057133, 50.0046713 ], [ 20.0572846, 50.0047079 ], [ 20.0573741, 50.0047422 ], [ 20.0574508, 50.0047835 ], [ 20.0575224, 50.0048319 ], [ 20.0575806, 50.0048897 ], [ 20.0577276, 50.0050882 ], [ 20.0577711, 50.0051359 ], [ 20.0578189, 50.0052029 ], [ 20.0578855, 50.005304 ], [ 20.0579579, 50.0053845 ], [ 20.0579665, 50.0053995 ], [ 20.0580117, 50.0054492 ], [ 20.058091, 50.005525 ], [ 20.0582631, 50.0056458 ], [ 20.0582874, 50.005657 ], [ 20.0585279, 50.0056344 ], [ 20.058697, 50.0056221 ], [ 20.0589612, 50.0055917 ], [ 20.0589926, 50.005588 ], [ 20.0591264, 50.0055724 ], [ 20.0592006, 50.0055699 ], [ 20.0593251, 50.0055541 ], [ 20.059412, 50.0055399 ], [ 20.0595661, 50.0055149 ], [ 20.0596579, 50.0055121 ], [ 20.0597928, 50.0054951 ], [ 20.0598783, 50.0054801 ], [ 20.0599938, 50.0054598 ], [ 20.0601062, 50.0054454 ], [ 20.0601362, 50.0054415 ], [ 20.0603289, 50.0054019 ], [ 20.0604154, 50.0053902 ], [ 20.060538, 50.0053627 ], [ 20.0605555, 50.0053588 ], [ 20.060658, 50.0053363 ], [ 20.0607528, 50.0053323 ], [ 20.0607932, 50.0053571 ], [ 20.0608103, 50.0053676 ], [ 20.060917, 50.0054403 ], [ 20.0609732, 50.0054786 ], [ 20.0610431, 50.0055262 ], [ 20.0611294, 50.0055688 ], [ 20.0612313, 50.0056236 ], [ 20.0613466, 50.0056798 ], [ 20.0613847, 50.0058317 ], [ 20.0613954, 50.0058292 ], [ 20.0615934, 50.0057836 ], [ 20.061645, 50.0058912 ], [ 20.061687, 50.0059676 ], [ 20.0617598, 50.0059565 ], [ 20.0617843, 50.0060314 ], [ 20.0618189, 50.0061385 ], [ 20.0618179, 50.0062507 ], [ 20.0619506, 50.0062291 ], [ 20.0620314, 50.0062366 ], [ 20.062108, 50.0062731 ], [ 20.0621819, 50.0063119 ], [ 20.0622446, 50.0063226 ], [ 20.0623305, 50.0063225 ], [ 20.0623626, 50.0063783 ], [ 20.062386, 50.0064446 ], [ 20.0623743, 50.0065297 ], [ 20.0623811, 50.0065976 ], [ 20.0623956, 50.0066757 ], [ 20.0624194, 50.006753 ], [ 20.0624629, 50.0067509 ], [ 20.062512, 50.0067965 ], [ 20.0625614, 50.006841 ], [ 20.0625621, 50.0068837 ], [ 20.0625627, 50.0069442 ], [ 20.0625485, 50.0070059 ], [ 20.0624727, 50.0070724 ], [ 20.0624097, 50.0071423 ], [ 20.0623844, 50.0071752 ], [ 20.0623493, 50.0072197 ], [ 20.0623054, 50.0072902 ], [ 20.0623115, 50.007357 ], [ 20.0623192, 50.0074418 ], [ 20.0623392, 50.0075392 ], [ 20.0623538, 50.0076151 ], [ 20.0623915, 50.0076623 ], [ 20.0624642, 50.0077177 ], [ 20.0625424, 50.0077816 ], [ 20.0626401, 50.0078299 ], [ 20.062688, 50.0078606 ], [ 20.0627192, 50.0078952 ], [ 20.0627727, 50.0079476 ], [ 20.0628516, 50.0080205 ], [ 20.0629224, 50.0080828 ], [ 20.0629931, 50.0081051 ], [ 20.0630346, 50.008132 ], [ 20.0631498, 50.0081607 ], [ 20.0632211, 50.0081745 ], [ 20.0632615, 50.0081813 ], [ 20.0633211, 50.0081863 ], [ 20.0634446, 50.0081755 ], [ 20.0635418, 50.0081602 ], [ 20.0637036, 50.0081507 ], [ 20.0637371, 50.0081464 ], [ 20.0643332, 50.0080949 ], [ 20.0643605, 50.0080867 ], [ 20.0644629, 50.008056 ], [ 20.0645334, 50.0080412 ], [ 20.0646332, 50.0080317 ], [ 20.0646652, 50.0080287 ], [ 20.0647634, 50.0080268 ], [ 20.06482, 50.0080361 ], [ 20.0649203, 50.0079829 ], [ 20.0649661, 50.007969 ], [ 20.0650039, 50.0079578 ], [ 20.0651814, 50.0079184 ], [ 20.0654259, 50.0078567 ], [ 20.0656667, 50.0077867 ], [ 20.0657007, 50.0078705 ], [ 20.0657739, 50.0080507 ], [ 20.0658284, 50.0081988 ], [ 20.0659938, 50.0084979 ], [ 20.0660039, 50.0085163 ], [ 20.0660727, 50.0086407 ], [ 20.0661565, 50.0088061 ], [ 20.0662216, 50.0089349 ], [ 20.0662447, 50.0089804 ], [ 20.0662604, 50.0090277 ], [ 20.0663646, 50.0090232 ], [ 20.0664441, 50.0090244 ], [ 20.0665142, 50.0090261 ], [ 20.066556, 50.0090478 ], [ 20.0666575, 50.0090951 ], [ 20.0667636, 50.0091471 ], [ 20.066947, 50.0092944 ], [ 20.0669925, 50.009331 ], [ 20.0672225, 50.0095365 ], [ 20.0673308, 50.0096929 ], [ 20.0673863, 50.0097652 ], [ 20.067405, 50.0098428 ], [ 20.0674239, 50.0099694 ], [ 20.0674756, 50.0101602 ], [ 20.0674965, 50.010237 ], [ 20.0675563, 50.0104095 ], [ 20.0676138, 50.0105749 ], [ 20.0676166, 50.010585 ], [ 20.0676569, 50.0107352 ], [ 20.0676584, 50.0107436 ], [ 20.0676634, 50.0107733 ], [ 20.0676709, 50.010818 ], [ 20.0676729, 50.0108296 ], [ 20.0676796, 50.0108941 ], [ 20.0676866, 50.0109823 ], [ 20.0676953, 50.0110454 ], [ 20.0677054, 50.0111188 ], [ 20.0677103, 50.0111546 ], [ 20.0677117, 50.0111637 ], [ 20.0677756, 50.0113508 ], [ 20.0678075, 50.0114442 ], [ 20.0678308, 50.0115124 ], [ 20.0678401, 50.0115479 ], [ 20.0678795, 50.0117004 ], [ 20.0678873, 50.0118862 ], [ 20.0678949, 50.0120642 ], [ 20.0678989, 50.0121585 ], [ 20.0678956, 50.0122421 ], [ 20.067881, 50.0123217 ], [ 20.0678713, 50.0123738 ], [ 20.0678526, 50.0124231 ], [ 20.0678369, 50.0124708 ], [ 20.0678132, 50.0125094 ], [ 20.0677426, 50.0125846 ], [ 20.0677557, 50.0127195 ], [ 20.0676153, 50.0127515 ], [ 20.0676176, 50.0128645 ], [ 20.0676256, 50.01296 ], [ 20.0676575, 50.0130862 ], [ 20.0677043, 50.0132446 ], [ 20.0677414, 50.0133547 ], [ 20.0678071, 50.0135393 ], [ 20.0678874, 50.0137231 ], [ 20.0679529, 50.0138649 ], [ 20.0679876, 50.0139859 ], [ 20.0680314, 50.0140788 ], [ 20.0681036, 50.0141955 ], [ 20.0681631, 50.0142907 ], [ 20.06829, 50.0144752 ], [ 20.0683197, 50.0145269 ], [ 20.0684368, 50.0147725 ], [ 20.0685018, 50.0148725 ], [ 20.0685191, 50.0149141 ], [ 20.0686492, 50.0151136 ], [ 20.0688579, 50.0152754 ], [ 20.0688948, 50.0153518 ], [ 20.0689154, 50.015451 ], [ 20.0689623, 50.0155852 ], [ 20.0690823, 50.0157466 ], [ 20.0692097, 50.0162615 ], [ 20.0692208, 50.0164217 ], [ 20.0692226, 50.0165546 ], [ 20.069315, 50.0166981 ], [ 20.0693574, 50.0168892 ], [ 20.0693537, 50.0170327 ], [ 20.0693667, 50.0171668 ], [ 20.0694812, 50.0174759 ], [ 20.0694831, 50.0174867 ], [ 20.069541, 50.0176483 ], [ 20.0695581, 50.0177216 ], [ 20.069587, 50.0178126 ], [ 20.0696149, 50.0178999 ], [ 20.0696709, 50.0180644 ], [ 20.0697498, 50.0183343 ], [ 20.0696905, 50.018513 ], [ 20.0694719, 50.0191991 ], [ 20.0693415, 50.0195168 ], [ 20.0688688, 50.0208045 ], [ 20.0687848, 50.0210413 ], [ 20.0684894, 50.0218195 ], [ 20.0684331, 50.0219953 ], [ 20.0680719, 50.0219968 ], [ 20.0678603, 50.022019 ], [ 20.0677101, 50.0220345 ], [ 20.0674143, 50.0220872 ], [ 20.0672508, 50.022137 ], [ 20.0671634, 50.0221882 ], [ 20.0670886, 50.0222754 ], [ 20.0669344, 50.0224125 ], [ 20.0668509, 50.0224868 ], [ 20.0666034, 50.0226806 ], [ 20.0663897, 50.0228854 ], [ 20.0661785, 50.0230612 ], [ 20.0659504, 50.023233 ], [ 20.0657168, 50.0233951 ], [ 20.0653636, 50.0236814 ], [ 20.0650432, 50.0239701 ], [ 20.0649235, 50.0241329 ], [ 20.0649223, 50.0242173 ], [ 20.0648646, 50.0242708 ], [ 20.0650314, 50.024381 ], [ 20.0652353, 50.0244482 ], [ 20.0656151, 50.0246154 ], [ 20.0659094, 50.0247221 ], [ 20.0662055, 50.0248388 ], [ 20.066923, 50.0250865 ], [ 20.0673716, 50.0252714 ], [ 20.0676984, 50.0254493 ], [ 20.067859, 50.0256285 ], [ 20.0679938, 50.0258171 ], [ 20.0681729, 50.0261279 ], [ 20.0684277, 50.0264754 ], [ 20.0687896, 50.0268075 ], [ 20.0691109, 50.027129 ], [ 20.0694525, 50.027422 ], [ 20.0697368, 50.0276569 ], [ 20.0700507, 50.0279 ], [ 20.0710072, 50.0286793 ], [ 20.0713321, 50.0289438 ], [ 20.0720356, 50.0295203 ], [ 20.0722738, 50.0297528 ], [ 20.0724751, 50.0300884 ], [ 20.0725563, 50.030264 ], [ 20.0725637, 50.0303091 ], [ 20.0728093, 50.030876 ], [ 20.0728074, 50.0311863 ], [ 20.0728033, 50.0313677 ], [ 20.0728222, 50.0314348 ], [ 20.0728462, 50.03152 ], [ 20.0729736, 50.0317264 ], [ 20.0731656, 50.0319055 ], [ 20.0733909, 50.0320834 ], [ 20.0735681, 50.0321926 ], [ 20.0740168, 50.0323693 ], [ 20.0746815, 50.0325887 ], [ 20.0750804, 50.0326931 ], [ 20.0759685, 50.032954 ], [ 20.0764652, 50.0331023 ], [ 20.0769286, 50.0332256 ], [ 20.077213, 50.0332849 ], [ 20.0779645, 50.0334592 ], [ 20.0786052, 50.0336383 ], [ 20.0788027, 50.0336953 ], [ 20.0791917, 50.0337726 ], [ 20.0792337, 50.0337958 ], [ 20.0800432, 50.0339854 ], [ 20.0801032, 50.033987 ], [ 20.0803356, 50.0340407 ], [ 20.0807978, 50.0341078 ], [ 20.0811007, 50.0341615 ], [ 20.0812391, 50.0341581 ], [ 20.0817144, 50.0342604 ], [ 20.0816099, 50.0343862 ], [ 20.081623, 50.0344365 ], [ 20.0816647, 50.0346294 ], [ 20.0816151, 50.0346865 ], [ 20.0813749, 50.0347971 ], [ 20.0809754, 50.0349481 ], [ 20.0806516, 50.0351225 ], [ 20.0802338, 50.0353942 ], [ 20.0800041, 50.0356107 ], [ 20.0798585, 50.0356996 ], [ 20.0797312, 50.0358002 ], [ 20.0797809, 50.0358363 ], [ 20.0797991, 50.0358656 ], [ 20.0798292, 50.0358958 ], [ 20.0805159, 50.0362203 ], [ 20.0810695, 50.0363914 ], [ 20.0815004, 50.036534 ], [ 20.0819038, 50.0366732 ], [ 20.0820017, 50.036716 ], [ 20.0824391, 50.0369424 ], [ 20.0825631, 50.0370229 ], [ 20.0826663, 50.0371218 ], [ 20.0829143, 50.0373684 ], [ 20.083152, 50.0375512 ], [ 20.0832159, 50.037651 ], [ 20.0833308, 50.03776 ], [ 20.0834353, 50.0378061 ], [ 20.0835697, 50.0378413 ], [ 20.083635, 50.0378422 ], [ 20.0838074, 50.0378975 ], [ 20.0837565, 50.0379839 ], [ 20.0836703, 50.0380753 ], [ 20.0834914, 50.0382279 ], [ 20.0833883, 50.0382891 ], [ 20.083229, 50.038352 ], [ 20.0830475, 50.038378 ], [ 20.0829039, 50.0384434 ], [ 20.0827629, 50.0385449 ], [ 20.0825527, 50.0386204 ], [ 20.0824352, 50.0386967 ], [ 20.0821558, 50.0388552 ], [ 20.0819834, 50.038913 ], [ 20.0816544, 50.0388174 ], [ 20.0814312, 50.0387663 ], [ 20.0812325, 50.0387363 ], [ 20.0811361, 50.0387252 ], [ 20.0810186, 50.0387092 ], [ 20.0808423, 50.0390036 ], [ 20.08073, 50.039453 ], [ 20.0806452, 50.0396878 ], [ 20.0804297, 50.0401725 ], [ 20.0804051, 50.0402856 ], [ 20.0803996, 50.0403134 ], [ 20.0804415, 50.0404375 ], [ 20.0803266, 50.0407033 ], [ 20.0803462, 50.0407251 ], [ 20.0804741, 50.0407209 ], [ 20.0805459, 50.040705 ], [ 20.0806256, 50.0407234 ], [ 20.0807405, 50.0407268 ], [ 20.0809729, 50.0406932 ], [ 20.081063, 50.0406505 ], [ 20.0811034, 50.0406555 ], [ 20.0811609, 50.0407511 ], [ 20.0812941, 50.0408534 ], [ 20.081422, 50.0408685 ], [ 20.0815004, 50.0408534 ], [ 20.0816986, 50.0407813 ], [ 20.0818006, 50.0408333 ], [ 20.0818813, 50.040903 ], [ 20.0821776, 50.0412095 ], [ 20.0823128, 50.0412835 ], [ 20.0825494, 50.0413691 ], [ 20.0827115, 50.0413832 ], [ 20.0828655, 50.0413727 ], [ 20.0829985, 50.0413557 ], [ 20.0831751, 50.0413886 ], [ 20.0835426, 50.0414884 ], [ 20.0836815, 50.0415626 ], [ 20.0837976, 50.0416547 ], [ 20.0842376, 50.0418881 ], [ 20.0846808, 50.0422361 ], [ 20.0848839, 50.042468 ], [ 20.0851868, 50.0426889 ], [ 20.0852275, 50.0427733 ], [ 20.0854453, 50.0428297 ], [ 20.0855523, 50.042922 ], [ 20.0856437, 50.0429605 ], [ 20.085873, 50.0434881 ], [ 20.0860628, 50.0435886 ], [ 20.0861202, 50.0437152 ], [ 20.0861685, 50.0437722 ], [ 20.086256, 50.0438418 ], [ 20.0864244, 50.0439164 ], [ 20.0865824, 50.0439684 ], [ 20.0868915, 50.0440159 ], [ 20.0869532, 50.0440791 ], [ 20.0869395, 50.0441238 ], [ 20.0868748, 50.0441914 ], [ 20.0869672, 50.0442661 ], [ 20.0872534, 50.0445495 ], [ 20.0877132, 50.044784 ], [ 20.0879882, 50.044891 ], [ 20.0882615, 50.0449597 ], [ 20.0885532, 50.0449538 ], [ 20.0888228, 50.0449218 ], [ 20.0891016, 50.0448222 ], [ 20.0892383, 50.0447107 ], [ 20.0892475, 50.0445175 ], [ 20.0892955, 50.0444321 ], [ 20.0896315, 50.0443823 ], [ 20.0899916, 50.0441534 ], [ 20.0903627, 50.0439056 ], [ 20.090876, 50.043653 ], [ 20.0910031, 50.0433971 ], [ 20.091072, 50.0433466 ], [ 20.0911312, 50.0432956 ], [ 20.0912335, 50.0432358 ], [ 20.0914244, 50.0430933 ], [ 20.0914686, 50.0430443 ], [ 20.0915103, 50.0429379 ], [ 20.0914829, 50.042854 ], [ 20.091482, 50.0427994 ], [ 20.09152, 50.0427578 ], [ 20.0915786, 50.0427293 ], [ 20.0916138, 50.0427084 ], [ 20.0917069, 50.0426273 ], [ 20.0916914, 50.0425182 ], [ 20.0915931, 50.0424097 ], [ 20.0916645, 50.0423451 ], [ 20.0916349, 50.0422467 ], [ 20.091706, 50.0422628 ], [ 20.0917732, 50.0423061 ], [ 20.0917871, 50.0422719 ], [ 20.0918339, 50.0421567 ], [ 20.0922827, 50.0420709 ], [ 20.092338, 50.0417842 ], [ 20.0920287, 50.0413224 ], [ 20.0918525, 50.0408356 ], [ 20.0916434, 50.0402405 ], [ 20.0915528, 50.0395854 ], [ 20.0916926, 50.0386878 ], [ 20.092179, 50.0380154 ], [ 20.0940225, 50.0371484 ], [ 20.0948262, 50.0369945 ], [ 20.0959551, 50.0369577 ], [ 20.0971129, 50.0371138 ], [ 20.0980038, 50.0372741 ], [ 20.099366, 50.0378006 ], [ 20.1000775, 50.0382889 ], [ 20.101081, 50.0393099 ], [ 20.1015601, 50.0397511 ], [ 20.1025343, 50.0406447 ], [ 20.1030201, 50.0410454 ], [ 20.1031885, 50.0411843 ], [ 20.1037105, 50.0412824 ], [ 20.104374, 50.04128 ], [ 20.1049967, 50.0415721 ], [ 20.1054143, 50.0418448 ], [ 20.1061093, 50.0420114 ], [ 20.1068556, 50.0424426 ], [ 20.1080168, 50.0424827 ], [ 20.1089466, 50.042527 ], [ 20.1098105, 50.0425684 ], [ 20.1107671, 50.0426096 ], [ 20.1117281, 50.0426688 ], [ 20.1123605, 50.0426722 ], [ 20.1130561, 50.0426748 ], [ 20.1142443, 50.042658 ], [ 20.1154119, 50.0426241 ], [ 20.1157537, 50.0425944 ], [ 20.1166754, 50.0424358 ], [ 20.1169063, 50.0423814 ], [ 20.1171917, 50.0423141 ], [ 20.1180501, 50.0421554 ], [ 20.1192986, 50.0418109 ], [ 20.1197827, 50.0416037 ], [ 20.1201519, 50.0414689 ], [ 20.1207933, 50.0412163 ], [ 20.1214964, 50.0409004 ], [ 20.1222796, 50.0405287 ], [ 20.1227826, 50.0403107 ], [ 20.1250609, 50.0397312 ], [ 20.125787, 50.0396895 ], [ 20.1266206, 50.0396978 ], [ 20.1276645, 50.0398158 ], [ 20.1282018, 50.0399371 ], [ 20.1288596, 50.0401169 ], [ 20.1294366, 50.0403562 ], [ 20.1300112, 50.0406475 ], [ 20.1304304, 50.0409091 ], [ 20.1309888, 50.0413026 ], [ 20.1317615, 50.0418744 ], [ 20.1322669, 50.04248 ], [ 20.1325171, 50.042535 ], [ 20.1328213, 50.0428034 ], [ 20.1330913, 50.0430915 ], [ 20.1332424, 50.0433073 ], [ 20.1334821, 50.0435922 ], [ 20.1341087, 50.0441382 ], [ 20.1342649, 50.04426 ], [ 20.1349488, 50.0447147 ], [ 20.1352977, 50.0449041 ], [ 20.1358409, 50.045155 ], [ 20.1365325, 50.0454076 ], [ 20.1373559, 50.0456434 ], [ 20.138085, 50.0457907 ], [ 20.1392936, 50.0459408 ], [ 20.1403905, 50.0459504 ], [ 20.1415698, 50.0458433 ], [ 20.1422648, 50.0457455 ], [ 20.1430581, 50.0455463 ], [ 20.1438263, 50.0454057 ], [ 20.1445725, 50.0451939 ], [ 20.1448777, 50.0451043 ], [ 20.1455725, 50.0448988 ], [ 20.145808, 50.044847 ], [ 20.1461781, 50.044766 ], [ 20.1467808, 50.0446004 ], [ 20.1484358, 50.0441612 ], [ 20.1489021, 50.0440403 ], [ 20.1504431, 50.0436408 ], [ 20.1517212, 50.0433621 ], [ 20.1535136, 50.0430569 ], [ 20.1539572, 50.0430086 ], [ 20.1550009, 50.0429016 ], [ 20.156396, 50.0428379 ], [ 20.1577321, 50.0428238 ], [ 20.1593866, 50.0428265 ], [ 20.1595405, 50.0428268 ], [ 20.1610092, 50.0429378 ], [ 20.1624143, 50.0431149 ], [ 20.1665551, 50.0438496 ], [ 20.1695098, 50.0445545 ], [ 20.1707929, 50.0448923 ], [ 20.172027, 50.0452454 ], [ 20.1725734, 50.0453882 ], [ 20.1752408, 50.046041 ], [ 20.1764441, 50.0463513 ], [ 20.1773993, 50.0465985 ], [ 20.178615, 50.0468918 ], [ 20.1801051, 50.0472321 ], [ 20.1808688, 50.0474036 ], [ 20.1823537, 50.0477194 ], [ 20.1838486, 50.0480159 ], [ 20.1850676, 50.0481737 ], [ 20.1864797, 50.0482976 ], [ 20.187853, 50.0483481 ], [ 20.188534, 50.048344 ], [ 20.1893161, 50.0482947 ], [ 20.1899385, 50.0482327 ], [ 20.1905361, 50.0481416 ], [ 20.1913497, 50.0479959 ], [ 20.1922326, 50.0477393 ], [ 20.1925398, 50.0476383 ], [ 20.1928556, 50.0475321 ], [ 20.1935437, 50.0472871 ], [ 20.1942123, 50.0469946 ], [ 20.1948635, 50.0466834 ], [ 20.1955327, 50.0462954 ], [ 20.1963561, 50.0458026 ], [ 20.1973072, 50.0452762 ], [ 20.1978204, 50.0450218 ], [ 20.198555, 50.0446925 ], [ 20.1993744, 50.0444258 ], [ 20.1999456, 50.0442038 ], [ 20.2004605, 50.0440822 ], [ 20.2011191, 50.0438637 ], [ 20.201836, 50.0437925 ], [ 20.2025075, 50.0436895 ], [ 20.2037552, 50.0435947 ], [ 20.2043597, 50.0435833 ], [ 20.2050462, 50.0436423 ], [ 20.2057707, 50.043732 ], [ 20.2067464, 50.0438957 ], [ 20.2072832, 50.0440072 ], [ 20.2078102, 50.0441441 ], [ 20.2083674, 50.044352 ], [ 20.2088888, 50.0446056 ], [ 20.2091755, 50.0447922 ], [ 20.2096194, 50.045107 ], [ 20.2099804, 50.0454354 ], [ 20.21029, 50.0458003 ], [ 20.2103965, 50.0459997 ], [ 20.2105447, 50.0462965 ], [ 20.2107926, 50.0468629 ], [ 20.21103, 50.0474192 ], [ 20.2111182, 50.0476232 ], [ 20.2112626, 50.0479033 ], [ 20.2114846, 50.0482491 ], [ 20.2116261, 50.0484468 ], [ 20.2118409, 50.0487466 ], [ 20.2121302, 50.0492528 ], [ 20.2124145, 50.0496692 ], [ 20.2130242, 50.0503282 ], [ 20.2134466, 50.0507225 ], [ 20.2140095, 50.0512262 ], [ 20.2148619, 50.0518966 ], [ 20.2153933, 50.0522672 ], [ 20.2161304, 50.0527647 ], [ 20.2165187, 50.0530009 ], [ 20.2173455, 50.053434 ], [ 20.2153555, 50.0549635 ], [ 20.2141907, 50.0559852 ], [ 20.2130572, 50.0568765 ], [ 20.2122579, 50.0576876 ], [ 20.2120363, 50.0579237 ], [ 20.2117418, 50.0583195 ], [ 20.2114795, 50.058675 ], [ 20.2085356, 50.0625483 ], [ 20.2075598, 50.0637753 ], [ 20.2067799, 50.0647161 ], [ 20.2063313, 50.0649219 ], [ 20.2063581, 50.0650133 ], [ 20.2059438, 50.0650928 ], [ 20.2056281, 50.0651685 ], [ 20.205156, 50.0651123 ], [ 20.2051818, 50.0650152 ], [ 20.2043802, 50.0648186 ], [ 20.2042804, 50.0649692 ], [ 20.2039094, 50.0652406 ], [ 20.2026446, 50.0658287 ], [ 20.2020549, 50.0659518 ], [ 20.2007628, 50.0664822 ], [ 20.1997264, 50.0668844 ], [ 20.1991841, 50.0669959 ], [ 20.1989595, 50.0681528 ], [ 20.1985306, 50.0685506 ], [ 20.197546, 50.0691472 ], [ 20.1964945, 50.0694888 ], [ 20.1947611, 50.0697643 ], [ 20.1935066, 50.0702889 ], [ 20.1930122, 50.0704691 ], [ 20.192751, 50.0712641 ], [ 20.1927784, 50.0718681 ], [ 20.1929623, 50.0722761 ], [ 20.1931197, 50.0723526 ], [ 20.1939448, 50.0729623 ], [ 20.1941965, 50.0731679 ], [ 20.1941776, 50.0732051 ], [ 20.1944545, 50.0734309 ], [ 20.1946185, 50.0735156 ], [ 20.1950645, 50.0736651 ], [ 20.1952344, 50.0737032 ], [ 20.1953547, 50.0737165 ], [ 20.1952346, 50.0739553 ], [ 20.1960921, 50.0740231 ], [ 20.1970962, 50.0740778 ], [ 20.1995664, 50.0742424 ], [ 20.1994603, 50.0748687 ], [ 20.1994179, 50.0748995 ], [ 20.1970893, 50.0756173 ], [ 20.1970409, 50.0756499 ], [ 20.1970114, 50.0756963 ], [ 20.1968556, 50.076085 ], [ 20.1957875, 50.0762374 ], [ 20.1956059, 50.0763963 ], [ 20.1955286, 50.0766864 ], [ 20.195555, 50.0769472 ], [ 20.1955336, 50.0773816 ], [ 20.1955451, 50.0775891 ], [ 20.1955041, 50.0778025 ], [ 20.1955268, 50.0781366 ], [ 20.1945914, 50.0782211 ], [ 20.1946136, 50.0787797 ], [ 20.1943389, 50.0788285 ], [ 20.1937769, 50.0790646 ], [ 20.1936058, 50.0791063 ], [ 20.1934672, 50.0793368 ], [ 20.1933519, 50.0796264 ], [ 20.1928318, 50.0797858 ], [ 20.192745, 50.0799694 ], [ 20.1927525, 50.0800285 ], [ 20.1927564, 50.0802002 ], [ 20.1926948, 50.0804374 ], [ 20.1923964, 50.0806533 ], [ 20.1919437, 50.0807388 ], [ 20.1917225, 50.0808326 ], [ 20.1914019, 50.0811121 ], [ 20.1913534, 50.081223 ], [ 20.191302, 50.0813403 ], [ 20.1912048, 50.0814285 ], [ 20.1911014, 50.0815044 ], [ 20.1908574, 50.0815951 ], [ 20.1905879, 50.0815975 ], [ 20.1904928, 50.0816112 ], [ 20.1904232, 50.0816349 ], [ 20.1903467, 50.0816838 ], [ 20.1901613, 50.081835 ], [ 20.1900179, 50.0819864 ], [ 20.1899104, 50.0821371 ], [ 20.189784, 50.0823453 ], [ 20.1897672, 50.082678 ], [ 20.1897836, 50.0831866 ], [ 20.1897636, 50.0832468 ], [ 20.1898548, 50.0835263 ], [ 20.1899593, 50.0837046 ], [ 20.1899986, 50.0838346 ], [ 20.1899702, 50.0839734 ], [ 20.1898076, 50.084291 ], [ 20.1897029, 50.0844104 ], [ 20.1895203, 50.0845701 ], [ 20.1893085, 50.0847394 ], [ 20.1891508, 50.0848439 ], [ 20.1890564, 50.0849 ], [ 20.1886943, 50.0850416 ], [ 20.188497, 50.0851032 ], [ 20.1879019, 50.0851919 ], [ 20.187524, 50.0852274 ], [ 20.1869828, 50.0852412 ], [ 20.1869126, 50.085233 ], [ 20.1866929, 50.0852344 ], [ 20.186472, 50.0852205 ], [ 20.1863043, 50.0852224 ], [ 20.1861056, 50.085249 ], [ 20.1857646, 50.0853239 ], [ 20.1855854, 50.0853686 ], [ 20.1854131, 50.0854327 ], [ 20.1852497, 50.0855304 ], [ 20.1851098, 50.0856507 ], [ 20.1850298, 50.0857516 ], [ 20.1849622, 50.0858852 ], [ 20.1849381, 50.0859683 ], [ 20.1849291, 50.0860661 ], [ 20.1853455, 50.086139 ], [ 20.1859473, 50.0862164 ], [ 20.1868991, 50.0862464 ], [ 20.187596, 50.0862827 ], [ 20.1880977, 50.0863207 ], [ 20.1888367, 50.0863936 ], [ 20.1891868, 50.0864468 ], [ 20.1894763, 50.0865233 ], [ 20.1896658, 50.0866095 ], [ 20.1898134, 50.0867155 ], [ 20.1902069, 50.0869439 ], [ 20.1903647, 50.0870058 ], [ 20.1905828, 50.0870577 ], [ 20.1907237, 50.0870837 ], [ 20.1915358, 50.0872021 ], [ 20.1919425, 50.0872795 ], [ 20.192336, 50.087402 ], [ 20.192527, 50.0874931 ], [ 20.1926545, 50.0875723 ], [ 20.1927043, 50.0876161 ], [ 20.192782, 50.0877191 ], [ 20.1928405, 50.0878221 ], [ 20.1926905, 50.0884391 ], [ 20.192538, 50.0890033 ], [ 20.1921108, 50.0904836 ], [ 20.1920117, 50.0908226 ], [ 20.1918067, 50.091369 ], [ 20.1917615, 50.091531 ], [ 20.1917423, 50.0916509 ], [ 20.1917257, 50.0918305 ], [ 20.1917301, 50.0921486 ], [ 20.1916638, 50.0930768 ], [ 20.1916547, 50.0931608 ], [ 20.1916367, 50.09318 ], [ 20.1916093, 50.0935827 ], [ 20.1915732, 50.0942943 ], [ 20.1915964, 50.094755 ], [ 20.1917417, 50.0950854 ], [ 20.1917741, 50.0952212 ], [ 20.1918196, 50.0954022 ], [ 20.191841, 50.0955625 ], [ 20.1918283, 50.0957227 ], [ 20.191738, 50.096169 ], [ 20.1917064, 50.0964045 ], [ 20.191685, 50.0965308 ], [ 20.1916865, 50.0965345 ], [ 20.1915977, 50.0965352 ], [ 20.1915984, 50.0972168 ], [ 20.1916327, 50.0974844 ], [ 20.1917991, 50.0981725 ], [ 20.1920708, 50.0995247 ], [ 20.1921429, 50.0998563 ], [ 20.1921857, 50.1002189 ], [ 20.1922155, 50.1005715 ], [ 20.1923693, 50.1009664 ], [ 20.1926989, 50.1017308 ], [ 20.1927586, 50.1018966 ], [ 20.1929479, 50.1024886 ], [ 20.192998, 50.1026609 ], [ 20.1930638, 50.1029494 ], [ 20.1931038, 50.1032182 ], [ 20.1931721, 50.1033567 ], [ 20.1934732, 50.1037408 ], [ 20.1936055, 50.1039299 ], [ 20.1937296, 50.1041236 ], [ 20.1939021, 50.1043503 ], [ 20.1941376, 50.1045621 ], [ 20.1942659, 50.1047328 ], [ 20.1944136, 50.1048882 ], [ 20.1945871, 50.1050113 ], [ 20.1946774, 50.105074 ], [ 20.1949359, 50.1052757 ], [ 20.1950586, 50.1054128 ], [ 20.1951315, 50.1055386 ], [ 20.1951892, 50.1057352 ], [ 20.1953222, 50.1063433 ], [ 20.1953559, 50.106695 ], [ 20.195352, 50.1067177 ], [ 20.1953841, 50.1069751 ], [ 20.1954268, 50.1070431 ], [ 20.1955314, 50.1071572 ], [ 20.1955833, 50.1072 ], [ 20.1955845, 50.107201 ], [ 20.1957561, 50.1073632 ], [ 20.1961313, 50.1082614 ], [ 20.1969857, 50.1082915 ], [ 20.1973703, 50.1083251 ], [ 20.1975565, 50.1083684 ], [ 20.1977177, 50.1084321 ], [ 20.1978859, 50.108509 ], [ 20.1980055, 50.108581 ], [ 20.1983762, 50.1088544 ], [ 20.198549, 50.1089758 ], [ 20.1988084, 50.1091545 ], [ 20.1991514, 50.1093674 ], [ 20.1996317, 50.1096223 ], [ 20.1997564, 50.1096829 ], [ 20.2003358, 50.1099064 ], [ 20.200629, 50.109974 ], [ 20.2008953, 50.1100172 ], [ 20.2009907, 50.110085 ], [ 20.2012529, 50.1104487 ], [ 20.2014329, 50.1106495 ], [ 20.2016507, 50.1108023 ], [ 20.2019898, 50.1109773 ], [ 20.2022411, 50.1111167 ], [ 20.2024337, 50.1111585 ], [ 20.2027618, 50.1112045 ], [ 20.2031669, 50.1112238 ], [ 20.2033304, 50.1112258 ], [ 20.2040962, 50.1111886 ], [ 20.2050176, 50.1111306 ], [ 20.2053245, 50.1117226 ], [ 20.2054679, 50.1119796 ], [ 20.2055189, 50.1120702 ], [ 20.2056485, 50.1122224 ], [ 20.2057275, 50.1123126 ], [ 20.2059346, 50.1124975 ], [ 20.2062326, 50.1127038 ], [ 20.2063073, 50.1127667 ], [ 20.2065755, 50.1130748 ], [ 20.2067654, 50.1132698 ], [ 20.2071964, 50.1137216 ], [ 20.2075111, 50.1140116 ], [ 20.2076744, 50.1141421 ], [ 20.207826, 50.1143423 ], [ 20.2082138, 50.1148382 ], [ 20.2088575, 50.1152759 ], [ 20.2090788, 50.1155647 ], [ 20.2072993, 50.1157675 ], [ 20.2059646, 50.115851 ], [ 20.2051063, 50.1159023 ], [ 20.20398, 50.1159551 ], [ 20.2038659, 50.1162629 ], [ 20.2038147, 50.1163755 ], [ 20.2038554, 50.1171524 ], [ 20.2047727, 50.117386 ], [ 20.2046542, 50.1174889 ], [ 20.204386, 50.1176246 ], [ 20.204068, 50.1176693 ], [ 20.2035364, 50.1176438 ], [ 20.2031611, 50.1176138 ], [ 20.2027083, 50.1175605 ], [ 20.2016157, 50.1174874 ], [ 20.2014473, 50.1177856 ], [ 20.2014588, 50.1181135 ], [ 20.2014312, 50.1184976 ], [ 20.2014312, 50.118765 ], [ 20.2014911, 50.1192022 ], [ 20.2014061, 50.1194833 ], [ 20.201337, 50.1199345 ], [ 20.2012909, 50.120432 ], [ 20.2005305, 50.1204767 ], [ 20.2002663, 50.1204765 ], [ 20.2002871, 50.1202082 ], [ 20.1994101, 50.1204916 ], [ 20.1989838, 50.1205715 ], [ 20.1986126, 50.1202314 ], [ 20.1979047, 50.1196882 ], [ 20.1977911, 50.1196395 ], [ 20.1974541, 50.1195625 ], [ 20.1970011, 50.1195609 ], [ 20.1966363, 50.1196263 ], [ 20.1962474, 50.1196803 ], [ 20.1960192, 50.1190256 ], [ 20.1959868, 50.1188503 ], [ 20.195934, 50.118686 ], [ 20.1958546, 50.1185913 ], [ 20.1957095, 50.1185179 ], [ 20.1954917, 50.118492 ], [ 20.1950764, 50.1187427 ], [ 20.1946006, 50.1190067 ], [ 20.1940995, 50.1191348 ], [ 20.1935543, 50.1192151 ], [ 20.1933258, 50.1193564 ], [ 20.1930704, 50.1196078 ], [ 20.192984, 50.1196717 ], [ 20.1928922, 50.1196912 ], [ 20.1927317, 50.1196863 ], [ 20.1925024, 50.119634 ], [ 20.1922718, 50.1195349 ], [ 20.1921209, 50.1194944 ], [ 20.1920571, 50.1194749 ], [ 20.1916521, 50.1193489 ], [ 20.1913711, 50.1192308 ], [ 20.1910273, 50.1190525 ], [ 20.1907968, 50.1188547 ], [ 20.1905231, 50.1186501 ], [ 20.1904298, 50.1184526 ], [ 20.1903713, 50.118239 ], [ 20.1902398, 50.1180256 ], [ 20.189972, 50.1178638 ], [ 20.1897515, 50.1177983 ], [ 20.1892872, 50.1179069 ], [ 20.1887273, 50.1180329 ], [ 20.1886362, 50.1180595 ], [ 20.1885724, 50.1180039 ], [ 20.1877893, 50.1181538 ], [ 20.1870649, 50.1182783 ], [ 20.1868614, 50.1182179 ], [ 20.186464, 50.1178533 ], [ 20.1862299, 50.1176612 ], [ 20.1858581, 50.117358 ], [ 20.1857021, 50.1171106 ], [ 20.1855538, 50.1169192 ], [ 20.1853525, 50.1167593 ], [ 20.1824523, 50.1178363 ], [ 20.1823021, 50.1176621 ], [ 20.1822894, 50.117644 ], [ 20.1821145, 50.1174102 ], [ 20.1820793, 50.117359 ], [ 20.1818628, 50.1170703 ], [ 20.1815673, 50.1166257 ], [ 20.1812626, 50.1167516 ], [ 20.1809956, 50.116832 ], [ 20.1798143, 50.11723 ], [ 20.1797066, 50.1172999 ], [ 20.1795943, 50.1174114 ], [ 20.179414, 50.1176381 ], [ 20.179192, 50.1179922 ], [ 20.1790885, 50.1181299 ], [ 20.1790149, 50.1182042 ], [ 20.1789306, 50.1182638 ], [ 20.1787847, 50.1183375 ], [ 20.1771286, 50.1189997 ], [ 20.1766574, 50.1192077 ], [ 20.1761767, 50.1194127 ], [ 20.1759486, 50.1194939 ], [ 20.1754283, 50.1196403 ], [ 20.1751726, 50.1197062 ], [ 20.1750605, 50.11974 ], [ 20.1749363, 50.1197894 ], [ 20.1742213, 50.1190197 ], [ 20.1733793, 50.1190811 ], [ 20.1732281, 50.1188708 ], [ 20.1731873, 50.1188238 ], [ 20.17313, 50.1188718 ], [ 20.1730788, 50.1190108 ], [ 20.1728781, 50.1194288 ], [ 20.1726954, 50.1197295 ], [ 20.1725446, 50.1200479 ], [ 20.1723928, 50.1203855 ], [ 20.1718496, 50.1203939 ], [ 20.1714398, 50.1203986 ], [ 20.1704797, 50.1204147 ], [ 20.1685631, 50.1204449 ], [ 20.1665979, 50.1204846 ], [ 20.1658057, 50.1205136 ], [ 20.1658476, 50.1215309 ], [ 20.1654249, 50.1215128 ], [ 20.1651508, 50.1215051 ], [ 20.1645726, 50.1214954 ], [ 20.1641632, 50.1214988 ], [ 20.1636242, 50.1215091 ], [ 20.16251, 50.1214751 ], [ 20.1618399, 50.121475 ], [ 20.161347, 50.1214674 ], [ 20.161062, 50.1214737 ], [ 20.1602095, 50.1215292 ], [ 20.1590596, 50.1216058 ], [ 20.1591225, 50.121451 ], [ 20.1591841, 50.1213551 ], [ 20.1591344, 50.1211366 ], [ 20.1592189, 50.1210733 ], [ 20.1591443, 50.120935 ], [ 20.1592178, 50.1208513 ], [ 20.1591962, 50.1208013 ], [ 20.1591024, 50.1207652 ], [ 20.1590611, 50.1207104 ], [ 20.158953, 50.1206678 ], [ 20.1587958, 50.120541 ], [ 20.1587323, 50.1204443 ], [ 20.1586168, 50.1204343 ], [ 20.1585284, 50.1203365 ], [ 20.158384, 50.1203414 ], [ 20.1583365, 50.1201962 ], [ 20.1581859, 50.1201719 ], [ 20.1581173, 50.1201257 ], [ 20.1580488, 50.1200052 ], [ 20.1578965, 50.1199787 ], [ 20.1578416, 50.1198562 ], [ 20.1576804, 50.1197399 ], [ 20.1574244, 50.1197057 ], [ 20.1573404, 50.1196757 ], [ 20.1572713, 50.1195457 ], [ 20.1571731, 50.1195113 ], [ 20.1571361, 50.1194805 ], [ 20.1572175, 50.1193839 ], [ 20.1572238, 50.1193524 ], [ 20.1571159, 50.1192872 ], [ 20.1568925, 50.119236 ], [ 20.1568985, 50.1191741 ], [ 20.1569013, 50.1191448 ], [ 20.1565993, 50.118988 ], [ 20.156477, 50.1190429 ], [ 20.1563777, 50.1189782 ], [ 20.1563698, 50.1189434 ], [ 20.1564265, 50.1188425 ], [ 20.1563889, 50.1187684 ], [ 20.1563402, 50.1185711 ], [ 20.1558449, 50.1187448 ], [ 20.1558324, 50.1187368 ], [ 20.1558185, 50.1187584 ], [ 20.1555719, 50.1188973 ], [ 20.1553084, 50.1190385 ], [ 20.1551052, 50.1191373 ], [ 20.1548566, 50.1192285 ], [ 20.1546275, 50.1192966 ], [ 20.1545327, 50.1193576 ], [ 20.1544633, 50.1194018 ], [ 20.1543396, 50.1194579 ], [ 20.1542587, 50.1194046 ], [ 20.1539879, 50.1192635 ], [ 20.1533664, 50.1190155 ], [ 20.1532531, 50.1189706 ], [ 20.1531122, 50.118894 ], [ 20.1530102, 50.1188226 ], [ 20.152951, 50.1187554 ], [ 20.1528023, 50.118492 ], [ 20.1525476, 50.1180195 ], [ 20.1524566, 50.1178955 ], [ 20.1524237, 50.1178575 ], [ 20.1521852, 50.1176133 ], [ 20.1519752, 50.117418 ], [ 20.1519416, 50.1173863 ], [ 20.1517406, 50.1172161 ], [ 20.1514818, 50.1170359 ], [ 20.1513446, 50.1169457 ], [ 20.1509831, 50.1167193 ], [ 20.1507321, 50.116571 ], [ 20.1501963, 50.1162313 ], [ 20.1496603, 50.1159073 ], [ 20.1492773, 50.1156956 ], [ 20.1489251, 50.115504 ], [ 20.1485775, 50.115284 ], [ 20.1482408, 50.1150616 ], [ 20.1480419, 50.1149347 ], [ 20.1478054, 50.1147988 ], [ 20.1477245, 50.1147536 ], [ 20.1475791, 50.1146734 ], [ 20.1474352, 50.1145983 ], [ 20.1472876, 50.1145282 ], [ 20.1470201, 50.1144317 ], [ 20.1468826, 50.1143435 ], [ 20.1467988, 50.1142612 ], [ 20.1463353, 50.1137436 ], [ 20.1460419, 50.1133748 ], [ 20.1458736, 50.1131507 ], [ 20.1454893, 50.1126957 ], [ 20.1452294, 50.112368 ], [ 20.1449413, 50.1119499 ], [ 20.1446619, 50.111458 ], [ 20.1445577, 50.1112107 ], [ 20.1444644, 50.1109775 ], [ 20.1442569, 50.1104624 ], [ 20.1441405, 50.110044 ], [ 20.1440816, 50.1098939 ], [ 20.1441378, 50.1098382 ], [ 20.1439453, 50.1095252 ], [ 20.1438445, 50.1092612 ], [ 20.1437013, 50.1086982 ], [ 20.143376, 50.1074775 ], [ 20.1432412, 50.1068431 ], [ 20.1431511, 50.1065512 ], [ 20.1431143, 50.1064684 ], [ 20.1429912, 50.1064761 ], [ 20.142797, 50.1064818 ], [ 20.1425584, 50.1064932 ], [ 20.142012, 50.1065228 ], [ 20.1415912, 50.1065405 ], [ 20.1397415, 50.1065338 ], [ 20.1379383, 50.1065685 ], [ 20.1378802, 50.1067582 ], [ 20.1374268, 50.1067895 ], [ 20.136444, 50.1068367 ], [ 20.1363298, 50.1068388 ], [ 20.1361667, 50.1068376 ], [ 20.1359362, 50.1068348 ], [ 20.1358811, 50.1068371 ], [ 20.1357148, 50.1068673 ], [ 20.1356158, 50.106876 ], [ 20.1354944, 50.1068835 ], [ 20.1351496, 50.1068834 ], [ 20.1350586, 50.106885 ], [ 20.1350209, 50.106887 ], [ 20.1347476, 50.1068818 ], [ 20.1343848, 50.1068815 ], [ 20.134259, 50.1068798 ], [ 20.1333976, 50.1068448 ], [ 20.1333541, 50.1068453 ], [ 20.1331841, 50.1068399 ], [ 20.1329705, 50.1068302 ], [ 20.1327219, 50.1068158 ], [ 20.1324046, 50.1068062 ], [ 20.1321768, 50.1068076 ], [ 20.1317098, 50.1068346 ], [ 20.1316238, 50.1068445 ], [ 20.1315233, 50.1068627 ], [ 20.1312629, 50.1069431 ], [ 20.1311034, 50.1069758 ], [ 20.1308752, 50.1070028 ], [ 20.1302184, 50.1070599 ], [ 20.1295457, 50.1071216 ], [ 20.129188, 50.1071657 ], [ 20.1287755, 50.1072025 ], [ 20.128338, 50.1072496 ], [ 20.127553, 50.1073677 ], [ 20.1270536, 50.1074662 ], [ 20.1269059, 50.1074988 ], [ 20.1266642, 50.1075729 ], [ 20.1261573, 50.1077682 ], [ 20.1258572, 50.1078444 ], [ 20.1254835, 50.107889 ], [ 20.1252664, 50.1079048 ], [ 20.1249352, 50.1079471 ], [ 20.1248479, 50.1079732 ], [ 20.1246941, 50.1080437 ], [ 20.1245843, 50.1081352 ], [ 20.124424, 50.1081967 ], [ 20.1243339, 50.1082281 ], [ 20.1241451, 50.1082692 ], [ 20.1237325, 50.1083119 ], [ 20.123137, 50.108448 ], [ 20.1226754, 50.1085123 ], [ 20.1225647, 50.1085118 ], [ 20.1222402, 50.1084853 ], [ 20.1219397, 50.1084834 ], [ 20.1216654, 50.1084884 ], [ 20.1214918, 50.1084842 ], [ 20.121272, 50.1084709 ], [ 20.1208459, 50.1084578 ], [ 20.120818, 50.108622 ], [ 20.1207676, 50.110376 ], [ 20.1207003, 50.111185 ], [ 20.1206489, 50.1115504 ], [ 20.1206192, 50.1116832 ], [ 20.1205341, 50.1122941 ], [ 20.1204701, 50.1128437 ], [ 20.1203868, 50.1133982 ], [ 20.1203263, 50.1139267 ], [ 20.1203487, 50.1139596 ], [ 20.1203163, 50.1139847 ], [ 20.1202671, 50.1147638 ], [ 20.1202643, 50.115442 ], [ 20.1202401, 50.1157059 ], [ 20.120187, 50.1159972 ], [ 20.1201651, 50.1160568 ], [ 20.1201449, 50.1161974 ], [ 20.1201557, 50.1162164 ], [ 20.1201388, 50.1162601 ], [ 20.1200693, 50.1163137 ], [ 20.1200658, 50.1163193 ], [ 20.1199843, 50.1164544 ], [ 20.119538, 50.1165792 ], [ 20.1190444, 50.1166751 ], [ 20.1186902, 50.1167183 ], [ 20.1185541, 50.1167724 ], [ 20.1184095, 50.1166785 ], [ 20.1183825, 50.1166469 ], [ 20.1179553, 50.1162842 ], [ 20.1172589, 50.1167823 ], [ 20.1170452, 50.1168109 ], [ 20.1168144, 50.116833 ], [ 20.1163853, 50.1168897 ], [ 20.1159358, 50.1169031 ], [ 20.1150297, 50.1169835 ], [ 20.114826, 50.1169939 ], [ 20.114216, 50.1169887 ], [ 20.1139022, 50.1169796 ], [ 20.1135884, 50.1169591 ], [ 20.1130028, 50.116937 ], [ 20.1128126, 50.1169409 ], [ 20.1125679, 50.1169358 ], [ 20.1124137, 50.1169252 ], [ 20.1113953, 50.1168973 ], [ 20.1113472, 50.1164986 ], [ 20.1109523, 50.1165219 ], [ 20.109961, 50.1165822 ], [ 20.1094984, 50.1166172 ], [ 20.1095367, 50.1166746 ], [ 20.1094085, 50.1166742 ], [ 20.1089528, 50.1167039 ], [ 20.1083761, 50.116733 ], [ 20.1082392, 50.1167551 ], [ 20.1080691, 50.116794 ], [ 20.1072702, 50.1169528 ], [ 20.106157, 50.1171769 ], [ 20.1057636, 50.1172691 ], [ 20.1054181, 50.1173383 ], [ 20.1053378, 50.1173483 ], [ 20.1051556, 50.1173816 ], [ 20.1047703, 50.117466 ], [ 20.1041138, 50.1176018 ], [ 20.103099, 50.1178147 ], [ 20.10206, 50.1180364 ], [ 20.101315, 50.1182014 ], [ 20.1000462, 50.1184653 ], [ 20.0982654, 50.1188461 ], [ 20.0981274, 50.1188719 ], [ 20.0981289, 50.1188785 ], [ 20.098056, 50.1188846 ], [ 20.0972232, 50.1190555 ], [ 20.096646, 50.1191903 ], [ 20.0965898, 50.1192091 ], [ 20.0963165, 50.1192977 ], [ 20.0962474, 50.1193493 ], [ 20.0961297, 50.1193131 ], [ 20.0961506, 50.1192619 ], [ 20.0961556, 50.1192567 ], [ 20.0960857, 50.1190028 ], [ 20.0960652, 50.1189365 ], [ 20.0960187, 50.1188236 ], [ 20.0958385, 50.1185428 ], [ 20.095715, 50.1184083 ], [ 20.0955308, 50.1182581 ], [ 20.094902, 50.1174458 ], [ 20.0945128, 50.1168291 ], [ 20.0943311, 50.1165103 ], [ 20.0942206, 50.1163003 ], [ 20.0941612, 50.116094 ], [ 20.0941488, 50.1158902 ], [ 20.0941211, 50.1156905 ], [ 20.0941316, 50.1152416 ], [ 20.0941148, 50.1147935 ], [ 20.0937547, 50.1147204 ], [ 20.0933843, 50.1146368 ], [ 20.0924227, 50.1143952 ], [ 20.0923248, 50.1143606 ], [ 20.0920848, 50.1142834 ], [ 20.0920531, 50.1142768 ], [ 20.0917693, 50.1141786 ], [ 20.0910234, 50.1139508 ], [ 20.0905349, 50.1138161 ], [ 20.0902247, 50.1137381 ], [ 20.0899202, 50.1136726 ], [ 20.08965, 50.1136224 ], [ 20.0894127, 50.1135891 ], [ 20.0892339, 50.1135596 ], [ 20.0890437, 50.11354 ], [ 20.0890055, 50.113533 ], [ 20.0884333, 50.1134768 ], [ 20.0881881, 50.1134589 ], [ 20.0881601, 50.1134611 ], [ 20.0881186, 50.1132156 ], [ 20.0880971, 50.1125124 ], [ 20.0880775, 50.1122186 ], [ 20.0880073, 50.1116515 ], [ 20.0879944, 50.1114909 ], [ 20.0879526, 50.1114018 ], [ 20.0879057, 50.1113969 ], [ 20.0877891, 50.1113539 ], [ 20.0876216, 50.1113528 ], [ 20.0875013, 50.1113568 ], [ 20.0873558, 50.1113859 ], [ 20.0866874, 50.1114773 ], [ 20.0865014, 50.111492 ], [ 20.0863694, 50.1114945 ], [ 20.0858704, 50.1115184 ], [ 20.0855246, 50.111518 ], [ 20.0853263, 50.1115268 ], [ 20.0849372, 50.1114026 ], [ 20.0847303, 50.1113206 ], [ 20.0846442, 50.1113017 ], [ 20.0845849, 50.1112807 ], [ 20.0844767, 50.1112563 ], [ 20.0843567, 50.111225 ], [ 20.0842925, 50.111195 ], [ 20.084294, 50.1111555 ], [ 20.0842917, 50.1111179 ], [ 20.0842877, 50.1108363 ], [ 20.0842551, 50.1106349 ], [ 20.0842139, 50.1104437 ], [ 20.0841777, 50.1102478 ], [ 20.0840815, 50.1101143 ], [ 20.0839266, 50.1099703 ], [ 20.0837206, 50.1098115 ], [ 20.0835144, 50.1097831 ], [ 20.0834515, 50.1097662 ], [ 20.0833942, 50.1097669 ], [ 20.0833859, 50.1097664 ], [ 20.0828102, 50.1097331 ], [ 20.082291, 50.1096841 ], [ 20.0819159, 50.1096118 ], [ 20.0817737, 50.1095723 ], [ 20.0816112, 50.1095187 ], [ 20.0814535, 50.109435 ], [ 20.0813452, 50.1093265 ], [ 20.0804727, 50.1090499 ], [ 20.0803048, 50.1089967 ], [ 20.0795653, 50.1087615 ], [ 20.07928, 50.1086717 ], [ 20.0783755, 50.1083227 ], [ 20.0783537, 50.1083248 ], [ 20.0782645, 50.1083009 ], [ 20.0780762, 50.1082843 ], [ 20.0780516, 50.1082793 ], [ 20.0780494, 50.1082828 ], [ 20.0776514, 50.1082575 ], [ 20.0774426, 50.1082411 ], [ 20.0773301, 50.1082257 ], [ 20.0772818, 50.1082195 ], [ 20.0771563, 50.1083021 ], [ 20.0768386, 50.1085825 ], [ 20.0764839, 50.1089771 ], [ 20.0762243, 50.1091859 ], [ 20.0760717, 50.1092597 ], [ 20.0757419, 50.1093908 ], [ 20.075671, 50.1094142 ], [ 20.0754935, 50.1094895 ], [ 20.0757129, 50.1096855 ], [ 20.0757694, 50.1097419 ], [ 20.0758493, 50.1097956 ], [ 20.0759202, 50.1098517 ], [ 20.0761286, 50.1100441 ], [ 20.0763316, 50.1102461 ], [ 20.0766942, 50.1105542 ], [ 20.0769425, 50.1107909 ], [ 20.0772048, 50.1110166 ], [ 20.0773727, 50.1111992 ], [ 20.0774956, 50.1113546 ], [ 20.0776542, 50.1115147 ], [ 20.0777943, 50.1116331 ], [ 20.0780114, 50.1117566 ], [ 20.078269, 50.1118753 ], [ 20.0783739, 50.1119354 ], [ 20.0784583, 50.111952 ], [ 20.0786256, 50.1120031 ], [ 20.079, 50.1122905 ], [ 20.0790385, 50.112345 ], [ 20.0789653, 50.1124076 ], [ 20.0786331, 50.112531 ], [ 20.0782786, 50.112623 ], [ 20.0778474, 50.1126931 ], [ 20.0772928, 50.112773 ], [ 20.0769786, 50.1128249 ], [ 20.0766035, 50.1129023 ], [ 20.0764541, 50.112959 ], [ 20.075515, 50.1128825 ], [ 20.075025, 50.1128534 ], [ 20.0745936, 50.1128155 ], [ 20.0740149, 50.1127631 ], [ 20.0738945, 50.1127583 ], [ 20.0738454, 50.1127551 ], [ 20.0731861, 50.1127212 ], [ 20.0728977, 50.1127128 ], [ 20.0722077, 50.112725 ], [ 20.0714911, 50.1127126 ], [ 20.0706058, 50.1127322 ], [ 20.0704321, 50.1127432 ], [ 20.0702607, 50.1127399 ], [ 20.0702578, 50.1128085 ], [ 20.0702281, 50.1131408 ], [ 20.0702042, 50.1132696 ], [ 20.0702121, 50.1132922 ], [ 20.0701623, 50.1139286 ], [ 20.0695933, 50.1139293 ], [ 20.0690559, 50.1139425 ], [ 20.0683094, 50.1140006 ], [ 20.0679551, 50.114008 ], [ 20.0675363, 50.1140244 ], [ 20.067054, 50.1140193 ], [ 20.0667201, 50.1139946 ], [ 20.0664364, 50.1139532 ], [ 20.066068, 50.1138778 ], [ 20.0656505, 50.1137708 ], [ 20.0649317, 50.1136329 ], [ 20.0647321, 50.1136062 ], [ 20.0638258, 50.1134386 ], [ 20.0635266, 50.1134149 ], [ 20.0631554, 50.1134504 ], [ 20.062737, 50.1134483 ], [ 20.0623289, 50.1134889 ], [ 20.0619927, 50.1135194 ], [ 20.0615879, 50.1135309 ], [ 20.0617882, 50.1142662 ], [ 20.060523, 50.114431 ], [ 20.0603168, 50.1144734 ], [ 20.0602449, 50.1144801 ], [ 20.0602235, 50.1144812 ], [ 20.0600005, 50.1144695 ], [ 20.0599768, 50.1144556 ], [ 20.0597209, 50.1144718 ], [ 20.0596551, 50.1144856 ], [ 20.0594793, 50.1145097 ], [ 20.059312, 50.1145226 ], [ 20.0590892, 50.1145252 ], [ 20.0584777, 50.1146945 ], [ 20.0582237, 50.1142036 ], [ 20.0581928, 50.1141603 ], [ 20.0580095, 50.1138594 ], [ 20.0580187, 50.1138257 ], [ 20.0580563, 50.1137834 ], [ 20.0580733, 50.1137381 ], [ 20.0579819, 50.1136888 ], [ 20.0578204, 50.1136013 ], [ 20.0577217, 50.1135304 ], [ 20.0574754, 50.1133163 ], [ 20.0571246, 50.1131062 ], [ 20.0568593, 50.1129276 ], [ 20.0565656, 50.1126961 ], [ 20.056429, 50.1126015 ], [ 20.0562719, 50.1125892 ], [ 20.0562384, 50.1126254 ], [ 20.0560131, 50.1126757 ], [ 20.0555686, 50.112601 ], [ 20.0555468, 50.1125917 ], [ 20.0555218, 50.1125951 ], [ 20.0554858, 50.1125913 ], [ 20.0553776, 50.1126345 ], [ 20.0552114, 50.1126678 ], [ 20.0551034, 50.1127112 ], [ 20.0550474, 50.1127656 ], [ 20.054961, 50.1127912 ], [ 20.0547052, 50.1128496 ], [ 20.0546203, 50.1128916 ], [ 20.0545155, 50.1128888 ], [ 20.0544253, 50.1128763 ], [ 20.0542315, 50.1128292 ], [ 20.0541638, 50.1128227 ], [ 20.0540417, 50.1128334 ], [ 20.053882, 50.1128566 ], [ 20.0537168, 50.1128364 ], [ 20.0536001, 50.1128284 ], [ 20.0535016, 50.1128233 ], [ 20.0535425, 50.1127553 ], [ 20.0533333, 50.1126779 ], [ 20.0530825, 50.1125562 ], [ 20.0529794, 50.1124725 ], [ 20.0528687, 50.1123935 ], [ 20.0527725, 50.1123047 ], [ 20.0525995, 50.1121685 ], [ 20.0525191, 50.1120886 ], [ 20.0524423, 50.111984 ], [ 20.0523936, 50.1118805 ], [ 20.0523873, 50.1118281 ], [ 20.0522657, 50.1116624 ], [ 20.0521829, 50.1115671 ], [ 20.0520877, 50.1112369 ], [ 20.0521867, 50.1108787 ], [ 20.052064, 50.1108592 ], [ 20.0519588, 50.1108424 ], [ 20.0518694, 50.1106397 ], [ 20.0512482, 50.1109304 ], [ 20.0507242, 50.1111923 ], [ 20.0503594, 50.1109404 ], [ 20.0510631, 50.1105591 ], [ 20.0507638, 50.1102854 ], [ 20.0506724, 50.1102726 ], [ 20.0505904, 50.1102689 ], [ 20.0503966, 50.1102803 ], [ 20.0502109, 50.1102805 ], [ 20.0500857, 50.1102508 ], [ 20.0498927, 50.1100568 ], [ 20.0497992, 50.1099691 ], [ 20.0495142, 50.1098196 ], [ 20.049263, 50.1097349 ], [ 20.0491864, 50.109705 ], [ 20.0490765, 50.1096945 ], [ 20.0489031, 50.10967 ], [ 20.0483085, 50.1096729 ], [ 20.0479761, 50.1096631 ], [ 20.0476699, 50.1096444 ], [ 20.0474344, 50.1095875 ], [ 20.0473563, 50.1095511 ], [ 20.0469527, 50.1093135 ], [ 20.0468722, 50.1094062 ], [ 20.046862, 50.1094211 ], [ 20.0465999, 50.1097101 ], [ 20.0465286, 50.1098208 ], [ 20.0464747, 50.1098973 ], [ 20.0464569, 50.1099214 ], [ 20.0463854, 50.1100301 ], [ 20.046239, 50.1101982 ], [ 20.0460744, 50.1104021 ], [ 20.045996, 50.1104929 ], [ 20.0457841, 50.1107539 ], [ 20.0456255, 50.1109538 ], [ 20.0455595, 50.1110378 ], [ 20.0454733, 50.1111558 ], [ 20.0454465, 50.1111368 ], [ 20.0454432, 50.1111296 ], [ 20.0452606, 50.1109766 ], [ 20.0452186, 50.1109421 ], [ 20.0447071, 50.1103223 ], [ 20.0446935, 50.1103257 ], [ 20.0441932, 50.1106878 ], [ 20.0441835, 50.1106947 ], [ 20.0439266, 50.1109471 ], [ 20.0436569, 50.1112124 ], [ 20.0435945, 50.111256 ], [ 20.0434578, 50.1114174 ], [ 20.0434185, 50.1114563 ], [ 20.0432165, 50.1116458 ], [ 20.0430862, 50.1117817 ], [ 20.0429972, 50.1118668 ], [ 20.042758, 50.1120859 ], [ 20.0426033, 50.1122543 ], [ 20.0422728, 50.1126555 ], [ 20.0421582, 50.1128048 ], [ 20.0420618, 50.1129643 ], [ 20.0419802, 50.1131718 ], [ 20.0419197, 50.1134874 ], [ 20.0400102, 50.1133483 ], [ 20.0397356, 50.1133235 ], [ 20.0389819, 50.1132204 ], [ 20.0387691, 50.1131881 ], [ 20.0385549, 50.113152 ], [ 20.0383348, 50.1131001 ], [ 20.0381111, 50.1130571 ], [ 20.0376946, 50.1129495 ], [ 20.0376859, 50.1129648 ], [ 20.037513, 50.1129234 ], [ 20.0373375, 50.1128657 ], [ 20.0372276, 50.1128225 ], [ 20.0370829, 50.1127415 ], [ 20.0369792, 50.1126213 ], [ 20.0370018, 50.1123422 ], [ 20.0371662, 50.1118747 ], [ 20.0371387, 50.1117387 ], [ 20.0371022, 50.1116252 ], [ 20.0369446, 50.1113267 ], [ 20.036815, 50.1111366 ], [ 20.0367602, 50.1110736 ], [ 20.0367, 50.1110221 ], [ 20.0366006, 50.1109457 ], [ 20.0362941, 50.1107724 ], [ 20.0362202, 50.1107277 ], [ 20.0361577, 50.1106728 ], [ 20.0361155, 50.1106186 ], [ 20.0360836, 50.1105674 ], [ 20.0360056, 50.1104103 ], [ 20.03601, 50.1101676 ], [ 20.0359366, 50.1101599 ], [ 20.0356994, 50.1101194 ], [ 20.0354459, 50.1100615 ], [ 20.0352965, 50.1100222 ], [ 20.0352474, 50.1100029 ], [ 20.0352289, 50.1099936 ], [ 20.035425, 50.1094951 ], [ 20.035675, 50.1089518 ], [ 20.0357976, 50.1086157 ], [ 20.0354349, 50.1085754 ], [ 20.0351517, 50.1085546 ], [ 20.0345277, 50.108498 ], [ 20.0345016, 50.1085575 ], [ 20.0341117, 50.1084762 ], [ 20.0340961, 50.1084736 ], [ 20.0340296, 50.1087366 ], [ 20.0331419, 50.1083166 ], [ 20.0317802, 50.1079029 ], [ 20.0316243, 50.1078848 ], [ 20.0300359, 50.105885 ], [ 20.0298965, 50.1058749 ], [ 20.0289583, 50.1058197 ], [ 20.0288642, 50.1058192 ], [ 20.0280024, 50.1057673 ], [ 20.0279967, 50.1057098 ], [ 20.0279992, 50.1055788 ], [ 20.0279715, 50.1054359 ], [ 20.0277382, 50.104895 ], [ 20.0277011, 50.1047851 ], [ 20.0276555, 50.1045725 ], [ 20.0276286, 50.1043586 ], [ 20.0275167, 50.1043635 ], [ 20.0263304, 50.1042201 ], [ 20.0257108, 50.1041359 ], [ 20.025015, 50.1040228 ], [ 20.0247319, 50.1039834 ], [ 20.0242413, 50.1039435 ], [ 20.0238607, 50.1041897 ], [ 20.0228739, 50.1047722 ], [ 20.0220958, 50.1051811 ], [ 20.0216178, 50.1053405 ], [ 20.0205933, 50.1056144 ], [ 20.0199186, 50.1058268 ], [ 20.0183706, 50.1062564 ], [ 20.0175664, 50.1064441 ], [ 20.0162471, 50.1066194 ], [ 20.0159252, 50.106627 ], [ 20.0153122, 50.1066615 ], [ 20.0146514, 50.1066803 ], [ 20.0144346, 50.1066798 ], [ 20.0136548, 50.106705 ], [ 20.0133721, 50.1067163 ], [ 20.0131748, 50.1067319 ], [ 20.0130844, 50.106751 ], [ 20.0129042, 50.1067747 ], [ 20.0124658, 50.1067953 ], [ 20.0090644, 50.1069631 ], [ 20.0077336, 50.1070268 ], [ 20.0067568, 50.1070693 ], [ 20.0058611, 50.1071068 ], [ 20.0045919, 50.1071566 ], [ 20.003653, 50.1071026 ], [ 20.0029823, 50.1071377 ], [ 20.0017416, 50.1072065 ], [ 20.0012516, 50.1072153 ], [ 19.9998869, 50.107244 ], [ 19.9995342, 50.1072199 ], [ 19.9991082, 50.1072201 ], [ 19.9986463, 50.1072177 ], [ 19.9979181, 50.1072089 ], [ 19.9971194, 50.1071748 ], [ 19.996499, 50.1071632 ], [ 19.995632, 50.1070728 ], [ 19.9953815, 50.1070372 ], [ 19.994889, 50.1070012 ], [ 19.9948253, 50.107011 ], [ 19.9940743, 50.106909 ], [ 19.9932166, 50.1067682 ], [ 19.9928282, 50.1067015 ], [ 19.9925726, 50.1066402 ], [ 19.9920494, 50.1065266 ], [ 19.9919483, 50.1064873 ], [ 19.9917083, 50.106417 ], [ 19.9913818, 50.1063153 ], [ 19.9910126, 50.1062134 ], [ 19.990749, 50.1061172 ], [ 19.9904184, 50.1059211 ], [ 19.9900933, 50.1057402 ], [ 19.9897654, 50.1055578 ], [ 19.9894953, 50.1053567 ], [ 19.9890742, 50.1052231 ], [ 19.9887183, 50.1051236 ], [ 19.9885607, 50.1051553 ], [ 19.9882892, 50.1052782 ], [ 19.9878454, 50.1052279 ], [ 19.9871011, 50.1049626 ], [ 19.9871086, 50.1049108 ], [ 19.9866724, 50.1047823 ], [ 19.985804, 50.1049435 ], [ 19.9854647, 50.1050024 ], [ 19.9851352, 50.1050531 ], [ 19.9844736, 50.1051418 ], [ 19.9840008, 50.1052168 ], [ 19.9835187, 50.105299 ], [ 19.9830642, 50.1053845 ], [ 19.9827039, 50.1054458 ], [ 19.9823691, 50.1054872 ], [ 19.981838, 50.1055135 ], [ 19.9816724, 50.1055263 ], [ 19.9813581, 50.1055659 ], [ 19.9812375, 50.1053905 ], [ 19.981015, 50.105172 ], [ 19.9807161, 50.1049586 ], [ 19.9805246, 50.1051182 ], [ 19.9803984, 50.1052004 ], [ 19.9802741, 50.1052737 ], [ 19.9799745, 50.1054417 ], [ 19.9796524, 50.10558 ], [ 19.9792852, 50.1057404 ], [ 19.9790588, 50.1058171 ], [ 19.9788504, 50.1058526 ], [ 19.9787153, 50.1058683 ], [ 19.978431, 50.10586 ], [ 19.9779477, 50.105832 ], [ 19.9777198, 50.1058401 ], [ 19.9775726, 50.1058555 ], [ 19.9773674, 50.1058976 ], [ 19.9771121, 50.1059712 ], [ 19.9768208, 50.1060645 ], [ 19.9767711, 50.1060883 ], [ 19.9766538, 50.1061283 ], [ 19.9763603, 50.106198 ], [ 19.9758489, 50.1063481 ], [ 19.975619, 50.1064055 ], [ 19.9752152, 50.1064672 ], [ 19.9749876, 50.1064973 ], [ 19.9745963, 50.1065328 ], [ 19.9727336, 50.1067536 ], [ 19.9724707, 50.1067681 ], [ 19.972338, 50.1067872 ], [ 19.9721524, 50.106829 ], [ 19.9719668, 50.1068783 ], [ 19.9717453, 50.1069331 ], [ 19.9715963, 50.106962 ], [ 19.9706325, 50.1072095 ], [ 19.9706385, 50.1072265 ], [ 19.9705642, 50.1072416 ], [ 19.9702542, 50.1073512 ], [ 19.9698782, 50.1075151 ], [ 19.9697317, 50.1075723 ], [ 19.9696285, 50.1076406 ], [ 19.9693654, 50.1077638 ], [ 19.969201, 50.1079007 ], [ 19.9689251, 50.1080993 ], [ 19.9686836, 50.1082636 ], [ 19.9684433, 50.1084149 ], [ 19.9682665, 50.108502 ], [ 19.9682439, 50.1085161 ], [ 19.9676053, 50.1087513 ], [ 19.967309, 50.1088514 ], [ 19.9668076, 50.1090006 ], [ 19.9665504, 50.1090625 ], [ 19.9660137, 50.1091681 ], [ 19.965347, 50.1093789 ], [ 19.9650996, 50.1094697 ], [ 19.9645632, 50.1096667 ], [ 19.9641791, 50.1098186 ], [ 19.9639256, 50.1098867 ], [ 19.9638304, 50.1099097 ], [ 19.9634602, 50.1100977 ], [ 19.9632684, 50.1101987 ], [ 19.9631467, 50.1100895 ], [ 19.96292, 50.109909 ], [ 19.9627631, 50.109783 ], [ 19.9625211, 50.1095887 ], [ 19.9624397, 50.1095452 ], [ 19.9623803, 50.1095141 ], [ 19.9621447, 50.1093879 ], [ 19.9620425, 50.1092853 ], [ 19.9619312, 50.1092222 ], [ 19.9615575, 50.1090001 ], [ 19.9613814, 50.1089052 ], [ 19.9610332, 50.1087467 ], [ 19.9608803, 50.1086822 ], [ 19.9607153, 50.108606 ], [ 19.9605729, 50.1085439 ], [ 19.9604272, 50.108485 ], [ 19.960423, 50.1084806 ], [ 19.9602746, 50.1084293 ], [ 19.9601415, 50.1083972 ], [ 19.9600053, 50.1083774 ], [ 19.9597489, 50.1083662 ], [ 19.9597386, 50.1083682 ], [ 19.9595202, 50.1083715 ], [ 19.9592843, 50.1083586 ], [ 19.9585986, 50.10834 ], [ 19.9583792, 50.1083249 ], [ 19.9581628, 50.1083127 ], [ 19.9581598, 50.1083174 ], [ 19.9581334, 50.1083202 ], [ 19.9581024, 50.1083438 ], [ 19.9579388, 50.1085376 ], [ 19.9578606, 50.108627 ], [ 19.9576711, 50.1088545 ], [ 19.9574025, 50.1091742 ], [ 19.9573107, 50.1093914 ], [ 19.9573291, 50.109625 ], [ 19.9573649, 50.1101345 ], [ 19.9574397, 50.110596 ], [ 19.9573939, 50.1106324 ], [ 19.9573761, 50.110631 ], [ 19.956433, 50.1105552 ], [ 19.9560442, 50.1105226 ], [ 19.9558953, 50.1105161 ], [ 19.9557583, 50.1106626 ], [ 19.9555584, 50.1108969 ], [ 19.9554032, 50.1110722 ], [ 19.955294, 50.1112197 ], [ 19.9549909, 50.1114763 ], [ 19.9546975, 50.1117062 ], [ 19.9544621, 50.1118661 ], [ 19.954235, 50.1120383 ], [ 19.9541435, 50.1121165 ], [ 19.9539609, 50.1122631 ], [ 19.9538085, 50.1123828 ], [ 19.9536746, 50.1124851 ], [ 19.9535195, 50.1125837 ], [ 19.9533463, 50.1126823 ], [ 19.9531588, 50.1127995 ], [ 19.9529402, 50.1129524 ], [ 19.9520438, 50.1135149 ], [ 19.9515714, 50.1137999 ], [ 19.9514481, 50.1138834 ], [ 19.9513273, 50.1139715 ], [ 19.9511972, 50.114074 ], [ 19.9510786, 50.1141852 ], [ 19.9508387, 50.1144216 ], [ 19.9505996, 50.1146372 ], [ 19.950351, 50.1148619 ], [ 19.9501933, 50.1150175 ], [ 19.9500375, 50.1151757 ], [ 19.9498705, 50.1153629 ], [ 19.9497638, 50.1154708 ], [ 19.9496252, 50.1156223 ], [ 19.9495537, 50.115697 ], [ 19.9494815, 50.1157758 ], [ 19.9493592, 50.1158776 ], [ 19.9492373, 50.1159941 ], [ 19.9490198, 50.1162337 ], [ 19.9489496, 50.1163148 ], [ 19.9487605, 50.116543 ], [ 19.9486114, 50.1167509 ], [ 19.9484636, 50.1169644 ], [ 19.9483554, 50.1171581 ], [ 19.9482139, 50.1174537 ], [ 19.9481114, 50.1176749 ], [ 19.948079, 50.11776 ], [ 19.9480302, 50.1178564 ], [ 19.9479938, 50.1179598 ], [ 19.947981, 50.1180321 ], [ 19.9479054, 50.1181914 ], [ 19.9478622, 50.118292 ], [ 19.9478215, 50.1184338 ], [ 19.9477806, 50.1185438 ], [ 19.9477561, 50.1185961 ], [ 19.947632, 50.1188019 ], [ 19.947518, 50.1190184 ], [ 19.9474718, 50.1191176 ], [ 19.9474503, 50.1191783 ], [ 19.9474183, 50.1192332 ], [ 19.9473781, 50.1192915 ], [ 19.9473325, 50.1193374 ], [ 19.9462684, 50.1192164 ], [ 19.9455271, 50.1191159 ], [ 19.9452569, 50.1190913 ], [ 19.9447971, 50.1190139 ], [ 19.9440119, 50.1189408 ], [ 19.9436373, 50.1188748 ], [ 19.9434309, 50.1188472 ], [ 19.9432774, 50.1188297 ], [ 19.9431925, 50.1188236 ], [ 19.9429906, 50.1188272 ], [ 19.9427124, 50.1188498 ], [ 19.9424842, 50.1188773 ], [ 19.9422586, 50.118906 ], [ 19.9419157, 50.1189586 ], [ 19.9416183, 50.1190219 ], [ 19.941552, 50.1190305 ], [ 19.941452, 50.1190219 ], [ 19.9413115, 50.1190376 ], [ 19.941096, 50.1190014 ], [ 19.9410669, 50.118995 ], [ 19.9405817, 50.1189547 ], [ 19.9401713, 50.1189269 ], [ 19.9401392, 50.1186445 ], [ 19.9401105, 50.1184735 ], [ 19.9400514, 50.1182602 ], [ 19.9399444, 50.1179973 ], [ 19.939902, 50.1177483 ], [ 19.9398533, 50.1175008 ], [ 19.9398251, 50.1171951 ], [ 19.9398174, 50.1169999 ], [ 19.9398271, 50.1169051 ], [ 19.9399227, 50.1165009 ], [ 19.9399691, 50.1162865 ], [ 19.939974, 50.1162457 ], [ 19.9394646, 50.1161843 ], [ 19.9392367, 50.1161534 ], [ 19.938723, 50.1160948 ], [ 19.9385201, 50.1160726 ], [ 19.9381934, 50.1160414 ], [ 19.9378183, 50.1159738 ], [ 19.9373925, 50.1159264 ], [ 19.9367053, 50.1158289 ], [ 19.9364922, 50.1157874 ], [ 19.9362917, 50.1157452 ], [ 19.9361242, 50.1157063 ], [ 19.9359084, 50.1156619 ], [ 19.9356873, 50.1156193 ], [ 19.9352625, 50.115532 ], [ 19.9354248, 50.1151927 ], [ 19.9354286, 50.1151557 ], [ 19.93498, 50.1150365 ], [ 19.9346994, 50.1149711 ], [ 19.9343089, 50.1148882 ], [ 19.934039, 50.1148154 ], [ 19.9338862, 50.1147654 ], [ 19.9336969, 50.1147067 ], [ 19.9334832, 50.1146611 ], [ 19.9332628, 50.1146115 ], [ 19.9331865, 50.1145992 ], [ 19.932612, 50.1144836 ], [ 19.9323173, 50.1144364 ], [ 19.9319022, 50.1143765 ], [ 19.9310879, 50.1142459 ], [ 19.9308755, 50.1142217 ], [ 19.9306226, 50.1141991 ], [ 19.9304058, 50.1141895 ], [ 19.9301694, 50.1141864 ], [ 19.9298454, 50.1141733 ], [ 19.9295556, 50.1141419 ], [ 19.9294124, 50.1141202 ], [ 19.9292018, 50.1140678 ], [ 19.9290481, 50.1140178 ], [ 19.9287859, 50.1139114 ], [ 19.9283506, 50.1137377 ], [ 19.928326, 50.1137331 ], [ 19.9280603, 50.1136294 ], [ 19.9277869, 50.1135325 ], [ 19.92779, 50.1135265 ], [ 19.9277364, 50.1135073 ], [ 19.9275275, 50.1139279 ], [ 19.9274418, 50.1140928 ], [ 19.9274108, 50.1141645 ], [ 19.9272873, 50.1146219 ], [ 19.9267116, 50.1145251 ], [ 19.9263515, 50.114458 ], [ 19.9255729, 50.114291 ], [ 19.925265, 50.1141794 ], [ 19.9251603, 50.1141442 ], [ 19.9250585, 50.1141098 ], [ 19.9250256, 50.1140959 ], [ 19.9249928, 50.1140857 ], [ 19.9249411, 50.1140731 ], [ 19.9249634, 50.1139444 ], [ 19.9250659, 50.1137616 ], [ 19.925267, 50.1133123 ], [ 19.9254962, 50.112868 ], [ 19.9256156, 50.1126308 ], [ 19.9257387, 50.1123993 ], [ 19.9255106, 50.1119081 ], [ 19.9254871, 50.1118695 ], [ 19.9254483, 50.1118238 ], [ 19.9254184, 50.1117963 ], [ 19.9253393, 50.1117367 ], [ 19.925223, 50.1116677 ], [ 19.9249293, 50.1115216 ], [ 19.9249158, 50.1115179 ], [ 19.924835, 50.1114746 ], [ 19.924539, 50.1113329 ], [ 19.9244441, 50.111302 ], [ 19.9244868, 50.1112376 ], [ 19.9245912, 50.1110991 ], [ 19.9246706, 50.1110133 ], [ 19.9247723, 50.110891 ], [ 19.9248218, 50.1107987 ], [ 19.9248881, 50.1106066 ], [ 19.9249123, 50.1105573 ], [ 19.9249551, 50.1104777 ], [ 19.9249579, 50.110471 ], [ 19.9250081, 50.1103964 ], [ 19.9251179, 50.1103128 ], [ 19.9252105, 50.1102489 ], [ 19.9252868, 50.1101862 ], [ 19.9253589, 50.1101184 ], [ 19.9254637, 50.1098892 ], [ 19.9255502, 50.1096393 ], [ 19.925586, 50.1094967 ], [ 19.9256154, 50.1093523 ], [ 19.9256963, 50.1091244 ], [ 19.9257528, 50.1089857 ], [ 19.9257785, 50.108868 ], [ 19.9257836, 50.1087374 ], [ 19.9257894, 50.1087151 ], [ 19.9260525, 50.1081842 ], [ 19.9260292, 50.1081195 ], [ 19.9262459, 50.1080843 ], [ 19.9264593, 50.107815 ], [ 19.9267977, 50.1074764 ], [ 19.9270659, 50.1073074 ], [ 19.9270815, 50.1072976 ], [ 19.9272073, 50.1072755 ], [ 19.9273117, 50.1072734 ], [ 19.9274245, 50.1072806 ], [ 19.9274956, 50.1072902 ], [ 19.9275065, 50.1072968 ], [ 19.927596, 50.107345 ], [ 19.9276298, 50.107368 ], [ 19.9276522, 50.1073873 ], [ 19.9277819, 50.1075203 ], [ 19.927885, 50.1076529 ], [ 19.9278958, 50.1076791 ], [ 19.9279493, 50.107756 ], [ 19.9279985, 50.1078647 ], [ 19.9281242, 50.1078473 ], [ 19.9281648, 50.1078397 ], [ 19.928467, 50.1078187 ], [ 19.9285391, 50.1078112 ], [ 19.928606, 50.1077994 ], [ 19.9291543, 50.1077298 ], [ 19.9293568, 50.1077074 ], [ 19.9293758, 50.1077803 ], [ 19.9293059, 50.1081837 ], [ 19.9290749, 50.1083796 ], [ 19.9287835, 50.1086326 ], [ 19.9282366, 50.109135 ], [ 19.9278396, 50.1095255 ], [ 19.9277314, 50.1096299 ], [ 19.9274404, 50.1098947 ], [ 19.9271045, 50.1102451 ], [ 19.9275991, 50.1103925 ], [ 19.9277349, 50.1103987 ], [ 19.9278978, 50.1103922 ], [ 19.9280876, 50.1104007 ], [ 19.9284188, 50.1102696 ], [ 19.9286555, 50.1101388 ], [ 19.9288532, 50.1100256 ], [ 19.9291078, 50.1098938 ], [ 19.9293653, 50.1097549 ], [ 19.9298663, 50.1094778 ], [ 19.9300654, 50.1093637 ], [ 19.9302555, 50.1092357 ], [ 19.9304776, 50.109079 ], [ 19.9308263, 50.1088402 ], [ 19.931002, 50.1087027 ], [ 19.9310637, 50.1086264 ], [ 19.9310872, 50.1085828 ], [ 19.9311095, 50.1085195 ], [ 19.9311352, 50.1084234 ], [ 19.9311634, 50.1082742 ], [ 19.9311903, 50.1081657 ], [ 19.9312884, 50.107889 ], [ 19.9313124, 50.1077989 ], [ 19.9313175, 50.1077217 ], [ 19.9313001, 50.1076362 ], [ 19.9312628, 50.1075494 ], [ 19.9312333, 50.1075115 ], [ 19.9312038, 50.1074736 ], [ 19.9310893, 50.1073834 ], [ 19.930957, 50.1072839 ], [ 19.9306573, 50.1070884 ], [ 19.9305853, 50.1069996 ], [ 19.9305141, 50.106866 ], [ 19.9304873, 50.1068431 ], [ 19.9304531, 50.1068284 ], [ 19.9303045, 50.1068087 ], [ 19.9301522, 50.106795 ], [ 19.9297491, 50.1067347 ], [ 19.9293942, 50.1066581 ], [ 19.9293572, 50.1066499 ], [ 19.9296944, 50.1061661 ], [ 19.9299774, 50.1057335 ], [ 19.9301248, 50.1055376 ], [ 19.9301417, 50.1055481 ], [ 19.9302443, 50.1054687 ], [ 19.9303204, 50.1053863 ], [ 19.9303735, 50.1053169 ], [ 19.9304276, 50.1052203 ], [ 19.9305915, 50.1049878 ], [ 19.9306855, 50.1048978 ], [ 19.9307884, 50.104812 ], [ 19.929556, 50.1041305 ], [ 19.9291052, 50.1038708 ], [ 19.928941, 50.1037842 ], [ 19.9288719, 50.1037316 ], [ 19.9287628, 50.1037787 ], [ 19.9285632, 50.1039669 ], [ 19.9282984, 50.1041226 ], [ 19.9282357, 50.1042463 ], [ 19.9281422, 50.1043255 ], [ 19.9281411, 50.104495 ], [ 19.9281884, 50.1046884 ], [ 19.9281884, 50.1047864 ], [ 19.9281729, 50.1048537 ], [ 19.9281495, 50.1049175 ], [ 19.9280504, 50.1049475 ], [ 19.927918, 50.1049926 ], [ 19.9276904, 50.1050805 ], [ 19.926971, 50.1048116 ], [ 19.9268668, 50.1047689 ], [ 19.9267301, 50.1046955 ], [ 19.9266801, 50.1046528 ], [ 19.9265897, 50.1045512 ], [ 19.9265797, 50.104508 ], [ 19.9264319, 50.1043824 ], [ 19.9263914, 50.1044878 ], [ 19.9262199, 50.104443 ], [ 19.9260413, 50.1043772 ], [ 19.9258354, 50.1042983 ], [ 19.9256099, 50.104213 ], [ 19.9250734, 50.1039958 ], [ 19.9240575, 50.1036119 ], [ 19.9231178, 50.1032425 ], [ 19.9229117, 50.1031501 ], [ 19.9227059, 50.1030506 ], [ 19.9225364, 50.1029764 ], [ 19.9218507, 50.1026805 ], [ 19.9212784, 50.102439 ], [ 19.9210798, 50.1023557 ], [ 19.9208702, 50.1022649 ], [ 19.921006, 50.1021432 ], [ 19.9207246, 50.1020301 ], [ 19.9202022, 50.1018376 ], [ 19.919935, 50.1017503 ], [ 19.91972, 50.1016591 ], [ 19.9193524, 50.1015274 ], [ 19.9187832, 50.1013425 ], [ 19.9188434, 50.1012366 ], [ 19.9189273, 50.1010271 ], [ 19.9189374, 50.1009009 ], [ 19.9189137, 50.1007565 ], [ 19.918891, 50.1004769 ], [ 19.9188982, 50.1003664 ], [ 19.91889, 50.1001854 ], [ 19.918853, 50.1001876 ], [ 19.9184585, 50.1002571 ], [ 19.9180164, 50.100344 ], [ 19.9176614, 50.1004272 ], [ 19.9172479, 50.1005371 ], [ 19.9170071, 50.1005836 ], [ 19.916771, 50.1006318 ], [ 19.9166974, 50.1006454 ], [ 19.9164517, 50.1007005 ], [ 19.9162069, 50.1007626 ], [ 19.9160867, 50.1007741 ], [ 19.9159594, 50.1007933 ], [ 19.9156961, 50.1008255 ], [ 19.9155138, 50.100863 ], [ 19.9151089, 50.1009326 ], [ 19.9151002, 50.1009816 ], [ 19.9150969, 50.1010137 ], [ 19.9150875, 50.1011045 ], [ 19.9150651, 50.1012441 ], [ 19.9150161, 50.1015115 ], [ 19.9149433, 50.101803 ], [ 19.9149205, 50.1019197 ], [ 19.9149007, 50.1020622 ], [ 19.9148774, 50.1021582 ], [ 19.9148594, 50.1022914 ], [ 19.914808, 50.1025576 ], [ 19.9147638, 50.1029059 ], [ 19.9147482, 50.1030127 ], [ 19.9147407, 50.1030861 ], [ 19.9147233, 50.103155 ], [ 19.9146981, 50.1032802 ], [ 19.9146631, 50.1034108 ], [ 19.9146458, 50.1034895 ], [ 19.9146326, 50.1035249 ], [ 19.91456, 50.1038734 ], [ 19.9145475, 50.1039027 ], [ 19.9145087, 50.1040316 ], [ 19.9144455, 50.1041828 ], [ 19.914384, 50.1043614 ], [ 19.9143585, 50.104475 ], [ 19.9143629, 50.1044883 ], [ 19.914266, 50.1047995 ], [ 19.9141755, 50.1051314 ], [ 19.9141511, 50.1053332 ], [ 19.9141093, 50.1054858 ], [ 19.9140637, 50.105612 ], [ 19.9140067, 50.1057382 ], [ 19.9139286, 50.1058857 ], [ 19.9138641, 50.1060299 ], [ 19.91383, 50.1061359 ], [ 19.9137893, 50.1062271 ], [ 19.9136301, 50.106538 ], [ 19.913369, 50.1071243 ], [ 19.9133208, 50.1072274 ], [ 19.9131294, 50.1076504 ], [ 19.9129489, 50.1080676 ], [ 19.9126335, 50.1088762 ], [ 19.9125437, 50.1090873 ], [ 19.9124928, 50.1092229 ], [ 19.9124749, 50.1092929 ], [ 19.912472, 50.109365 ], [ 19.9124424, 50.1094931 ], [ 19.9122693, 50.1099515 ], [ 19.912199, 50.1100672 ], [ 19.9120358, 50.1103298 ], [ 19.9119185, 50.110572 ], [ 19.9117697, 50.1108195 ], [ 19.9116844, 50.1109447 ], [ 19.911623, 50.1110752 ], [ 19.9115867, 50.1112015 ], [ 19.9115576, 50.1113384 ], [ 19.91154, 50.1114525 ], [ 19.9114885, 50.1115933 ], [ 19.9114222, 50.1116847 ], [ 19.9113227, 50.1118085 ], [ 19.9112622, 50.1119229 ], [ 19.9112283, 50.1119706 ], [ 19.9110521, 50.1122652 ], [ 19.9109822, 50.112354 ], [ 19.9108282, 50.1125787 ], [ 19.9107861, 50.1126554 ], [ 19.9107585, 50.1127429 ], [ 19.9107421, 50.1127949 ], [ 19.9107183, 50.1128981 ], [ 19.9106945, 50.1130013 ], [ 19.9106305, 50.1131478 ], [ 19.9105505, 50.1132765 ], [ 19.9104965, 50.1133792 ], [ 19.9104255, 50.1135058 ], [ 19.9103771, 50.1136007 ], [ 19.9103495, 50.1136885 ], [ 19.9102997, 50.1138683 ], [ 19.9102639, 50.1139653 ], [ 19.910117, 50.1142717 ], [ 19.9101303, 50.1142998 ], [ 19.9100806, 50.1144348 ], [ 19.9100723, 50.1144993 ], [ 19.9100511, 50.1145598 ], [ 19.910021, 50.1146173 ], [ 19.909982, 50.114658 ], [ 19.9098599, 50.1147614 ], [ 19.909824, 50.1148007 ], [ 19.9097905, 50.1148478 ], [ 19.9097698, 50.1148895 ], [ 19.9097374, 50.1149806 ], [ 19.9097011, 50.1151023 ], [ 19.9096209, 50.1152685 ], [ 19.909582, 50.1153902 ], [ 19.9095356, 50.1154859 ], [ 19.9094947, 50.1155121 ], [ 19.9094714, 50.1155595 ], [ 19.9094521, 50.1156178 ], [ 19.9094323, 50.1156981 ], [ 19.9093991, 50.1158002 ], [ 19.9093096, 50.1160156 ], [ 19.9092427, 50.1163705 ], [ 19.909214, 50.1164803 ], [ 19.9090992, 50.1168495 ], [ 19.9088901, 50.117296 ], [ 19.9088272, 50.1174871 ], [ 19.9087026, 50.1177527 ], [ 19.9086826, 50.1178065 ], [ 19.9085198, 50.1181344 ], [ 19.9084397, 50.1182327 ], [ 19.9083756, 50.1182859 ], [ 19.908312, 50.1183352 ], [ 19.908265, 50.1183515 ], [ 19.9080884, 50.1184876 ], [ 19.9079109, 50.118637 ], [ 19.9078735, 50.1186722 ], [ 19.9078037, 50.1187551 ], [ 19.9077647, 50.1188132 ], [ 19.9077203, 50.1188737 ], [ 19.9077213, 50.1189121 ], [ 19.9075609, 50.119066 ], [ 19.9074014, 50.1192166 ], [ 19.9072056, 50.1193852 ], [ 19.9071112, 50.1194434 ], [ 19.907007, 50.1195654 ], [ 19.9069356, 50.1196432 ], [ 19.9067863, 50.1198386 ], [ 19.9066835, 50.1199738 ], [ 19.9066371, 50.120039 ], [ 19.9064709, 50.1202874 ], [ 19.9063673, 50.1204295 ], [ 19.9062699, 50.1205485 ], [ 19.9060978, 50.1207262 ], [ 19.9060599, 50.1207694 ], [ 19.9059549, 50.1209047 ], [ 19.9058817, 50.1209799 ], [ 19.9057851, 50.1210618 ], [ 19.9057144, 50.1211253 ], [ 19.9053785, 50.1214578 ], [ 19.9052633, 50.1215574 ], [ 19.9051779, 50.1216422 ], [ 19.9050816, 50.1217514 ], [ 19.9050333, 50.1217998 ], [ 19.9049782, 50.121844 ], [ 19.9049246, 50.1218824 ], [ 19.9048508, 50.1219275 ], [ 19.90484, 50.1219814 ], [ 19.9046893, 50.1221186 ], [ 19.9045763, 50.1221371 ], [ 19.9044968, 50.1221591 ], [ 19.9044119, 50.1221981 ], [ 19.9043204, 50.122271 ], [ 19.9042316, 50.1223343 ], [ 19.9040383, 50.1224581 ], [ 19.9038904, 50.12253 ], [ 19.9036936, 50.1226455 ], [ 19.9035334, 50.1227227 ], [ 19.9033728, 50.1228097 ], [ 19.9032774, 50.1228655 ], [ 19.9032109, 50.1228878 ], [ 19.9030333, 50.1229714 ], [ 19.9027061, 50.1231669 ], [ 19.9024082, 50.123382 ], [ 19.9022932, 50.1234807 ], [ 19.9022281, 50.1235365 ], [ 19.9021839, 50.1235745 ], [ 19.9021024, 50.1236699 ], [ 19.9020587, 50.1237243 ], [ 19.9020079, 50.1237973 ], [ 19.9019361, 50.1238543 ], [ 19.901819, 50.1239908 ], [ 19.9016642, 50.1242126 ], [ 19.9016037, 50.1242626 ], [ 19.9015304, 50.1243412 ], [ 19.90149, 50.1244067 ], [ 19.9014062, 50.1243875 ], [ 19.9014008, 50.1244532 ], [ 19.9013723, 50.1245512 ], [ 19.9013386, 50.124629 ], [ 19.90126, 50.1248014 ], [ 19.9011599, 50.1249921 ], [ 19.9011041, 50.1251153 ], [ 19.9008719, 50.1250586 ], [ 19.9008018, 50.1251837 ], [ 19.9007263, 50.1252904 ], [ 19.9005666, 50.1254552 ], [ 19.9005009, 50.1255086 ], [ 19.8995124, 50.1251701 ], [ 19.8988437, 50.1250095 ], [ 19.8983767, 50.1250084 ], [ 19.8983077, 50.1250813 ], [ 19.8983065, 50.1251465 ], [ 19.898288, 50.125342 ], [ 19.8986807, 50.125375 ], [ 19.899213, 50.1254184 ], [ 19.8993678, 50.1254249 ], [ 19.8995872, 50.1257955 ], [ 19.8983311, 50.125684 ], [ 19.8983133, 50.1260893 ], [ 19.8983135, 50.1261308 ], [ 19.8975578, 50.1261132 ], [ 19.8969713, 50.1261102 ], [ 19.896424, 50.1261119 ], [ 19.896179, 50.1261017 ], [ 19.896089, 50.1261145 ], [ 19.8959121, 50.1261 ], [ 19.8954265, 50.1261043 ], [ 19.8949468, 50.1261107 ], [ 19.8946468, 50.1261078 ], [ 19.8944587, 50.126108 ], [ 19.8944067, 50.1261137 ], [ 19.8943824, 50.1261338 ], [ 19.8941136, 50.1261133 ], [ 19.8935577, 50.1261108 ], [ 19.8933915, 50.1261027 ], [ 19.8931566, 50.1260929 ], [ 19.8927116, 50.1260869 ], [ 19.8925084, 50.1260797 ], [ 19.8924992, 50.1260501 ], [ 19.8924619, 50.1257754 ], [ 19.8924335, 50.125494 ], [ 19.8924075, 50.1253488 ], [ 19.8923898, 50.1251373 ], [ 19.8923931, 50.1250657 ], [ 19.8924064, 50.1249567 ], [ 19.8924399, 50.1248362 ], [ 19.8924583, 50.1247336 ], [ 19.8924898, 50.1246258 ], [ 19.8925119, 50.1245205 ], [ 19.8925335, 50.1244467 ], [ 19.8925564, 50.1243443 ], [ 19.8922588, 50.1243378 ], [ 19.8918582, 50.1243197 ], [ 19.8916945, 50.1243209 ], [ 19.8915321, 50.1243209 ], [ 19.8915434, 50.124232 ], [ 19.8915663, 50.1240955 ], [ 19.8913702, 50.1240919 ], [ 19.8909056, 50.1240576 ], [ 19.8904671, 50.1240076 ], [ 19.8904914, 50.1238816 ], [ 19.8905154, 50.1237845 ], [ 19.8905522, 50.1236339 ], [ 19.8906968, 50.1235777 ], [ 19.8908153, 50.1234863 ], [ 19.8911274, 50.1233174 ], [ 19.8911755, 50.1233006 ], [ 19.8912087, 50.1232778 ], [ 19.8912128, 50.1232552 ], [ 19.8912592, 50.1231509 ], [ 19.8913448, 50.1230814 ], [ 19.89137, 50.1230382 ], [ 19.8913858, 50.1229863 ], [ 19.891358, 50.1229173 ], [ 19.8913425, 50.122864 ], [ 19.8913425, 50.1227837 ], [ 19.8913551, 50.122713 ], [ 19.8914092, 50.1225059 ], [ 19.8910797, 50.1225909 ], [ 19.8909842, 50.1226109 ], [ 19.8908327, 50.122631 ], [ 19.8901946, 50.1227238 ], [ 19.889968, 50.1227461 ], [ 19.8896802, 50.1227555 ], [ 19.8895164, 50.1227551 ], [ 19.8893109, 50.1227422 ], [ 19.8890685, 50.122718 ], [ 19.8889322, 50.1227 ], [ 19.8887147, 50.1226616 ], [ 19.888614, 50.1226401 ], [ 19.8885168, 50.1226154 ], [ 19.8880495, 50.1224894 ], [ 19.8877328, 50.1224223 ], [ 19.8869497, 50.1222998 ], [ 19.8866167, 50.1222546 ], [ 19.8860639, 50.1222027 ], [ 19.8860074, 50.1221943 ], [ 19.8859096, 50.1221999 ], [ 19.8857699, 50.1221997 ], [ 19.885506, 50.122199 ], [ 19.8851752, 50.122184 ], [ 19.8850699, 50.1221871 ], [ 19.8849734, 50.1221934 ], [ 19.8848007, 50.1221836 ], [ 19.8847279, 50.1221666 ], [ 19.8846634, 50.1221585 ], [ 19.884485, 50.1221642 ], [ 19.8844237, 50.1221565 ], [ 19.8843345, 50.122135 ], [ 19.884256, 50.1221066 ], [ 19.8840239, 50.1220526 ], [ 19.8837835, 50.1219837 ], [ 19.8831573, 50.1217679 ], [ 19.8829162, 50.1216787 ], [ 19.8827185, 50.121621 ], [ 19.8824829, 50.121531 ], [ 19.8822584, 50.1214432 ], [ 19.8821266, 50.1213804 ], [ 19.8818614, 50.1212383 ], [ 19.8815966, 50.1210886 ], [ 19.8813962, 50.1209516 ], [ 19.8812981, 50.1208799 ], [ 19.8811311, 50.1207506 ], [ 19.8807842, 50.1204901 ], [ 19.8803937, 50.1201319 ], [ 19.8800947, 50.1198289 ], [ 19.8800057, 50.1197182 ], [ 19.879865, 50.1195361 ], [ 19.8797193, 50.119375 ], [ 19.8796895, 50.1193307 ], [ 19.8794913, 50.1191116 ], [ 19.8793619, 50.1189547 ], [ 19.8792247, 50.1187544 ], [ 19.879018, 50.1184818 ], [ 19.8789844, 50.1184246 ], [ 19.8789145, 50.1183113 ], [ 19.8788643, 50.1181947 ], [ 19.8787925, 50.1177691 ], [ 19.8787893, 50.1176987 ], [ 19.8787655, 50.1175555 ], [ 19.8787131, 50.1173267 ], [ 19.8786424, 50.1171608 ], [ 19.8785347, 50.1169695 ], [ 19.8785102, 50.1169226 ], [ 19.8784478, 50.1167702 ], [ 19.878386, 50.1166497 ], [ 19.8782039, 50.1162148 ], [ 19.8780851, 50.1159673 ], [ 19.8779796, 50.1157222 ], [ 19.8778811, 50.1154614 ], [ 19.877737, 50.1151613 ], [ 19.877624, 50.1149407 ], [ 19.877543, 50.1148198 ], [ 19.8774062, 50.1146169 ], [ 19.8772704, 50.1144074 ], [ 19.8772246, 50.1143148 ], [ 19.8771341, 50.1141647 ], [ 19.8770482, 50.1140079 ], [ 19.8769783, 50.1138578 ], [ 19.8769032, 50.1137165 ], [ 19.8768531, 50.1136328 ], [ 19.8768013, 50.1135224 ], [ 19.8767625, 50.1133895 ], [ 19.8767256, 50.1131821 ], [ 19.8767374, 50.1131183 ], [ 19.8767799, 50.1130431 ], [ 19.8768139, 50.1130088 ], [ 19.8767797, 50.1129682 ], [ 19.8767461, 50.1127989 ], [ 19.8767169, 50.1126884 ], [ 19.8766689, 50.1125778 ], [ 19.876617, 50.1124863 ], [ 19.876555, 50.1123877 ], [ 19.8765088, 50.1123279 ], [ 19.8764496, 50.1122583 ], [ 19.8762634, 50.1120482 ], [ 19.8760086, 50.1117919 ], [ 19.8756782, 50.111401 ], [ 19.875489, 50.1112114 ], [ 19.8752732, 50.1110458 ], [ 19.8750213, 50.1108912 ], [ 19.8749882, 50.1108749 ], [ 19.8746849, 50.1107255 ], [ 19.8738874, 50.1103437 ], [ 19.872899, 50.1098825 ], [ 19.8727548, 50.1098184 ], [ 19.8717895, 50.1093894 ], [ 19.8705875, 50.1088557 ], [ 19.8678315, 50.1076281 ], [ 19.8673644, 50.1074484 ], [ 19.8633191, 50.1073318 ], [ 19.8618268, 50.1059494 ], [ 19.8624439, 50.104725 ], [ 19.8627651, 50.1043166 ], [ 19.8629351, 50.1039632 ], [ 19.8635728, 50.102623 ], [ 19.864154, 50.1018687 ], [ 19.8643003, 50.1017702 ], [ 19.8643373, 50.1017452 ], [ 19.8643659, 50.1014841 ], [ 19.8643804, 50.1013444 ], [ 19.8643962, 50.1012031 ], [ 19.8644553, 50.1006771 ], [ 19.8647161, 50.100238 ], [ 19.865317, 50.0995496 ], [ 19.8654312, 50.0995063 ], [ 19.8666109, 50.0999994 ], [ 19.8670042, 50.0996865 ], [ 19.8671164, 50.0995284 ], [ 19.8672937, 50.0992915 ], [ 19.8673734, 50.0991782 ], [ 19.8672439, 50.0990431 ], [ 19.8670884, 50.0988677 ], [ 19.8669441, 50.0987126 ], [ 19.8668077, 50.0985551 ], [ 19.8666547, 50.0984009 ], [ 19.8665704, 50.0983022 ], [ 19.8665255, 50.098252 ], [ 19.8662724, 50.0979747 ], [ 19.8661893, 50.0978797 ], [ 19.8660751, 50.0977616 ], [ 19.8660462, 50.0977313 ], [ 19.8659765, 50.0976466 ], [ 19.8659344, 50.0975956 ], [ 19.8657119, 50.0973484 ], [ 19.8655595, 50.0971748 ], [ 19.8654092, 50.0970016 ], [ 19.8652435, 50.0968179 ], [ 19.8649966, 50.0965439 ], [ 19.8648364, 50.0963666 ], [ 19.86466, 50.0961736 ], [ 19.8645209, 50.0960174 ], [ 19.8644057, 50.0958864 ], [ 19.8643402, 50.0958124 ], [ 19.8642366, 50.0956767 ], [ 19.86409, 50.0955272 ], [ 19.8639741, 50.0954005 ], [ 19.8638574, 50.095269 ], [ 19.8638068, 50.095211 ], [ 19.8636913, 50.0950891 ], [ 19.8636498, 50.0950435 ], [ 19.863578, 50.0949559 ], [ 19.8635227, 50.0948892 ], [ 19.8634057, 50.0947601 ], [ 19.8632753, 50.0946075 ], [ 19.8631236, 50.0944426 ], [ 19.8630102, 50.0943128 ], [ 19.8628592, 50.094143 ], [ 19.862797, 50.0940706 ], [ 19.8627076, 50.0939659 ], [ 19.8625558, 50.0938021 ], [ 19.862421, 50.0936484 ], [ 19.8623405, 50.093564 ], [ 19.8623027, 50.0935234 ], [ 19.8622666, 50.0934809 ], [ 19.8621992, 50.0933982 ], [ 19.8621152, 50.0933043 ], [ 19.8619991, 50.0931724 ], [ 19.8615882, 50.0927249 ], [ 19.8615962, 50.0926869 ], [ 19.8615817, 50.0926584 ], [ 19.8610103, 50.0928864 ], [ 19.8604501, 50.0930332 ], [ 19.8596622, 50.0932235 ], [ 19.8596047, 50.0932224 ], [ 19.8595321, 50.093274 ], [ 19.8589296, 50.0934468 ], [ 19.8586188, 50.0935059 ], [ 19.8577205, 50.093593 ], [ 19.857091, 50.0935888 ], [ 19.8567388, 50.093578 ], [ 19.8564033, 50.0935802 ], [ 19.8560121, 50.0936043 ], [ 19.8554363, 50.0936903 ], [ 19.8549298, 50.093804 ], [ 19.853742, 50.0940877 ], [ 19.8529401, 50.0942548 ], [ 19.8518718, 50.094429 ], [ 19.8514975, 50.0943538 ], [ 19.8508299, 50.094221 ], [ 19.8504658, 50.0940677 ], [ 19.850212, 50.0939529 ], [ 19.8500096, 50.0938815 ], [ 19.8497578, 50.0937219 ], [ 19.8494905, 50.0936987 ], [ 19.8490797, 50.0935209 ], [ 19.8489287, 50.0934829 ], [ 19.8486779, 50.0934534 ], [ 19.8485198, 50.093428 ], [ 19.8483846, 50.0933611 ], [ 19.8481176, 50.0932714 ], [ 19.8477837, 50.0932527 ], [ 19.8477349, 50.0932254 ], [ 19.8476256, 50.0932044 ], [ 19.8475408, 50.0932252 ], [ 19.8473618, 50.0930892 ], [ 19.8472666, 50.093076 ], [ 19.8471964, 50.0930581 ], [ 19.8471158, 50.0930777 ], [ 19.8469204, 50.0930239 ], [ 19.8468675, 50.0930222 ], [ 19.8467716, 50.0929468 ], [ 19.8466331, 50.09292 ], [ 19.846511, 50.0928289 ], [ 19.8465043, 50.0927992 ], [ 19.8463852, 50.0927736 ], [ 19.8462473, 50.0927115 ], [ 19.8461083, 50.0926418 ], [ 19.8460016, 50.0926204 ], [ 19.8456764, 50.0925143 ], [ 19.8455749, 50.0924494 ], [ 19.8454644, 50.0924382 ], [ 19.845303, 50.0923955 ], [ 19.8451835, 50.0923514 ], [ 19.8451292, 50.0923057 ], [ 19.8449853, 50.0922214 ], [ 19.8448983, 50.0922045 ], [ 19.8448001, 50.0921919 ], [ 19.8446267, 50.0922119 ], [ 19.8444237, 50.0922124 ], [ 19.8442428, 50.0921796 ], [ 19.8437427, 50.0921708 ], [ 19.8436598, 50.0921995 ], [ 19.8436216, 50.0922083 ], [ 19.8435015, 50.092208 ], [ 19.8433041, 50.0922588 ], [ 19.8432043, 50.0923418 ], [ 19.8430963, 50.0923842 ], [ 19.8428522, 50.092284 ], [ 19.8425859, 50.0922345 ], [ 19.8424205, 50.0921447 ], [ 19.8422538, 50.0920786 ], [ 19.8420837, 50.0919639 ], [ 19.8419106, 50.0918633 ], [ 19.8418612, 50.0918206 ], [ 19.8416183, 50.0917724 ], [ 19.8415246, 50.0918244 ], [ 19.8413079, 50.091855 ], [ 19.8410988, 50.0918319 ], [ 19.8410208, 50.0918072 ], [ 19.8409387, 50.0917934 ], [ 19.8408621, 50.091759 ], [ 19.8408022, 50.0917078 ], [ 19.840701, 50.0915995 ], [ 19.8406458, 50.0915769 ], [ 19.8404566, 50.0915281 ], [ 19.8402808, 50.0915161 ], [ 19.8401714, 50.0914894 ], [ 19.8400772, 50.0914421 ], [ 19.8399689, 50.0912888 ], [ 19.8398736, 50.0912417 ], [ 19.8398244, 50.0912003 ], [ 19.8395852, 50.0911184 ], [ 19.839544, 50.0910887 ], [ 19.8394761, 50.0909929 ], [ 19.8394367, 50.0909025 ], [ 19.8394114, 50.0908444 ], [ 19.8392997, 50.0907746 ], [ 19.8390444, 50.0906599 ], [ 19.8389532, 50.0906361 ], [ 19.8388524, 50.0906429 ], [ 19.8387321, 50.0906941 ], [ 19.8386468, 50.0906834 ], [ 19.8384992, 50.0906649 ], [ 19.8384246, 50.0906133 ], [ 19.8383604, 50.0904904 ], [ 19.8381803, 50.090355 ], [ 19.8380643, 50.0903477 ], [ 19.8379512, 50.0903653 ], [ 19.8378252, 50.0904504 ], [ 19.8377551, 50.0904615 ], [ 19.8373802, 50.0901113 ], [ 19.8372378, 50.0900623 ], [ 19.8368565, 50.0896963 ], [ 19.8364668, 50.0893369 ], [ 19.8355677, 50.089588 ], [ 19.834896, 50.0889494 ], [ 19.8347301, 50.0887427 ], [ 19.8346763, 50.0886848 ], [ 19.834655, 50.0886539 ], [ 19.8345348, 50.0885051 ], [ 19.8343732, 50.0883064 ], [ 19.8335988, 50.0884007 ], [ 19.8331324, 50.0884527 ], [ 19.8327889, 50.0884816 ], [ 19.8323137, 50.0885355 ], [ 19.8321859, 50.0885394 ], [ 19.8321228, 50.0885445 ], [ 19.8320609, 50.0885406 ], [ 19.8319379, 50.0885398 ], [ 19.8317445, 50.0885261 ], [ 19.8317078, 50.0885244 ], [ 19.8315329, 50.088509 ], [ 19.8312629, 50.0884621 ], [ 19.8310708, 50.0884144 ], [ 19.8306593, 50.0882866 ], [ 19.8304308, 50.088226 ], [ 19.8302106, 50.0881765 ], [ 19.829828, 50.0881164 ], [ 19.8298651, 50.0880408 ], [ 19.8298675, 50.0879004 ], [ 19.8297156, 50.0878424 ], [ 19.8296034, 50.0877715 ], [ 19.8295581, 50.0877495 ], [ 19.8294328, 50.0877347 ], [ 19.8292811, 50.0876936 ], [ 19.829181, 50.0874989 ], [ 19.8289723, 50.0871935 ], [ 19.8289267, 50.0871251 ], [ 19.8288396, 50.0870237 ], [ 19.8287203, 50.0868647 ], [ 19.8284967, 50.086561 ], [ 19.8283904, 50.0864085 ], [ 19.8281908, 50.0861542 ], [ 19.8280877, 50.0860215 ], [ 19.8280084, 50.0860108 ], [ 19.8280484, 50.0859598 ], [ 19.8280468, 50.0858689 ], [ 19.8279977, 50.0858011 ], [ 19.8278911, 50.0857307 ], [ 19.8278043, 50.0856597 ], [ 19.8277012, 50.0855916 ], [ 19.8275984, 50.0855283 ], [ 19.8273792, 50.085406 ], [ 19.8270983, 50.0852326 ], [ 19.8269478, 50.085129 ], [ 19.8267153, 50.0849658 ], [ 19.8265193, 50.0848266 ], [ 19.8262519, 50.0846613 ], [ 19.8258625, 50.0844194 ], [ 19.8256887, 50.0843166 ], [ 19.8254282, 50.0841695 ], [ 19.8253607, 50.084132 ], [ 19.8252109, 50.0840602 ], [ 19.8249977, 50.0839752 ], [ 19.8247616, 50.0838698 ], [ 19.824496, 50.0837793 ], [ 19.824312, 50.0837064 ], [ 19.8242457, 50.0836915 ], [ 19.8241118, 50.0836396 ], [ 19.8239866, 50.0835874 ], [ 19.8239014, 50.0835431 ], [ 19.8236892, 50.083424 ], [ 19.8236761, 50.0833983 ], [ 19.8235678, 50.0833091 ], [ 19.8235095, 50.083244 ], [ 19.8234567, 50.0831796 ], [ 19.8234209, 50.0831086 ], [ 19.823399, 50.083004 ], [ 19.8234679, 50.0827324 ], [ 19.8233862, 50.0826478 ], [ 19.823283, 50.0825909 ], [ 19.8227297, 50.0825294 ], [ 19.8221092, 50.0824057 ], [ 19.8221089, 50.0823669 ], [ 19.8219879, 50.0823721 ], [ 19.8218817, 50.082357 ], [ 19.821758, 50.082345 ], [ 19.8216558, 50.0823217 ], [ 19.8213962, 50.0822399 ], [ 19.821231, 50.0821728 ], [ 19.8210549, 50.0821112 ], [ 19.8209507, 50.0820585 ], [ 19.8208062, 50.0820288 ], [ 19.8206636, 50.0819874 ], [ 19.8203585, 50.0819347 ], [ 19.819904, 50.0818381 ], [ 19.819613, 50.0817858 ], [ 19.8193555, 50.0817307 ], [ 19.8192418, 50.0816843 ], [ 19.819088, 50.0816073 ], [ 19.8189428, 50.0815137 ], [ 19.8188298, 50.0814218 ], [ 19.8187419, 50.0813279 ], [ 19.8185441, 50.0810785 ], [ 19.818458, 50.081031 ], [ 19.8182886, 50.0809939 ], [ 19.8181152, 50.0809844 ], [ 19.8179001, 50.0809914 ], [ 19.817767, 50.0809844 ], [ 19.8175895, 50.0809456 ], [ 19.8173758, 50.0808766 ], [ 19.8172346, 50.0808093 ], [ 19.817045, 50.080767 ], [ 19.8168165, 50.0807688 ], [ 19.8164212, 50.0808007 ], [ 19.816147, 50.0807999 ], [ 19.8154358, 50.0806713 ], [ 19.8150244, 50.0805591 ], [ 19.8146587, 50.0804547 ], [ 19.8142943, 50.0803909 ], [ 19.8138093, 50.0803349 ], [ 19.8133169, 50.0802667 ], [ 19.8130817, 50.0802511 ], [ 19.8125667, 50.0802485 ], [ 19.8119443, 50.0802485 ], [ 19.8116082, 50.0802252 ], [ 19.8112522, 50.080164 ], [ 19.8108916, 50.0800596 ], [ 19.8106308, 50.0799578 ], [ 19.8102167, 50.0797619 ], [ 19.8097986, 50.0795687 ], [ 19.8094315, 50.0793703 ], [ 19.8091868, 50.0791977 ], [ 19.8089695, 50.0790222 ], [ 19.8082856, 50.0783909 ], [ 19.808424, 50.0778676 ], [ 19.8084366, 50.0776525 ], [ 19.8084219, 50.0773988 ], [ 19.8083304, 50.0770339 ], [ 19.8081054, 50.0765605 ], [ 19.807208, 50.074605 ], [ 19.8071731, 50.0744903 ], [ 19.8071177, 50.0743237 ], [ 19.8067206, 50.0736175 ], [ 19.8063052, 50.0726463 ], [ 19.806195, 50.0724249 ], [ 19.8060968, 50.0722633 ], [ 19.8059651, 50.0720828 ], [ 19.8059632, 50.0720815 ], [ 19.8058789, 50.072011 ], [ 19.8057894, 50.0718963 ], [ 19.805695, 50.0718159 ], [ 19.8054927, 50.0716297 ], [ 19.8053031, 50.0715016 ], [ 19.804482, 50.0709778 ], [ 19.8035791, 50.0703961 ], [ 19.8030537, 50.0700556 ], [ 19.8026912, 50.0698238 ], [ 19.8026747, 50.0698142 ], [ 19.8025258, 50.0697212 ], [ 19.8016969, 50.0692124 ], [ 19.8017712, 50.0690528 ], [ 19.801834, 50.0689686 ], [ 19.801977, 50.068735 ], [ 19.8021178, 50.0685125 ], [ 19.8023347, 50.0682192 ], [ 19.8025454, 50.0679227 ], [ 19.8029229, 50.0674162 ], [ 19.8030784, 50.0671695 ], [ 19.8031651, 50.067025 ], [ 19.8032462, 50.0668718 ], [ 19.8033371, 50.0666945 ], [ 19.8035568, 50.0662854 ], [ 19.8037261, 50.0660328 ], [ 19.8038946, 50.0657799 ], [ 19.8040307, 50.0655883 ], [ 19.8041618, 50.0654036 ], [ 19.8042457, 50.0652553 ], [ 19.8042903, 50.0651766 ], [ 19.8043273, 50.0651033 ], [ 19.8043665, 50.0650255 ], [ 19.8044003, 50.0649526 ], [ 19.804439, 50.0648689 ], [ 19.8044459, 50.0648471 ], [ 19.8044714, 50.0648005 ], [ 19.8045352, 50.0646839 ], [ 19.804608, 50.0645511 ], [ 19.8045943, 50.0644458 ], [ 19.804552, 50.0644448 ], [ 19.8045587, 50.0643469 ], [ 19.8045636, 50.0642836 ], [ 19.8045887, 50.0639879 ], [ 19.8045861, 50.0635841 ], [ 19.8045821, 50.0631802 ], [ 19.8045341, 50.0622526 ], [ 19.8045257, 50.0621045 ], [ 19.8053005, 50.0619315 ], [ 19.8064086, 50.0616585 ], [ 19.8068634, 50.0615488 ], [ 19.807205, 50.0614679 ], [ 19.8073035, 50.0614476 ], [ 19.8082219, 50.0612434 ], [ 19.8085983, 50.0611662 ], [ 19.8086316, 50.0611528 ], [ 19.809293, 50.0610013 ], [ 19.8096031, 50.060357 ], [ 19.8098379, 50.0597835 ], [ 19.8100081, 50.0596533 ], [ 19.8102965, 50.0594898 ], [ 19.8104254, 50.059425 ], [ 19.8104634, 50.0592028 ], [ 19.8109013, 50.0591622 ], [ 19.8109597, 50.0590375 ], [ 19.81105, 50.0586629 ], [ 19.8110654, 50.0584946 ], [ 19.8111968, 50.0584559 ], [ 19.8112544, 50.0584942 ], [ 19.8115452, 50.0585612 ], [ 19.8120938, 50.0586761 ], [ 19.8123995, 50.0585829 ], [ 19.8128829, 50.0588068 ], [ 19.8132071, 50.0588416 ], [ 19.8135968, 50.0589014 ], [ 19.8138544, 50.0589842 ], [ 19.8140505, 50.0590256 ], [ 19.8143175, 50.0590564 ], [ 19.8145252, 50.0590236 ], [ 19.8146231, 50.0592033 ], [ 19.8149139, 50.059259 ], [ 19.8150561, 50.0592187 ], [ 19.8152225, 50.0592279 ], [ 19.815376, 50.0593072 ], [ 19.815595, 50.0593308 ], [ 19.8158179, 50.0593492 ], [ 19.8158687, 50.0593535 ], [ 19.8161415, 50.0593419 ], [ 19.816406, 50.0592865 ], [ 19.8164963, 50.0592722 ], [ 19.8166503, 50.0592267 ], [ 19.8166894, 50.0592151 ], [ 19.8168068, 50.0591821 ], [ 19.8170003, 50.0591277 ], [ 19.8172017, 50.059068 ], [ 19.8174878, 50.0588995 ], [ 19.8176086, 50.0588452 ], [ 19.8179632, 50.0587604 ], [ 19.8183548, 50.0586917 ], [ 19.8195045, 50.0583893 ], [ 19.8196896, 50.0582795 ], [ 19.8198426, 50.0582196 ], [ 19.820296, 50.0581999 ], [ 19.8208004, 50.0582203 ], [ 19.8210158, 50.058226 ], [ 19.821337, 50.0581665 ], [ 19.8215652, 50.0582041 ], [ 19.8219393, 50.0582158 ], [ 19.8217716, 50.0580785 ], [ 19.8214574, 50.0578689 ], [ 19.8213147, 50.0577414 ], [ 19.8212015, 50.0576041 ], [ 19.8210953, 50.0574501 ], [ 19.8209576, 50.0572892 ], [ 19.8208681, 50.0571363 ], [ 19.820733, 50.056804 ], [ 19.8206577, 50.0565094 ], [ 19.8206504, 50.0564011 ], [ 19.820657, 50.0562487 ], [ 19.820741, 50.055972 ], [ 19.8206899, 50.0557915 ], [ 19.8207195, 50.0554663 ], [ 19.8207069, 50.0552748 ], [ 19.8206655, 50.0551216 ], [ 19.8205736, 50.0549341 ], [ 19.8204843, 50.0547955 ], [ 19.8203579, 50.0546453 ], [ 19.820261, 50.0544912 ], [ 19.8201937, 50.0543382 ], [ 19.82012, 50.054134 ], [ 19.8200875, 50.0539652 ], [ 19.8201482, 50.0537315 ], [ 19.820149, 50.0535613 ], [ 19.820134, 50.0533329 ], [ 19.8200908, 50.0531808 ], [ 19.8200345, 50.0531324 ], [ 19.8199598, 50.0529818 ], [ 19.8198951, 50.0528704 ], [ 19.8198495, 50.0527993 ], [ 19.8197996, 50.0526889 ], [ 19.8196891, 50.0524993 ], [ 19.8196268, 50.0523141 ], [ 19.8196061, 50.0521845 ], [ 19.8196442, 50.0521414 ], [ 19.8196602, 50.0521008 ], [ 19.8196656, 50.0519877 ], [ 19.8195987, 50.0517465 ], [ 19.8195751, 50.0515982 ], [ 19.8194993, 50.0514606 ], [ 19.8194144, 50.0513624 ], [ 19.8193813, 50.0513686 ], [ 19.8191744, 50.051163 ], [ 19.8191032, 50.0509981 ], [ 19.8190485, 50.0509294 ], [ 19.8189779, 50.0508038 ], [ 19.8188948, 50.0506984 ], [ 19.8188923, 50.0506603 ], [ 19.8183077, 50.0502818 ], [ 19.8180925, 50.0498347 ], [ 19.8179426, 50.0495525 ], [ 19.8177365, 50.049103 ], [ 19.8173371, 50.0488481 ], [ 19.8173175, 50.048803 ], [ 19.817317, 50.0487686 ], [ 19.8173052, 50.0487375 ], [ 19.8172576, 50.048656 ], [ 19.8167097, 50.0481141 ], [ 19.8162457, 50.0476807 ], [ 19.8160066, 50.0474581 ], [ 19.8158098, 50.0472433 ], [ 19.8157695, 50.0472057 ], [ 19.8155302, 50.0469994 ], [ 19.8153972, 50.0468815 ], [ 19.8152032, 50.0467181 ], [ 19.8151581, 50.0466828 ], [ 19.8150978, 50.0466247 ], [ 19.8148833, 50.0464104 ], [ 19.8148279, 50.0463458 ], [ 19.81472, 50.0462239 ], [ 19.8144971, 50.046036 ], [ 19.8142366, 50.0457751 ], [ 19.8140473, 50.0456016 ], [ 19.8138514, 50.0454147 ], [ 19.8136851, 50.0452501 ], [ 19.8134767, 50.0451024 ], [ 19.8130759, 50.044852 ], [ 19.8127764, 50.0446299 ], [ 19.8124199, 50.044261 ], [ 19.8122631, 50.0440585 ], [ 19.812106, 50.0438857 ], [ 19.8115688, 50.0435596 ], [ 19.8114689, 50.0434612 ], [ 19.8112881, 50.0433214 ], [ 19.8111964, 50.0430541 ], [ 19.8111453, 50.0430365 ], [ 19.8110596, 50.0429952 ], [ 19.8110002, 50.0429194 ], [ 19.8109061, 50.0425454 ], [ 19.8108302, 50.0422822 ], [ 19.8107971, 50.042142 ], [ 19.8107819, 50.0420942 ], [ 19.8106768, 50.041674 ], [ 19.8106799, 50.0416267 ], [ 19.8107096, 50.0415828 ], [ 19.8107258, 50.0411026 ], [ 19.8106401, 50.0406543 ], [ 19.8114148, 50.040415 ], [ 19.8117212, 50.0402828 ], [ 19.8120065, 50.040174 ], [ 19.8120706, 50.0401458 ], [ 19.8121177, 50.0401125 ], [ 19.8124634, 50.039831 ], [ 19.8125889, 50.0396232 ], [ 19.8128512, 50.0392016 ], [ 19.8128125, 50.0383046 ], [ 19.812726, 50.0381021 ], [ 19.8125822, 50.0376849 ], [ 19.8126792, 50.0374095 ], [ 19.8128816, 50.0370236 ], [ 19.8129872, 50.0368521 ], [ 19.8132889, 50.0360511 ], [ 19.8134056, 50.0355784 ], [ 19.8134315, 50.0354073 ], [ 19.8144737, 50.034909 ], [ 19.8148709, 50.0344599 ], [ 19.8154151, 50.0338808 ], [ 19.8155188, 50.0338106 ], [ 19.8157146, 50.0337 ], [ 19.8161015, 50.0335071 ], [ 19.8163677, 50.0334436 ], [ 19.8168078, 50.0332807 ], [ 19.8168373, 50.0332317 ], [ 19.8175019, 50.0328864 ], [ 19.8181216, 50.0326192 ], [ 19.8186645, 50.0323359 ], [ 19.8190742, 50.0322302 ], [ 19.8196569, 50.0321197 ], [ 19.820234, 50.0319951 ], [ 19.8210675, 50.0318898 ], [ 19.8220307, 50.0318736 ], [ 19.8230717, 50.031953 ], [ 19.823509, 50.031986 ], [ 19.8241512, 50.0320464 ], [ 19.8245131, 50.0320739 ], [ 19.824681, 50.0320866 ], [ 19.8256515, 50.0322517 ], [ 19.8263252, 50.0324058 ], [ 19.826544, 50.0316963 ], [ 19.826936, 50.0310308 ], [ 19.827128, 50.0306913 ], [ 19.827658, 50.029791 ], [ 19.8281966, 50.0286626 ], [ 19.8284512, 50.0280143 ], [ 19.8286289, 50.0275684 ], [ 19.8289495, 50.026918 ], [ 19.8290906, 50.0262466 ], [ 19.8291006, 50.0258168 ], [ 19.8289231, 50.0252476 ], [ 19.828686, 50.0247189 ], [ 19.8282892, 50.0242469 ], [ 19.8281642, 50.0240945 ], [ 19.8277084, 50.0237589 ], [ 19.826686, 50.0232407 ], [ 19.8261644, 50.0229759 ], [ 19.825396, 50.0226075 ], [ 19.8249447, 50.0223837 ], [ 19.8234954, 50.021685 ], [ 19.8221102, 50.021073 ], [ 19.8218118, 50.0208709 ], [ 19.8210172, 50.0206104 ], [ 19.8203302, 50.0204666 ], [ 19.819451, 50.0203863 ], [ 19.8185913, 50.0203663 ], [ 19.8177624, 50.0204917 ], [ 19.8170674, 50.0206625 ], [ 19.8161571, 50.0209598 ], [ 19.8156194, 50.0212268 ], [ 19.815174, 50.0215123 ], [ 19.8148764, 50.0217755 ], [ 19.8139657, 50.0233655 ], [ 19.8137103, 50.0236704 ], [ 19.8135799, 50.0238241 ], [ 19.8132908, 50.0242551 ], [ 19.8127369, 50.0249187 ], [ 19.8123432, 50.0254286 ], [ 19.8115909, 50.0258526 ], [ 19.8115446, 50.0258691 ], [ 19.8109544, 50.0261353 ], [ 19.8108011, 50.0262043 ], [ 19.8103093, 50.0263768 ], [ 19.810056, 50.0264234 ], [ 19.8094003, 50.0265381 ], [ 19.8086351, 50.0265691 ], [ 19.8079064, 50.0265501 ], [ 19.8070876, 50.026436 ], [ 19.8058965, 50.0260906 ], [ 19.8051656, 50.0257411 ], [ 19.8042791, 50.0252234 ], [ 19.8035212, 50.0245936 ], [ 19.8031794, 50.0242931 ], [ 19.8030127, 50.0241187 ], [ 19.802612, 50.0236393 ], [ 19.802089, 50.0228334 ], [ 19.8020037, 50.0226943 ], [ 19.8017415, 50.0220543 ], [ 19.8015699, 50.0217105 ], [ 19.8008784, 50.0203267 ], [ 19.8007167, 50.0193821 ], [ 19.8005937, 50.0189892 ], [ 19.8005551, 50.018599 ], [ 19.800426, 50.0182746 ], [ 19.8002062, 50.0179147 ], [ 19.799929, 50.0175115 ], [ 19.7992664, 50.0168043 ], [ 19.798488, 50.016165 ], [ 19.7975465, 50.0156007 ], [ 19.7968659, 50.0153878 ], [ 19.7956069, 50.0150696 ], [ 19.794729, 50.0148453 ], [ 19.7943239, 50.0146833 ], [ 19.7938686, 50.014403 ], [ 19.7933464, 50.0139617 ], [ 19.7932285, 50.0137303 ], [ 19.7928359, 50.0132818 ], [ 19.7926491, 50.0130695 ], [ 19.7924721, 50.0127114 ], [ 19.7923014, 50.0122454 ], [ 19.7922355, 50.011797 ] ] ] } },
{ "type": "Feature", "properties": { "bbox_west": 9.0386007, "bbox_south": 48.6920188, "bbox_east": 9.3160228, "bbox_north": 48.8663994, "place_id": 112463238, "osm_type": "relation", "osm_id": 2793104, "lat": 48.7784485, "lon": 9.1800132, "class": "boundary", "type": "administrative", "place_rank": 12, "importance": 0.73766698503607653, "addresstype": "city", "name": "Stuttgart", "display_name": "Stuttgart, Baden-Württemberg, Germany", "city": "Stuttgart Germany" }, "geometry": { "type": "Polygon", "coordinates": [ [ [ 9.0386007, 48.741318 ], [ 9.0388994, 48.7412433 ], [ 9.0390511, 48.7412017 ], [ 9.039182, 48.7411489 ], [ 9.0392889, 48.741096 ], [ 9.0393749, 48.7410478 ], [ 9.0395332, 48.7409629 ], [ 9.0397432, 48.7408253 ], [ 9.0398982, 48.7407586 ], [ 9.0403469, 48.7407323 ], [ 9.0410303, 48.7406961 ], [ 9.0416068, 48.7405906 ], [ 9.0418726, 48.7405745 ], [ 9.0421626, 48.7405835 ], [ 9.0424422, 48.740629 ], [ 9.0429048, 48.7407429 ], [ 9.0435021, 48.7409184 ], [ 9.04421, 48.7411669 ], [ 9.0442756, 48.7411783 ], [ 9.0443792, 48.7411782 ], [ 9.0449729, 48.7411573 ], [ 9.0451111, 48.7411709 ], [ 9.0456047, 48.7412551 ], [ 9.0457083, 48.7412642 ], [ 9.0459051, 48.7412321 ], [ 9.0461467, 48.7411589 ], [ 9.0467024, 48.7409439 ], [ 9.0472167, 48.7407449 ], [ 9.047686, 48.7405984 ], [ 9.0480761, 48.7405 ], [ 9.0483453, 48.7404656 ], [ 9.0484938, 48.7404564 ], [ 9.0487976, 48.740447 ], [ 9.049022, 48.7404515 ], [ 9.0492463, 48.7404809 ], [ 9.0495467, 48.7405424 ], [ 9.0498505, 48.7406039 ], [ 9.0500474, 48.7406266 ], [ 9.0503166, 48.7406424 ], [ 9.050717, 48.7406467 ], [ 9.0509898, 48.7406419 ], [ 9.0511521, 48.7406327 ], [ 9.0513315, 48.7406052 ], [ 9.0514834, 48.7405731 ], [ 9.0516284, 48.7405159 ], [ 9.0518733, 48.7403582 ], [ 9.052008, 48.7402531 ], [ 9.0521978, 48.7401319 ], [ 9.0523081, 48.7400771 ], [ 9.0524634, 48.7400084 ], [ 9.0526291, 48.739942 ], [ 9.0527741, 48.7398758 ], [ 9.052888, 48.7398117 ], [ 9.0529949, 48.7397317 ], [ 9.0533985, 48.739325 ], [ 9.0539678, 48.738845 ], [ 9.0541748, 48.7386713 ], [ 9.0546976, 48.7382293 ], [ 9.0547385, 48.738188 ], [ 9.0547898, 48.7381375 ], [ 9.0548305, 48.7380711 ], [ 9.0548882, 48.7379795 ], [ 9.054066, 48.737929 ], [ 9.0540228, 48.7377648 ], [ 9.0540006, 48.7376303 ], [ 9.0540065, 48.737523 ], [ 9.0540227, 48.7374293 ], [ 9.054087, 48.7373034 ], [ 9.0541967, 48.7370775 ], [ 9.0542799, 48.7369463 ], [ 9.0543169, 48.7368595 ], [ 9.0543368, 48.7367772 ], [ 9.0543356, 48.7366676 ], [ 9.0543483, 48.7365625 ], [ 9.0543884, 48.7364368 ], [ 9.0544289, 48.7363499 ], [ 9.0544931, 48.7362171 ], [ 9.0547543, 48.735789 ], [ 9.0549238, 48.7354914 ], [ 9.0550049, 48.7353381 ], [ 9.0551607, 48.7350497 ], [ 9.0554524, 48.7345688 ], [ 9.0556393, 48.7342894 ], [ 9.0563541, 48.7333454 ], [ 9.0565347, 48.733123 ], [ 9.0567598, 48.7331903 ], [ 9.0569363, 48.7332374 ], [ 9.0571269, 48.7332889 ], [ 9.0573171, 48.7333268 ], [ 9.0576456, 48.7333798 ], [ 9.0579947, 48.733426 ], [ 9.0584647, 48.7334737 ], [ 9.0588449, 48.7335083 ], [ 9.0592421, 48.7335291 ], [ 9.0596427, 48.7335452 ], [ 9.0599675, 48.733571 ], [ 9.0601713, 48.7335859 ], [ 9.0605239, 48.7336206 ], [ 9.0609766, 48.7336753 ], [ 9.0610874, 48.7336999 ], [ 9.062133, 48.7339797 ], [ 9.0622784, 48.7340109 ], [ 9.0624306, 48.7340421 ], [ 9.0625792, 48.7340573 ], [ 9.0626724, 48.7340659 ], [ 9.0641393, 48.7340309 ], [ 9.0650368, 48.7340239 ], [ 9.0655001, 48.7340501 ], [ 9.065759, 48.7340658 ], [ 9.0660353, 48.7340951 ], [ 9.0662838, 48.7341222 ], [ 9.0666221, 48.7341538 ], [ 9.0671108, 48.7334839 ], [ 9.0672381, 48.7332988 ], [ 9.0673619, 48.7330975 ], [ 9.067441, 48.7329353 ], [ 9.0675473, 48.7326474 ], [ 9.067602, 48.7323617 ], [ 9.0676258, 48.7322155 ], [ 9.0676256, 48.7321173 ], [ 9.0676046, 48.7319963 ], [ 9.067573, 48.7317815 ], [ 9.067517, 48.7313796 ], [ 9.0674751, 48.7311603 ], [ 9.0672598, 48.7305667 ], [ 9.0667865, 48.730348 ], [ 9.0663304, 48.7300722 ], [ 9.0660747, 48.729924 ], [ 9.0657602, 48.7297531 ], [ 9.0655391, 48.7296483 ], [ 9.0653284, 48.7295503 ], [ 9.0652006, 48.7294934 ], [ 9.0650141, 48.7294274 ], [ 9.0648966, 48.7293863 ], [ 9.0646377, 48.7293364 ], [ 9.0643235, 48.7292683 ], [ 9.064175, 48.7292297 ], [ 9.0639471, 48.7291705 ], [ 9.0637675, 48.7291136 ], [ 9.0636363, 48.729059 ], [ 9.0635292, 48.7289929 ], [ 9.0634393, 48.7289199 ], [ 9.0633874, 48.7288537 ], [ 9.0633423, 48.7287418 ], [ 9.0630023, 48.7278651 ], [ 9.0629051, 48.7276244 ], [ 9.062808, 48.7273789 ], [ 9.0640555, 48.727186 ], [ 9.0649377, 48.7270473 ], [ 9.0656338, 48.72693 ], [ 9.0666708, 48.7267425 ], [ 9.0672632, 48.7266326 ], [ 9.0673217, 48.7266242 ], [ 9.0677111, 48.726546 ], [ 9.0679315, 48.7264924 ], [ 9.0682826, 48.726404 ], [ 9.0687197, 48.7262832 ], [ 9.0690224, 48.7261836 ], [ 9.0696484, 48.7259682 ], [ 9.0700197, 48.725818 ], [ 9.0702637, 48.7257186 ], [ 9.0706107, 48.7255685 ], [ 9.07092, 48.7254345 ], [ 9.0712601, 48.7252753 ], [ 9.07183, 48.72498 ], [ 9.0721803, 48.7247979 ], [ 9.0724583, 48.7246595 ], [ 9.0725787, 48.7245995 ], [ 9.0727502, 48.7245027 ], [ 9.0729628, 48.7243714 ], [ 9.0744001, 48.7234939 ], [ 9.0738714, 48.7230892 ], [ 9.0742282, 48.7228841 ], [ 9.0745784, 48.7226973 ], [ 9.0751513, 48.7223633 ], [ 9.0760467, 48.7218425 ], [ 9.0768221, 48.721391 ], [ 9.0770984, 48.7212004 ], [ 9.0782893, 48.7204575 ], [ 9.0789891, 48.720021 ], [ 9.0800878, 48.71935 ], [ 9.0803668, 48.7191737 ], [ 9.0806044, 48.719018 ], [ 9.0811796, 48.7186401 ], [ 9.0815859, 48.7183814 ], [ 9.0823415, 48.7179039 ], [ 9.0829635, 48.7175157 ], [ 9.0832389, 48.7173485 ], [ 9.0835627, 48.7171515 ], [ 9.0839033, 48.7169305 ], [ 9.0843018, 48.716694 ], [ 9.0846934, 48.716478 ], [ 9.0856281, 48.7159678 ], [ 9.0862602, 48.7156026 ], [ 9.086614, 48.7154005 ], [ 9.0869266, 48.715235 ], [ 9.0875151, 48.7150274 ], [ 9.088372, 48.7147413 ], [ 9.0887818, 48.7146324 ], [ 9.0892535, 48.7144983 ], [ 9.0905447, 48.7141398 ], [ 9.0915192, 48.7138897 ], [ 9.0928517, 48.7135287 ], [ 9.0940915, 48.7132274 ], [ 9.0957688, 48.7128285 ], [ 9.096585, 48.7126246 ], [ 9.0975904, 48.7123652 ], [ 9.0990229, 48.7119947 ], [ 9.0996805, 48.7118233 ], [ 9.1003348, 48.7116724 ], [ 9.1006415, 48.7116142 ], [ 9.1021471, 48.7113415 ], [ 9.1033186, 48.7111294 ], [ 9.1042627, 48.7109774 ], [ 9.1054932, 48.710723 ], [ 9.1057555, 48.7106682 ], [ 9.1059833, 48.7106134 ], [ 9.1061938, 48.7105632 ], [ 9.1064104, 48.7105066 ], [ 9.1064906, 48.7104855 ], [ 9.1068149, 48.7104102 ], [ 9.1072326, 48.7103098 ], [ 9.1075914, 48.7102458 ], [ 9.1080297, 48.7101728 ], [ 9.1083401, 48.7101204 ], [ 9.1085716, 48.7100814 ], [ 9.11136, 48.7094466 ], [ 9.1121951, 48.7092205 ], [ 9.1126472, 48.7091223 ], [ 9.1133581, 48.708999 ], [ 9.1147212, 48.7087979 ], [ 9.1152457, 48.7087202 ], [ 9.1160841, 48.7085785 ], [ 9.1166259, 48.7084917 ], [ 9.1171367, 48.70843 ], [ 9.1176542, 48.7083729 ], [ 9.1182306, 48.7083156 ], [ 9.118793, 48.7082631 ], [ 9.1192451, 48.7082287 ], [ 9.1200042, 48.708167 ], [ 9.1211601, 48.7080754 ], [ 9.1217434, 48.7080479 ], [ 9.1226389, 48.7080571 ], [ 9.1235875, 48.708085 ], [ 9.1246257, 48.7081518 ], [ 9.1259503, 48.7082781 ], [ 9.1311136, 48.708879 ], [ 9.1324026, 48.7090501 ], [ 9.1329993, 48.7091165 ], [ 9.1341718, 48.7092401 ], [ 9.1350132, 48.709318 ], [ 9.1351857, 48.7093341 ], [ 9.1359237, 48.7093892 ], [ 9.1362409, 48.7094075 ], [ 9.1367307, 48.7094281 ], [ 9.1371204, 48.7094488 ], [ 9.1374722, 48.7094535 ], [ 9.1381897, 48.7094605 ], [ 9.139221, 48.7094539 ], [ 9.1395026, 48.7094518 ], [ 9.1396992, 48.7094492 ], [ 9.1399545, 48.7094329 ], [ 9.1402684, 48.7094141 ], [ 9.14061, 48.709384 ], [ 9.1422404, 48.7092321 ], [ 9.1437389, 48.70906 ], [ 9.1497374, 48.7082434 ], [ 9.15192, 48.7079726 ], [ 9.1565537, 48.707272 ], [ 9.1659674, 48.7059827 ], [ 9.1667723, 48.7058624 ], [ 9.1674321, 48.7057529 ], [ 9.167986, 48.7056487 ], [ 9.1683961, 48.7055715 ], [ 9.1695052, 48.7053724 ], [ 9.1706079, 48.7051207 ], [ 9.1713653, 48.7048837 ], [ 9.1723925, 48.704554 ], [ 9.1730074, 48.704329 ], [ 9.1736107, 48.7040903 ], [ 9.1743374, 48.7038098 ], [ 9.1751266, 48.7034884 ], [ 9.1759542, 48.7031077 ], [ 9.1770968, 48.7025844 ], [ 9.1781495, 48.7020744 ], [ 9.1796626, 48.7013674 ], [ 9.1817095, 48.700347 ], [ 9.1833267, 48.6995398 ], [ 9.1843093, 48.6991209 ], [ 9.1870797, 48.6978171 ], [ 9.1893668, 48.696748 ], [ 9.1912829, 48.6958448 ], [ 9.1935257, 48.6948398 ], [ 9.1938267, 48.6947122 ], [ 9.1950032, 48.6942468 ], [ 9.1970565, 48.6936448 ], [ 9.1986409, 48.693207 ], [ 9.1988774, 48.6931529 ], [ 9.1998976, 48.6929046 ], [ 9.2015829, 48.6926511 ], [ 9.2035175, 48.6924388 ], [ 9.2039025, 48.6924069 ], [ 9.2050075, 48.6923153 ], [ 9.2104293, 48.692236 ], [ 9.2123188, 48.692194 ], [ 9.2137905, 48.6920452 ], [ 9.2145593, 48.6920188 ], [ 9.2161254, 48.6921599 ], [ 9.2172806, 48.6922013 ], [ 9.2183549, 48.692201 ], [ 9.2187979, 48.6922008 ], [ 9.2204632, 48.6921887 ], [ 9.2224494, 48.692201 ], [ 9.2242427, 48.6922937 ], [ 9.2260203, 48.692439 ], [ 9.2267882, 48.6925018 ], [ 9.2295934, 48.6928112 ], [ 9.2324112, 48.6931387 ], [ 9.2364189, 48.6935813 ], [ 9.2394548, 48.6939331 ], [ 9.2449478, 48.694556 ], [ 9.2449127, 48.6946689 ], [ 9.2438174, 48.6971477 ], [ 9.2440366, 48.6971827 ], [ 9.2438784, 48.6976889 ], [ 9.2436596, 48.6976867 ], [ 9.2433937, 48.6976569 ], [ 9.2430103, 48.6975934 ], [ 9.2425911, 48.6975334 ], [ 9.241686, 48.697373 ], [ 9.2393393, 48.6973867 ], [ 9.2393945, 48.6981215 ], [ 9.2393522, 48.6986749 ], [ 9.2393118, 48.6989371 ], [ 9.2391801, 48.699737 ], [ 9.2391067, 48.7001008 ], [ 9.239037, 48.7003258 ], [ 9.2389325, 48.7006508 ], [ 9.2387484, 48.7011258 ], [ 9.2386372, 48.7013712 ], [ 9.2385257, 48.7017963 ], [ 9.2384491, 48.7020395 ], [ 9.2383993, 48.7025442 ], [ 9.2382478, 48.7037452 ], [ 9.2382174, 48.7040404 ], [ 9.2382314, 48.7041731 ], [ 9.2383148, 48.7044819 ], [ 9.2384534, 48.7047839 ], [ 9.2385608, 48.7050194 ], [ 9.2386335, 48.7052116 ], [ 9.238665, 48.7053877 ], [ 9.2387177, 48.7059461 ], [ 9.2387701, 48.7062182 ], [ 9.2386944, 48.7063236 ], [ 9.2389848, 48.7066826 ], [ 9.2391577, 48.7069044 ], [ 9.2394585, 48.7071581 ], [ 9.2397937, 48.7074736 ], [ 9.2399944, 48.7077229 ], [ 9.2404267, 48.7081938 ], [ 9.2406687, 48.7084797 ], [ 9.2408797, 48.7087495 ], [ 9.2410111, 48.7088822 ], [ 9.2410907, 48.7089827 ], [ 9.2407197, 48.7098617 ], [ 9.2404795, 48.7105827 ], [ 9.2403245, 48.7107956 ], [ 9.240111, 48.7109788 ], [ 9.239894, 48.7112146 ], [ 9.23933, 48.7114765 ], [ 9.2388302, 48.7115012 ], [ 9.2385412, 48.7116113 ], [ 9.2381223, 48.7115889 ], [ 9.2375299, 48.7115513 ], [ 9.2369183, 48.7115459 ], [ 9.2363578, 48.711526 ], [ 9.2360801, 48.7114143 ], [ 9.235768, 48.7113033 ], [ 9.2355357, 48.7112227 ], [ 9.2353859, 48.7111706 ], [ 9.2349865, 48.7112027 ], [ 9.2346294, 48.7113363 ], [ 9.234581, 48.7113353 ], [ 9.234559, 48.7113015 ], [ 9.2344612, 48.7111958 ], [ 9.2343515, 48.7111361 ], [ 9.2340497, 48.7110226 ], [ 9.2337757, 48.710913 ], [ 9.2336327, 48.7108813 ], [ 9.2333816, 48.7109085 ], [ 9.23323, 48.7109157 ], [ 9.2329693, 48.7106325 ], [ 9.2328228, 48.7105163 ], [ 9.2327614, 48.7104911 ], [ 9.2325978, 48.7104242 ], [ 9.2324057, 48.7103728 ], [ 9.2320511, 48.7103195 ], [ 9.2317988, 48.7102348 ], [ 9.2316643, 48.7101595 ], [ 9.2316125, 48.7100643 ], [ 9.2315633, 48.7099739 ], [ 9.2315199, 48.7099291 ], [ 9.2313017, 48.7098323 ], [ 9.2311, 48.7097171 ], [ 9.2308858, 48.7096363 ], [ 9.2306983, 48.7096121 ], [ 9.2304481, 48.7096598 ], [ 9.2302321, 48.70978 ], [ 9.230161, 48.7098978 ], [ 9.2300496, 48.7101651 ], [ 9.230023, 48.7102291 ], [ 9.2298461, 48.7105405 ], [ 9.2294599, 48.7112141 ], [ 9.2292093, 48.7116661 ], [ 9.2280792, 48.7113751 ], [ 9.2278973, 48.7126687 ], [ 9.2276185, 48.7126917 ], [ 9.2273748, 48.7128124 ], [ 9.2271914, 48.7129686 ], [ 9.2270108, 48.7131079 ], [ 9.2266459, 48.7133892 ], [ 9.226387, 48.7135604 ], [ 9.2262362, 48.7136704 ], [ 9.2260914, 48.7138396 ], [ 9.22594, 48.7140204 ], [ 9.2257383, 48.7141541 ], [ 9.2251548, 48.7144085 ], [ 9.2249229, 48.7145633 ], [ 9.2248498, 48.7146331 ], [ 9.2247061, 48.7148297 ], [ 9.2246175, 48.7151076 ], [ 9.2245199, 48.7154999 ], [ 9.2244758, 48.7157238 ], [ 9.2244236, 48.7158395 ], [ 9.2242975, 48.7159628 ], [ 9.2238282, 48.7163888 ], [ 9.223676, 48.7165571 ], [ 9.2234528, 48.7168292 ], [ 9.2232097, 48.7171261 ], [ 9.2225072, 48.7179691 ], [ 9.2222143, 48.7182945 ], [ 9.2219861, 48.7185442 ], [ 9.2217524, 48.718806 ], [ 9.2215773, 48.7190166 ], [ 9.2213907, 48.7191612 ], [ 9.2211784, 48.7192895 ], [ 9.2205154, 48.7196264 ], [ 9.2202981, 48.7197691 ], [ 9.2200706, 48.7199646 ], [ 9.2199325, 48.7200757 ], [ 9.2197658, 48.7201538 ], [ 9.219526, 48.7202747 ], [ 9.2192691, 48.7204315 ], [ 9.2190776, 48.7205831 ], [ 9.2189594, 48.7206941 ], [ 9.2189212, 48.7208111 ], [ 9.218887, 48.7209799 ], [ 9.2188992, 48.7212494 ], [ 9.2188766, 48.7214371 ], [ 9.2188179, 48.7216207 ], [ 9.2187218, 48.7217098 ], [ 9.2185292, 48.7218816 ], [ 9.2183677, 48.721995 ], [ 9.2180217, 48.7221965 ], [ 9.2178558, 48.7223121 ], [ 9.2175282, 48.722622 ], [ 9.2173623, 48.7228313 ], [ 9.2172107, 48.7230661 ], [ 9.2170598, 48.7232426 ], [ 9.2168938, 48.7234295 ], [ 9.2167545, 48.7235909 ], [ 9.2165528, 48.7237631 ], [ 9.2162431, 48.7239595 ], [ 9.2156382, 48.7243196 ], [ 9.2153757, 48.7245745 ], [ 9.2151264, 48.7247992 ], [ 9.2149454, 48.7249104 ], [ 9.2146556, 48.7250413 ], [ 9.2143314, 48.7251848 ], [ 9.2136486, 48.7255279 ], [ 9.2131805, 48.7257168 ], [ 9.2127129, 48.7259389 ], [ 9.2122883, 48.7261525 ], [ 9.2119183, 48.7263428 ], [ 9.21151, 48.7265696 ], [ 9.2115502, 48.7266033 ], [ 9.2116354, 48.7266748 ], [ 9.2118046, 48.7265657 ], [ 9.2120748, 48.7264531 ], [ 9.2122671, 48.7264166 ], [ 9.2124805, 48.726392 ], [ 9.2126185, 48.726926 ], [ 9.2127073, 48.7272628 ], [ 9.2127891, 48.7274297 ], [ 9.2128058, 48.7275235 ], [ 9.2128053, 48.7276012 ], [ 9.2127843, 48.727703 ], [ 9.212723, 48.7278298 ], [ 9.2126473, 48.7279891 ], [ 9.2126133, 48.7282799 ], [ 9.2125764, 48.7284464 ], [ 9.2125291, 48.7287785 ], [ 9.2126292, 48.7289276 ], [ 9.2127129, 48.7290623 ], [ 9.2127759, 48.7291993 ], [ 9.2129704, 48.7293702 ], [ 9.2130749, 48.7294842 ], [ 9.2131412, 48.7295961 ], [ 9.2133462, 48.7297785 ], [ 9.2133295, 48.7298905 ], [ 9.2134137, 48.7301028 ], [ 9.2135186, 48.7303151 ], [ 9.2139178, 48.7305907 ], [ 9.2139528, 48.7306798 ], [ 9.2138361, 48.7308469 ], [ 9.2137299, 48.7310299 ], [ 9.213838, 48.7311987 ], [ 9.2139732, 48.731267 ], [ 9.2141396, 48.7313261 ], [ 9.2142541, 48.7313921 ], [ 9.214393, 48.7314923 ], [ 9.2146112, 48.7315628 ], [ 9.2147985, 48.7316514 ], [ 9.2152371, 48.7319208 ], [ 9.2153516, 48.7319501 ], [ 9.2154132, 48.7319673 ], [ 9.2155055, 48.7319928 ], [ 9.2155387, 48.732002 ], [ 9.2158855, 48.7321288 ], [ 9.2163708, 48.7322528 ], [ 9.2167864, 48.7323381 ], [ 9.2170947, 48.732392 ], [ 9.2173922, 48.7324229 ], [ 9.2177313, 48.7324239 ], [ 9.2180079, 48.7324138 ], [ 9.2182049, 48.7323994 ], [ 9.2187207, 48.7324753 ], [ 9.2189837, 48.732488 ], [ 9.2192778, 48.7325053 ], [ 9.2193847, 48.7324997 ], [ 9.2194467, 48.7324965 ], [ 9.2197832, 48.7325442 ], [ 9.2198989, 48.7325057 ], [ 9.2199167, 48.732417 ], [ 9.2199502, 48.7324049 ], [ 9.220072, 48.7324027 ], [ 9.2201938, 48.7323721 ], [ 9.2202486, 48.73237 ], [ 9.2203515, 48.7323858 ], [ 9.2204223, 48.7323999 ], [ 9.2204862, 48.7323736 ], [ 9.2207239, 48.7323772 ], [ 9.2210009, 48.7323363 ], [ 9.2214123, 48.7323799 ], [ 9.2215552, 48.7323252 ], [ 9.221607, 48.7323251 ], [ 9.2217044, 48.7322806 ], [ 9.2219009, 48.7322159 ], [ 9.2220792, 48.7322582 ], [ 9.2221818, 48.7321614 ], [ 9.2222265, 48.7314666 ], [ 9.2229184, 48.7314971 ], [ 9.2235239, 48.7315461 ], [ 9.2246064, 48.7315516 ], [ 9.2252671, 48.7315477 ], [ 9.2263077, 48.7314696 ], [ 9.2263847, 48.7314652 ], [ 9.2262349, 48.7318613 ], [ 9.2261654, 48.732034 ], [ 9.2260807, 48.7323198 ], [ 9.2260173, 48.7327426 ], [ 9.2259743, 48.7330923 ], [ 9.2259825, 48.7338254 ], [ 9.2260699, 48.7338301 ], [ 9.226135, 48.7338215 ], [ 9.2261041, 48.7341527 ], [ 9.2260712, 48.7344081 ], [ 9.2260032, 48.7347112 ], [ 9.2259123, 48.7350532 ], [ 9.2284205, 48.7348315 ], [ 9.228849, 48.7348189 ], [ 9.229229, 48.7348107 ], [ 9.2294189, 48.7348318 ], [ 9.2296707, 48.7348734 ], [ 9.230195, 48.7349819 ], [ 9.2310402, 48.7351505 ], [ 9.2310631, 48.7352008 ], [ 9.2312334, 48.7356391 ], [ 9.2320237, 48.7354574 ], [ 9.2326076, 48.7367445 ], [ 9.2327975, 48.7367075 ], [ 9.233282, 48.737487 ], [ 9.2332719, 48.7380435 ], [ 9.2339079, 48.7378648 ], [ 9.2343961, 48.7377224 ], [ 9.2348259, 48.7375433 ], [ 9.2353527, 48.737312 ], [ 9.2359458, 48.7370102 ], [ 9.2365211, 48.7367562 ], [ 9.2372182, 48.7364113 ], [ 9.2377271, 48.7361735 ], [ 9.2380824, 48.7364309 ], [ 9.2385177, 48.736708 ], [ 9.2389627, 48.7369328 ], [ 9.2391924, 48.73704 ], [ 9.23898, 48.7373621 ], [ 9.2394316, 48.7374977 ], [ 9.2397285, 48.7375236 ], [ 9.23997, 48.7375652 ], [ 9.2404957, 48.738424 ], [ 9.2412878, 48.7396963 ], [ 9.2418107, 48.7404888 ], [ 9.2424575, 48.7413365 ], [ 9.2427571, 48.7419326 ], [ 9.2428018, 48.7431381 ], [ 9.2429401, 48.7432773 ], [ 9.2431129, 48.7434758 ], [ 9.2433807, 48.7435898 ], [ 9.2434909, 48.7436356 ], [ 9.2435531, 48.7436472 ], [ 9.2437698, 48.7437663 ], [ 9.2439144, 48.7438511 ], [ 9.2440214, 48.7438581 ], [ 9.2441939, 48.7438973 ], [ 9.2443002, 48.7440071 ], [ 9.2444243, 48.744053 ], [ 9.2447405, 48.744121 ], [ 9.2449698, 48.7442276 ], [ 9.2451034, 48.7443022 ], [ 9.2451604, 48.7442107 ], [ 9.2452557, 48.7440579 ], [ 9.2453549, 48.7438865 ], [ 9.2457391, 48.7432689 ], [ 9.2468473, 48.7420176 ], [ 9.2471628, 48.7418634 ], [ 9.2480487, 48.7416807 ], [ 9.2486436, 48.7415954 ], [ 9.2494997, 48.7414097 ], [ 9.2492919, 48.7409684 ], [ 9.2498923, 48.7406571 ], [ 9.2504435, 48.7404186 ], [ 9.2511642, 48.740176 ], [ 9.2516382, 48.7401154 ], [ 9.2522657, 48.7403292 ], [ 9.2528881, 48.7403147 ], [ 9.2527397, 48.7412324 ], [ 9.2526727, 48.7419059 ], [ 9.2536493, 48.7421388 ], [ 9.2546297, 48.7423169 ], [ 9.2553648, 48.7424739 ], [ 9.2556271, 48.7425316 ], [ 9.2563731, 48.7421428 ], [ 9.2562293, 48.7419461 ], [ 9.2565447, 48.7414695 ], [ 9.2569605, 48.7422325 ], [ 9.2571415, 48.7423352 ], [ 9.2575347, 48.7425326 ], [ 9.2578746, 48.7427699 ], [ 9.2582114, 48.7428839 ], [ 9.2587909, 48.7430991 ], [ 9.2592166, 48.7432399 ], [ 9.2593016, 48.7432732 ], [ 9.259677, 48.7434303 ], [ 9.260117, 48.7435773 ], [ 9.2604054, 48.7436515 ], [ 9.2606084, 48.7436787 ], [ 9.2607986, 48.7436652 ], [ 9.2610467, 48.7436011 ], [ 9.2613869, 48.743468 ], [ 9.2615849, 48.7434063 ], [ 9.2613003, 48.7436971 ], [ 9.2609219, 48.7440515 ], [ 9.2603872, 48.7445884 ], [ 9.2602497, 48.744732 ], [ 9.2600959, 48.7448757 ], [ 9.2598806, 48.7449451 ], [ 9.2598526, 48.744992 ], [ 9.2597336, 48.7450424 ], [ 9.2596127, 48.7450872 ], [ 9.2594264, 48.7451345 ], [ 9.2591023, 48.7452485 ], [ 9.2590718, 48.7453296 ], [ 9.2590536, 48.7454479 ], [ 9.2593824, 48.7454797 ], [ 9.2600358, 48.7455983 ], [ 9.260847, 48.7457295 ], [ 9.2611546, 48.7459808 ], [ 9.2615472, 48.746299 ], [ 9.2617965, 48.7465001 ], [ 9.2622964, 48.7469602 ], [ 9.2625433, 48.7471902 ], [ 9.2645138, 48.7483815 ], [ 9.2646843, 48.7484878 ], [ 9.2650059, 48.7486827 ], [ 9.2651625, 48.7487764 ], [ 9.2649329, 48.7492278 ], [ 9.2647313, 48.7495853 ], [ 9.2645598, 48.7498689 ], [ 9.264375, 48.7501573 ], [ 9.2642317, 48.7503746 ], [ 9.2644306, 48.7504306 ], [ 9.2645695, 48.750469 ], [ 9.2648067, 48.7505374 ], [ 9.2655526, 48.750753 ], [ 9.2664299, 48.7510064 ], [ 9.2663106, 48.7511707 ], [ 9.2664095, 48.7512014 ], [ 9.2665601, 48.7512727 ], [ 9.2662965, 48.7516756 ], [ 9.2662179, 48.7517975 ], [ 9.2661771, 48.7518738 ], [ 9.2661399, 48.7519542 ], [ 9.2661081, 48.7520364 ], [ 9.2660759, 48.7521285 ], [ 9.2660637, 48.7521711 ], [ 9.266041, 48.7522691 ], [ 9.2660282, 48.7523505 ], [ 9.266018, 48.7524435 ], [ 9.2660132, 48.7525338 ], [ 9.2660134, 48.7526019 ], [ 9.2660171, 48.7526708 ], [ 9.2660229, 48.7527429 ], [ 9.2660365, 48.7528403 ], [ 9.266053, 48.7529227 ], [ 9.2662142, 48.7535903 ], [ 9.2666356, 48.753555 ], [ 9.2669831, 48.7535724 ], [ 9.2670533, 48.7535784 ], [ 9.2671128, 48.7535866 ], [ 9.2671665, 48.7535974 ], [ 9.2672237, 48.7536116 ], [ 9.2672779, 48.7536275 ], [ 9.2673377, 48.7536477 ], [ 9.2673936, 48.7536707 ], [ 9.2674549, 48.7536994 ], [ 9.2675082, 48.753729 ], [ 9.2675513, 48.7537569 ], [ 9.2675981, 48.7537912 ], [ 9.2675886, 48.7537802 ], [ 9.2675797, 48.7537684 ], [ 9.2675725, 48.753756 ], [ 9.2675658, 48.7537407 ], [ 9.2675617, 48.7537259 ], [ 9.2675592, 48.7537132 ], [ 9.267559, 48.7536998 ], [ 9.267561, 48.7536874 ], [ 9.2675659, 48.7536727 ], [ 9.2675745, 48.7536556 ], [ 9.2681588, 48.7534615 ], [ 9.2692134, 48.7548585 ], [ 9.2700983, 48.7560314 ], [ 9.2702538, 48.7560079 ], [ 9.2703804, 48.7561668 ], [ 9.2706859, 48.756557 ], [ 9.2707788, 48.7567124 ], [ 9.2711461, 48.7567328 ], [ 9.2712854, 48.7567405 ], [ 9.271666, 48.756761 ], [ 9.2721498, 48.7560618 ], [ 9.2723444, 48.7557296 ], [ 9.2726333, 48.7557741 ], [ 9.2729249, 48.7558197 ], [ 9.272958, 48.7558249 ], [ 9.2732783, 48.7558604 ], [ 9.2736577, 48.7559025 ], [ 9.2736709, 48.755904 ], [ 9.2736773, 48.7562658 ], [ 9.2738638, 48.7562972 ], [ 9.2738789, 48.7562954 ], [ 9.2741457, 48.7562636 ], [ 9.2743563, 48.7562332 ], [ 9.2747119, 48.756181 ], [ 9.2748415, 48.7561697 ], [ 9.2750879, 48.7561699 ], [ 9.2754124, 48.7563427 ], [ 9.2757292, 48.756485 ], [ 9.2755926, 48.7566212 ], [ 9.2755752, 48.7566364 ], [ 9.2755356, 48.7566624 ], [ 9.2754571, 48.7567642 ], [ 9.2754294, 48.7568665 ], [ 9.2753293, 48.75699 ], [ 9.2751934, 48.7572496 ], [ 9.2750195, 48.7574931 ], [ 9.2749325, 48.7576639 ], [ 9.2748972, 48.7578303 ], [ 9.2748617, 48.7580512 ], [ 9.274878, 48.7583042 ], [ 9.2749152, 48.7585276 ], [ 9.2749656, 48.7588717 ], [ 9.2749743, 48.7592932 ], [ 9.274984, 48.7594778 ], [ 9.2750318, 48.7596147 ], [ 9.2751005, 48.7597195 ], [ 9.2751729, 48.7598153 ], [ 9.2752899, 48.7599477 ], [ 9.2750768, 48.7599738 ], [ 9.2748547, 48.7601644 ], [ 9.2752998, 48.7604142 ], [ 9.2751391, 48.7604833 ], [ 9.2748287, 48.7603759 ], [ 9.2746392, 48.7606451 ], [ 9.2746583, 48.7608803 ], [ 9.2749029, 48.7609693 ], [ 9.2748904, 48.7610852 ], [ 9.2745957, 48.7615702 ], [ 9.2742842, 48.7614959 ], [ 9.274063, 48.7614773 ], [ 9.2738485, 48.7614861 ], [ 9.2735821, 48.7615359 ], [ 9.2733466, 48.761629 ], [ 9.2731247, 48.7617473 ], [ 9.2729616, 48.7618769 ], [ 9.2727151, 48.7620999 ], [ 9.2724548, 48.7623525 ], [ 9.2723368, 48.7624639 ], [ 9.2722949, 48.7625369 ], [ 9.2722876, 48.7626462 ], [ 9.2723217, 48.7627693 ], [ 9.2723696, 48.7628719 ], [ 9.2724627, 48.7629746 ], [ 9.2725832, 48.7630819 ], [ 9.2728695, 48.7632759 ], [ 9.2732616, 48.7635574 ], [ 9.2738002, 48.764197 ], [ 9.2739647, 48.7644332 ], [ 9.2741015, 48.7646717 ], [ 9.2746125, 48.7647234 ], [ 9.2744331, 48.7649512 ], [ 9.274118, 48.7651288 ], [ 9.2737296, 48.7652836 ], [ 9.2729081, 48.7655536 ], [ 9.2726402, 48.7657627 ], [ 9.2727123, 48.7658062 ], [ 9.2724933, 48.766146 ], [ 9.27391, 48.7662382 ], [ 9.2735921, 48.7666742 ], [ 9.2733876, 48.7669261 ], [ 9.2731939, 48.7671484 ], [ 9.2729339, 48.7674181 ], [ 9.2728383, 48.7675658 ], [ 9.2733333, 48.7677358 ], [ 9.2737088, 48.7678068 ], [ 9.2740686, 48.767791 ], [ 9.2744979, 48.767746 ], [ 9.2747923, 48.7677046 ], [ 9.2754245, 48.7680293 ], [ 9.2753316, 48.7681373 ], [ 9.2751393, 48.7682729 ], [ 9.27508, 48.7683159 ], [ 9.2755307, 48.7690994 ], [ 9.2759172, 48.7697934 ], [ 9.2760059, 48.7698693 ], [ 9.2761141, 48.7698661 ], [ 9.2761961, 48.7698637 ], [ 9.2763131, 48.7698965 ], [ 9.2764021, 48.7699518 ], [ 9.2764599, 48.7700184 ], [ 9.2772691, 48.7697774 ], [ 9.2772431, 48.7694509 ], [ 9.2772755, 48.7691453 ], [ 9.2774252, 48.769142 ], [ 9.27754, 48.7691485 ], [ 9.277631, 48.7692135 ], [ 9.2776993, 48.7693634 ], [ 9.2790488, 48.7687754 ], [ 9.2799104, 48.7683998 ], [ 9.2803945, 48.768206 ], [ 9.2809887, 48.7685851 ], [ 9.281165, 48.7686945 ], [ 9.2813848, 48.7687514 ], [ 9.2818402, 48.7688356 ], [ 9.2821164, 48.7687524 ], [ 9.2827576, 48.7686119 ], [ 9.2831783, 48.7685267 ], [ 9.2835617, 48.7684592 ], [ 9.2837708, 48.7684276 ], [ 9.2838586, 48.7684224 ], [ 9.283983, 48.7684326 ], [ 9.2841778, 48.7684859 ], [ 9.2843925, 48.7685472 ], [ 9.2847302, 48.7686607 ], [ 9.2850832, 48.7687527 ], [ 9.2861735, 48.7686505 ], [ 9.2883694, 48.7688157 ], [ 9.2884514, 48.768871 ], [ 9.2885764, 48.7690567 ], [ 9.2888008, 48.7695191 ], [ 9.2889124, 48.7696774 ], [ 9.2891245, 48.7698248 ], [ 9.2894366, 48.7699752 ], [ 9.2896534, 48.7700429 ], [ 9.2899808, 48.7701043 ], [ 9.2904051, 48.7701642 ], [ 9.2906706, 48.7702048 ], [ 9.2910746, 48.7702279 ], [ 9.2918649, 48.7703108 ], [ 9.292386, 48.7704087 ], [ 9.2929127, 48.7705421 ], [ 9.2932113, 48.7706611 ], [ 9.2935486, 48.7708299 ], [ 9.2938971, 48.7710512 ], [ 9.2943557, 48.7714929 ], [ 9.2945369, 48.7716149 ], [ 9.2948048, 48.7717523 ], [ 9.2953212, 48.7718949 ], [ 9.2954809, 48.7719152 ], [ 9.2959008, 48.7722166 ], [ 9.2966191, 48.7723617 ], [ 9.297293, 48.7728943 ], [ 9.2965788, 48.7736406 ], [ 9.297444, 48.7740203 ], [ 9.2987239, 48.7745415 ], [ 9.2997049, 48.7749192 ], [ 9.3003456, 48.7750927 ], [ 9.3018879, 48.7756626 ], [ 9.3020915, 48.7756367 ], [ 9.3023276, 48.7757682 ], [ 9.3034562, 48.7752567 ], [ 9.3033396, 48.774967 ], [ 9.3036979, 48.7748629 ], [ 9.3039433, 48.7748825 ], [ 9.3046401, 48.774761 ], [ 9.3045491, 48.774622 ], [ 9.3046379, 48.7745144 ], [ 9.3046693, 48.7741692 ], [ 9.3048515, 48.774052 ], [ 9.3053841, 48.7738703 ], [ 9.3059747, 48.7738778 ], [ 9.3065589, 48.7736802 ], [ 9.3068323, 48.7734821 ], [ 9.3073363, 48.7732393 ], [ 9.307952, 48.7730642 ], [ 9.3082822, 48.7726903 ], [ 9.3085179, 48.772853 ], [ 9.3085586, 48.7730626 ], [ 9.3085078, 48.7733466 ], [ 9.3083155, 48.7735535 ], [ 9.3081723, 48.7738114 ], [ 9.3084884, 48.7739251 ], [ 9.3092233, 48.7740241 ], [ 9.3102955, 48.77403 ], [ 9.3109785, 48.7742329 ], [ 9.3116483, 48.7742059 ], [ 9.3124956, 48.7742916 ], [ 9.3143188, 48.7744693 ], [ 9.3142812, 48.7746817 ], [ 9.3142265, 48.774916 ], [ 9.3141649, 48.7751393 ], [ 9.314158, 48.7752833 ], [ 9.3141717, 48.7754087 ], [ 9.3142158, 48.7755351 ], [ 9.314276, 48.7756398 ], [ 9.3145629, 48.7759498 ], [ 9.3154326, 48.7768842 ], [ 9.3156012, 48.7771455 ], [ 9.3156294, 48.7773571 ], [ 9.3157371, 48.7777062 ], [ 9.3158364, 48.7779824 ], [ 9.3159857, 48.7781707 ], [ 9.3160228, 48.7782175 ], [ 9.3156398, 48.7786953 ], [ 9.3154906, 48.778944 ], [ 9.3148877, 48.7789371 ], [ 9.3139803, 48.7788293 ], [ 9.3135708, 48.7787561 ], [ 9.3128805, 48.7787251 ], [ 9.3119571, 48.7785933 ], [ 9.3109993, 48.7785105 ], [ 9.3092189, 48.7783989 ], [ 9.3075353, 48.7782911 ], [ 9.3073795, 48.7793325 ], [ 9.3070962, 48.7808946 ], [ 9.3057104, 48.7804773 ], [ 9.3053055, 48.7803921 ], [ 9.3049181, 48.7803502 ], [ 9.3043236, 48.7803251 ], [ 9.3035706, 48.780337 ], [ 9.3032868, 48.7802856 ], [ 9.3029644, 48.7801635 ], [ 9.3025173, 48.7800053 ], [ 9.3020246, 48.7797696 ], [ 9.3012861, 48.7794731 ], [ 9.3005509, 48.7791675 ], [ 9.3003956, 48.779096 ], [ 9.3001141, 48.7790047 ], [ 9.2996879, 48.7788601 ], [ 9.2995836, 48.7787851 ], [ 9.2986392, 48.7792425 ], [ 9.298643, 48.7793069 ], [ 9.2986887, 48.7795298 ], [ 9.2987316, 48.7797212 ], [ 9.2989943, 48.780023 ], [ 9.29933, 48.7802721 ], [ 9.2992977, 48.7803373 ], [ 9.2989408, 48.7801731 ], [ 9.2985508, 48.7799838 ], [ 9.2979519, 48.7798467 ], [ 9.2978076, 48.7799386 ], [ 9.2975392, 48.7800607 ], [ 9.2973224, 48.7801667 ], [ 9.2971302, 48.7803067 ], [ 9.2969272, 48.7804103 ], [ 9.2966621, 48.7805072 ], [ 9.2962828, 48.7805978 ], [ 9.2959493, 48.780784 ], [ 9.2954191, 48.7809939 ], [ 9.2948516, 48.7812816 ], [ 9.2946035, 48.7813626 ], [ 9.2943144, 48.7814985 ], [ 9.2936443, 48.7822874 ], [ 9.2952152, 48.7839097 ], [ 9.2957277, 48.7842807 ], [ 9.2960288, 48.78447 ], [ 9.2964077, 48.784541 ], [ 9.2976133, 48.7847797 ], [ 9.2987487, 48.7853101 ], [ 9.2992904, 48.7855809 ], [ 9.2984016, 48.7863289 ], [ 9.2953397, 48.7887016 ], [ 9.2933576, 48.7878142 ], [ 9.2923626, 48.7869194 ], [ 9.2921594, 48.7868838 ], [ 9.2921145, 48.7868857 ], [ 9.2918246, 48.7868609 ], [ 9.2915041, 48.7868315 ], [ 9.2911913, 48.7866991 ], [ 9.2887461, 48.7877516 ], [ 9.2897551, 48.7888718 ], [ 9.2913884, 48.7907501 ], [ 9.2900671, 48.79167 ], [ 9.2886317, 48.7909395 ], [ 9.2885163, 48.7908489 ], [ 9.2885416, 48.7904176 ], [ 9.2875571, 48.7903246 ], [ 9.2868646, 48.7902479 ], [ 9.286658, 48.790534 ], [ 9.2862019, 48.7905735 ], [ 9.2861008, 48.7903334 ], [ 9.285793, 48.7902994 ], [ 9.2853471, 48.7902407 ], [ 9.2852779, 48.7901039 ], [ 9.2845034, 48.7899451 ], [ 9.2844513, 48.7898289 ], [ 9.283418, 48.7898071 ], [ 9.283176, 48.7898028 ], [ 9.2826749, 48.7898488 ], [ 9.2819492, 48.7899089 ], [ 9.2812234, 48.7899575 ], [ 9.2806186, 48.7899808 ], [ 9.2801693, 48.7899676 ], [ 9.2797337, 48.7899498 ], [ 9.2793707, 48.7899022 ], [ 9.2788903, 48.7898731 ], [ 9.2784375, 48.7898485 ], [ 9.2778637, 48.7898399 ], [ 9.2772762, 48.7898724 ], [ 9.2769546, 48.7899614 ], [ 9.2765708, 48.7900321 ], [ 9.2759997, 48.7904497 ], [ 9.2758924, 48.7904931 ], [ 9.2758061, 48.7905045 ], [ 9.2757232, 48.7904999 ], [ 9.2756402, 48.7904793 ], [ 9.2755574, 48.7904177 ], [ 9.2754746, 48.7903127 ], [ 9.2751811, 48.7901117 ], [ 9.274846, 48.789929 ], [ 9.2743696, 48.7896367 ], [ 9.2741141, 48.7895179 ], [ 9.2739412, 48.7894654 ], [ 9.2736924, 48.7894173 ], [ 9.273528, 48.7893925 ], [ 9.2733294, 48.7893625 ], [ 9.2734779, 48.7895977 ], [ 9.2737641, 48.7899812 ], [ 9.2741227, 48.790495 ], [ 9.2745399, 48.7910659 ], [ 9.2746641, 48.7912257 ], [ 9.2746916, 48.7913102 ], [ 9.2746042, 48.7918946 ], [ 9.2744613, 48.7925475 ], [ 9.2743541, 48.7925704 ], [ 9.2740565, 48.7927438 ], [ 9.2738384, 48.7929264 ], [ 9.2734712, 48.7933533 ], [ 9.2733396, 48.7934833 ], [ 9.2732806, 48.7936135 ], [ 9.2732457, 48.7938007 ], [ 9.2732899, 48.7942207 ], [ 9.2731171, 48.7941842 ], [ 9.2728372, 48.7941522 ], [ 9.2724052, 48.7941201 ], [ 9.2721252, 48.7940949 ], [ 9.271904, 48.7940492 ], [ 9.2715447, 48.7939373 ], [ 9.2715969, 48.7937227 ], [ 9.2713793, 48.7936291 ], [ 9.2701671, 48.7930032 ], [ 9.2693624, 48.7926195 ], [ 9.2684397, 48.7924503 ], [ 9.2682946, 48.7924366 ], [ 9.2678467, 48.7925183 ], [ 9.2677621, 48.7925255 ], [ 9.2677557, 48.7924004 ], [ 9.2670055, 48.7922924 ], [ 9.266832, 48.7925846 ], [ 9.2654946, 48.7924313 ], [ 9.2657582, 48.7919679 ], [ 9.2657998, 48.7918675 ], [ 9.2657619, 48.7918012 ], [ 9.2657068, 48.7917281 ], [ 9.2657173, 48.7916505 ], [ 9.265804, 48.7914519 ], [ 9.2656797, 48.7914131 ], [ 9.2653583, 48.7913719 ], [ 9.2651682, 48.7913947 ], [ 9.2648222, 48.7915475 ], [ 9.264362, 48.7917461 ], [ 9.2639953, 48.7918989 ], [ 9.2635801, 48.7921362 ], [ 9.2630056, 48.7924854 ], [ 9.2634471, 48.7929535 ], [ 9.2637192, 48.7935037 ], [ 9.264334, 48.7937277 ], [ 9.2622742, 48.7943251 ], [ 9.2622371, 48.794791 ], [ 9.2622715, 48.7948595 ], [ 9.2624683, 48.7949669 ], [ 9.2626927, 48.7951244 ], [ 9.2625507, 48.795218 ], [ 9.262499, 48.7951654 ], [ 9.2622436, 48.7949964 ], [ 9.2619913, 48.794921 ], [ 9.2616491, 48.7949255 ], [ 9.2613586, 48.7949824 ], [ 9.2611579, 48.7950509 ], [ 9.2608016, 48.7951901 ], [ 9.2603587, 48.7953817 ], [ 9.2600058, 48.7954911 ], [ 9.2596531, 48.7955367 ], [ 9.2593177, 48.7955526 ], [ 9.2589859, 48.7955365 ], [ 9.258623, 48.7954747 ], [ 9.2578216, 48.7952279 ], [ 9.2573828, 48.795109 ], [ 9.2567608, 48.7949467 ], [ 9.2564573, 48.7948928 ], [ 9.2558383, 48.7947585 ], [ 9.2554444, 48.794706 ], [ 9.2550265, 48.7946703 ], [ 9.25495, 48.7946936 ], [ 9.2548975, 48.7947635 ], [ 9.2544777, 48.7946462 ], [ 9.2544576, 48.794674 ], [ 9.2543654, 48.7946095 ], [ 9.2542482, 48.7944773 ], [ 9.2541079, 48.7944006 ], [ 9.2535096, 48.7941454 ], [ 9.2531538, 48.7939442 ], [ 9.2526805, 48.7935646 ], [ 9.2521833, 48.7933623 ], [ 9.2513801, 48.792776 ], [ 9.2506059, 48.7932823 ], [ 9.250373, 48.7934536 ], [ 9.2500308, 48.7937052 ], [ 9.2497219, 48.7935699 ], [ 9.249442, 48.7937083 ], [ 9.2488819, 48.7937475 ], [ 9.2487902, 48.793839 ], [ 9.2484014, 48.7943264 ], [ 9.248287, 48.7945266 ], [ 9.2480228, 48.7950602 ], [ 9.2475375, 48.7950458 ], [ 9.2469065, 48.7948223 ], [ 9.2465901, 48.7950916 ], [ 9.2465923, 48.7955978 ], [ 9.2465441, 48.7957119 ], [ 9.2471135, 48.7959611 ], [ 9.2471376, 48.7960341 ], [ 9.2483692, 48.7960287 ], [ 9.2490922, 48.7961715 ], [ 9.2499824, 48.7962425 ], [ 9.2496339, 48.7966627 ], [ 9.2492489, 48.7966416 ], [ 9.2494576, 48.7973935 ], [ 9.2501106, 48.7975971 ], [ 9.2506357, 48.7977547 ], [ 9.2509191, 48.7978302 ], [ 9.2508945, 48.7978802 ], [ 9.2505406, 48.7986017 ], [ 9.2503092, 48.7990632 ], [ 9.2504514, 48.7991382 ], [ 9.2530313, 48.7997445 ], [ 9.2530353, 48.7998335 ], [ 9.2538186, 48.8001058 ], [ 9.2546793, 48.8000629 ], [ 9.2545667, 48.8002937 ], [ 9.255235, 48.8004475 ], [ 9.2547387, 48.8007111 ], [ 9.2544624, 48.8013166 ], [ 9.2544724, 48.8017892 ], [ 9.2553316, 48.8020407 ], [ 9.2553406, 48.8029105 ], [ 9.2553383, 48.803878 ], [ 9.255338, 48.8039793 ], [ 9.2550741, 48.8040404 ], [ 9.2541802, 48.8038807 ], [ 9.2540336, 48.8045957 ], [ 9.2539374, 48.8051941 ], [ 9.2537694, 48.8058545 ], [ 9.2537827, 48.8062766 ], [ 9.2538095, 48.8067587 ], [ 9.2536156, 48.8078957 ], [ 9.2532812, 48.8095486 ], [ 9.2532422, 48.809818 ], [ 9.253208, 48.8100538 ], [ 9.2538527, 48.8101842 ], [ 9.2550153, 48.810421 ], [ 9.2568091, 48.8107714 ], [ 9.2562903, 48.8119543 ], [ 9.2562804, 48.8119907 ], [ 9.2567539, 48.8120817 ], [ 9.2562845, 48.8131128 ], [ 9.2562801, 48.8131432 ], [ 9.2555132, 48.8129982 ], [ 9.2552507, 48.8129485 ], [ 9.2547704, 48.8140665 ], [ 9.2547613, 48.8140878 ], [ 9.2547758, 48.8141272 ], [ 9.2550218, 48.8141717 ], [ 9.2547519, 48.8147025 ], [ 9.254538, 48.8151866 ], [ 9.25452, 48.8152376 ], [ 9.255622, 48.8154309 ], [ 9.2550976, 48.8166828 ], [ 9.2550626, 48.8168875 ], [ 9.2546976, 48.8168549 ], [ 9.2544652, 48.8167924 ], [ 9.2543454, 48.8167211 ], [ 9.2541028, 48.8165734 ], [ 9.2540831, 48.8166109 ], [ 9.2540776, 48.8166213 ], [ 9.2536321, 48.8179651 ], [ 9.2534568, 48.8185181 ], [ 9.2531502, 48.819405 ], [ 9.2531172, 48.8193961 ], [ 9.2502853, 48.8186305 ], [ 9.2497819, 48.8195509 ], [ 9.2491305, 48.8193898 ], [ 9.2487854, 48.8193378 ], [ 9.2477843, 48.8215582 ], [ 9.2462707, 48.8213186 ], [ 9.2461557, 48.8216432 ], [ 9.2461202, 48.8217433 ], [ 9.2457853, 48.8227016 ], [ 9.2455347, 48.8226743 ], [ 9.2454529, 48.8231069 ], [ 9.243355, 48.8229061 ], [ 9.2430367, 48.8245547 ], [ 9.2438249, 48.8246492 ], [ 9.2434208, 48.8258981 ], [ 9.2426994, 48.8258435 ], [ 9.2426371, 48.8263093 ], [ 9.2413643, 48.8262517 ], [ 9.2413594, 48.8262787 ], [ 9.2411572, 48.8273985 ], [ 9.2404092, 48.829787 ], [ 9.2403632, 48.829934 ], [ 9.2404923, 48.8300385 ], [ 9.2410875, 48.8303233 ], [ 9.2414758, 48.8305792 ], [ 9.2418087, 48.8308671 ], [ 9.2421013, 48.8312154 ], [ 9.2423282, 48.8316802 ], [ 9.2427993, 48.8333396 ], [ 9.2429779, 48.8336263 ], [ 9.2432814, 48.8339182 ], [ 9.2435164, 48.8340735 ], [ 9.2438613, 48.8342057 ], [ 9.244186, 48.8342939 ], [ 9.2444728, 48.8343325 ], [ 9.244882, 48.834331 ], [ 9.2452239, 48.8342784 ], [ 9.2459384, 48.8340164 ], [ 9.2460906, 48.8341654 ], [ 9.2452361, 48.8345399 ], [ 9.2446835, 48.8347265 ], [ 9.2436887, 48.8349961 ], [ 9.2413424, 48.8355751 ], [ 9.2409484, 48.8356963 ], [ 9.2409044, 48.8356625 ], [ 9.239905, 48.8359389 ], [ 9.2393647, 48.8360562 ], [ 9.2396505, 48.8372067 ], [ 9.2394093, 48.8372122 ], [ 9.2384822, 48.8373426 ], [ 9.238767, 48.8380093 ], [ 9.2389488, 48.8379549 ], [ 9.2401569, 48.8387495 ], [ 9.2395381, 48.8391891 ], [ 9.2395189, 48.8392017 ], [ 9.2392311, 48.8393985 ], [ 9.2393095, 48.8394507 ], [ 9.2391947, 48.8395338 ], [ 9.2388469, 48.8397094 ], [ 9.2384321, 48.839989 ], [ 9.2381751, 48.8402008 ], [ 9.2381637, 48.840225 ], [ 9.2384954, 48.8402783 ], [ 9.2384104, 48.8403671 ], [ 9.2384569, 48.8406677 ], [ 9.2382708, 48.8409399 ], [ 9.2383582, 48.8409383 ], [ 9.2381493, 48.8410987 ], [ 9.2376543, 48.841394 ], [ 9.2375996, 48.8414507 ], [ 9.2374717, 48.8416716 ], [ 9.2371672, 48.8419978 ], [ 9.2378282, 48.8423616 ], [ 9.2381011, 48.8424563 ], [ 9.2386189, 48.8425504 ], [ 9.2388327, 48.8425692 ], [ 9.2391106, 48.8426625 ], [ 9.2397955, 48.8430887 ], [ 9.2403485, 48.8434935 ], [ 9.2409954, 48.8438797 ], [ 9.2420579, 48.8446024 ], [ 9.2425881, 48.8450497 ], [ 9.2431246, 48.8455307 ], [ 9.2435789, 48.8460999 ], [ 9.2438558, 48.8464969 ], [ 9.2439455, 48.8467354 ], [ 9.244139, 48.8472442 ], [ 9.2420496, 48.8472259 ], [ 9.2414848, 48.8472617 ], [ 9.2408776, 48.8472205 ], [ 9.2401272, 48.8469633 ], [ 9.2394269, 48.8465404 ], [ 9.239317, 48.8465987 ], [ 9.2393008, 48.8465887 ], [ 9.2389313, 48.8467864 ], [ 9.2388637, 48.8467822 ], [ 9.2383647, 48.8464005 ], [ 9.2383462, 48.8463374 ], [ 9.2368496, 48.8478679 ], [ 9.2365259, 48.8480544 ], [ 9.2337007, 48.8493445 ], [ 9.2340422, 48.8502466 ], [ 9.2339835, 48.8502104 ], [ 9.2328979, 48.8500802 ], [ 9.2332947, 48.8511338 ], [ 9.2328248, 48.8511879 ], [ 9.232766, 48.8511614 ], [ 9.233745, 48.8539033 ], [ 9.2327082, 48.8540589 ], [ 9.2297416, 48.8547591 ], [ 9.2297063, 48.8547996 ], [ 9.2304861, 48.8570455 ], [ 9.2304981, 48.8570788 ], [ 9.2304118, 48.8571035 ], [ 9.2294809, 48.8573703 ], [ 9.2296749, 48.8576166 ], [ 9.229584, 48.8576427 ], [ 9.2296345, 48.8577148 ], [ 9.2284816, 48.8582347 ], [ 9.2298328, 48.8620189 ], [ 9.2303795, 48.8638639 ], [ 9.2284943, 48.8642045 ], [ 9.2273945, 48.8642429 ], [ 9.2267039, 48.8643258 ], [ 9.2250743, 48.8646874 ], [ 9.2239661, 48.8649333 ], [ 9.2230107, 48.8651706 ], [ 9.2226121, 48.8652953 ], [ 9.2213632, 48.8657558 ], [ 9.221337, 48.8656744 ], [ 9.2201466, 48.8660122 ], [ 9.2198177, 48.8661146 ], [ 9.2194127, 48.8662146 ], [ 9.2190424, 48.8662873 ], [ 9.2169182, 48.8663994 ], [ 9.2170757, 48.8657333 ], [ 9.2164205, 48.8657815 ], [ 9.2155777, 48.8658436 ], [ 9.2158635, 48.8650619 ], [ 9.2158738, 48.8650338 ], [ 9.2157159, 48.8645161 ], [ 9.2154828, 48.8637805 ], [ 9.2152386, 48.8632212 ], [ 9.214441, 48.8636589 ], [ 9.214151, 48.8638181 ], [ 9.2139593, 48.8637228 ], [ 9.2134176, 48.8634532 ], [ 9.2127854, 48.863129 ], [ 9.2121975, 48.8626349 ], [ 9.2112283, 48.8625184 ], [ 9.2112351, 48.8624189 ], [ 9.2066462, 48.8615561 ], [ 9.2065018, 48.8614993 ], [ 9.2059174, 48.8612696 ], [ 9.2059882, 48.8611036 ], [ 9.206631, 48.8595957 ], [ 9.2065501, 48.8594813 ], [ 9.2063426, 48.8584964 ], [ 9.2061757, 48.8575694 ], [ 9.2061396, 48.8573692 ], [ 9.206731, 48.8573114 ], [ 9.206518, 48.8561974 ], [ 9.2075842, 48.855838 ], [ 9.2050765, 48.8544472 ], [ 9.2076705, 48.852754 ], [ 9.2049436, 48.8517619 ], [ 9.2022797, 48.8512761 ], [ 9.202123, 48.8512647 ], [ 9.2000565, 48.8511139 ], [ 9.1968897, 48.851254 ], [ 9.1968399, 48.8506815 ], [ 9.1938997, 48.8511785 ], [ 9.1927091, 48.8499441 ], [ 9.1925375, 48.8500342 ], [ 9.1913081, 48.848743 ], [ 9.1900022, 48.8476645 ], [ 9.1894985, 48.8479939 ], [ 9.188148, 48.848609 ], [ 9.1882658, 48.8487071 ], [ 9.1868316, 48.8493184 ], [ 9.1864318, 48.8489366 ], [ 9.1861004, 48.848726 ], [ 9.1846309, 48.8492569 ], [ 9.1839555, 48.8495008 ], [ 9.1833125, 48.8496819 ], [ 9.1829844, 48.8492253 ], [ 9.1826656, 48.8487815 ], [ 9.1825808, 48.8488052 ], [ 9.1812818, 48.8492021 ], [ 9.1804457, 48.8494576 ], [ 9.1798674, 48.8487111 ], [ 9.1768095, 48.8495645 ], [ 9.1767572, 48.849579 ], [ 9.1767132, 48.8494096 ], [ 9.1766877, 48.8492317 ], [ 9.1767071, 48.848763 ], [ 9.1764946, 48.8487549 ], [ 9.17622, 48.8475184 ], [ 9.1755774, 48.8477116 ], [ 9.1751366, 48.8478411 ], [ 9.1743893, 48.8479905 ], [ 9.1736817, 48.8483448 ], [ 9.1731213, 48.8487421 ], [ 9.1713974, 48.8489789 ], [ 9.1712709, 48.8491694 ], [ 9.1711951, 48.8491992 ], [ 9.1708048, 48.8496987 ], [ 9.1706473, 48.8499446 ], [ 9.1704932, 48.8501853 ], [ 9.1702401, 48.850601 ], [ 9.1699132, 48.8516164 ], [ 9.1698538, 48.8521434 ], [ 9.1698399, 48.8522164 ], [ 9.1693732, 48.8521829 ], [ 9.1692091, 48.8521526 ], [ 9.1688947, 48.85204 ], [ 9.1681475, 48.8516774 ], [ 9.1680534, 48.8517373 ], [ 9.1673808, 48.8513606 ], [ 9.1666649, 48.8509282 ], [ 9.1663595, 48.8508506 ], [ 9.1657703, 48.8508712 ], [ 9.1656301, 48.8509662 ], [ 9.1653155, 48.8511865 ], [ 9.1650899, 48.8513292 ], [ 9.1650488, 48.8513525 ], [ 9.1648744, 48.8514438 ], [ 9.1645867, 48.8515425 ], [ 9.1643116, 48.8515784 ], [ 9.1640407, 48.8515043 ], [ 9.1638657, 48.8513962 ], [ 9.162548, 48.8519443 ], [ 9.160873, 48.8527062 ], [ 9.1606065, 48.8528897 ], [ 9.1601432, 48.8531059 ], [ 9.1598188, 48.853392 ], [ 9.1596945, 48.8536567 ], [ 9.1595978, 48.8539 ], [ 9.1593916, 48.8540408 ], [ 9.159976, 48.8545231 ], [ 9.1613268, 48.8559942 ], [ 9.160329, 48.8563641 ], [ 9.1584296, 48.8570404 ], [ 9.158381, 48.8569542 ], [ 9.1556808, 48.8571324 ], [ 9.1554806, 48.856934 ], [ 9.1553171, 48.8568882 ], [ 9.1549396, 48.8570007 ], [ 9.1549012, 48.8570954 ], [ 9.1547391, 48.8573633 ], [ 9.1546371, 48.8575618 ], [ 9.1544669, 48.8579589 ], [ 9.1543211, 48.8582692 ], [ 9.1541857, 48.8585454 ], [ 9.1540919, 48.8587668 ], [ 9.1540049, 48.8590292 ], [ 9.1538972, 48.8593488 ], [ 9.1538206, 48.859657 ], [ 9.1537335, 48.8599811 ], [ 9.1536671, 48.8603258 ], [ 9.1536251, 48.860618 ], [ 9.1536284, 48.8607207 ], [ 9.1534164, 48.8607788 ], [ 9.1530525, 48.8607463 ], [ 9.1526471, 48.8607164 ], [ 9.1523109, 48.8606792 ], [ 9.1520199, 48.8606555 ], [ 9.1519006, 48.8606382 ], [ 9.1515796, 48.8605915 ], [ 9.1512397, 48.8605384 ], [ 9.1508652, 48.8604763 ], [ 9.1504665, 48.8604212 ], [ 9.1500887, 48.8603774 ], [ 9.1496624, 48.8603293 ], [ 9.1491876, 48.8602769 ], [ 9.1485914, 48.8602022 ], [ 9.1481442, 48.8601495 ], [ 9.1477595, 48.8601104 ], [ 9.1474547, 48.8600936 ], [ 9.1470877, 48.8600726 ], [ 9.1466846, 48.8599422 ], [ 9.146448, 48.8601374 ], [ 9.1461725, 48.8602643 ], [ 9.1458487, 48.8604052 ], [ 9.1451903, 48.8606413 ], [ 9.144811, 48.8607688 ], [ 9.1445105, 48.8608296 ], [ 9.1440339, 48.8609255 ], [ 9.143264, 48.8611028 ], [ 9.14266, 48.8612587 ], [ 9.1420529, 48.8614444 ], [ 9.1414255, 48.8616849 ], [ 9.1410059, 48.8619084 ], [ 9.1411279, 48.859846 ], [ 9.1407169, 48.8599233 ], [ 9.1409109, 48.8562509 ], [ 9.1389112, 48.8566328 ], [ 9.1384661, 48.8567515 ], [ 9.1359143, 48.8572958 ], [ 9.135507, 48.8573936 ], [ 9.1351824, 48.8574592 ], [ 9.1349681, 48.857499 ], [ 9.1346709, 48.8575255 ], [ 9.134301, 48.8575684 ], [ 9.1337755, 48.8576257 ], [ 9.1339343, 48.853853 ], [ 9.1339398, 48.8537343 ], [ 9.1339038, 48.8535998 ], [ 9.1338749, 48.853488 ], [ 9.1338629, 48.8533533 ], [ 9.1338766, 48.8530245 ], [ 9.1364083, 48.8528662 ], [ 9.1368819, 48.8528273 ], [ 9.1371893, 48.8527665 ], [ 9.1375577, 48.8526026 ], [ 9.1376228, 48.8525383 ], [ 9.1377773, 48.8524303 ], [ 9.1379282, 48.8523086 ], [ 9.1381346, 48.8521912 ], [ 9.1382856, 48.8520831 ], [ 9.1383887, 48.852005 ], [ 9.1384677, 48.8519566 ], [ 9.1385746, 48.8519195 ], [ 9.1388404, 48.8518612 ], [ 9.1390027, 48.8518399 ], [ 9.1390366, 48.8517712 ], [ 9.1390566, 48.8517072 ], [ 9.1390896, 48.8515586 ], [ 9.1391684, 48.8511769 ], [ 9.1392304, 48.8508501 ], [ 9.1392689, 48.850576 ], [ 9.1393858, 48.8502009 ], [ 9.139462, 48.8498992 ], [ 9.1396009, 48.8496359 ], [ 9.1398219, 48.8492832 ], [ 9.1399075, 48.8491636 ], [ 9.1399974, 48.8490406 ], [ 9.1401181, 48.8488309 ], [ 9.1402009, 48.8486714 ], [ 9.1403046, 48.8485164 ], [ 9.1404495, 48.8483272 ], [ 9.140895, 48.847721 ], [ 9.1411367, 48.8473859 ], [ 9.1413024, 48.8471535 ], [ 9.1415407, 48.8467956 ], [ 9.1419239, 48.8462555 ], [ 9.1421794, 48.8459114 ], [ 9.1423002, 48.8457769 ], [ 9.1424627, 48.8456492 ], [ 9.1426354, 48.8455055 ], [ 9.1428151, 48.8453345 ], [ 9.1431604, 48.8448126 ], [ 9.1425957, 48.8442255 ], [ 9.1418977, 48.8440094 ], [ 9.1418083, 48.8439629 ], [ 9.1416835, 48.843954 ], [ 9.1411296, 48.8439893 ], [ 9.1409287, 48.8440057 ], [ 9.1408456, 48.8439968 ], [ 9.1406334, 48.8438117 ], [ 9.1405151, 48.8437273 ], [ 9.1404216, 48.8437114 ], [ 9.1400371, 48.8436961 ], [ 9.1395177, 48.8437176 ], [ 9.1389222, 48.8437576 ], [ 9.138631, 48.8437936 ], [ 9.1383838, 48.8438242 ], [ 9.1379688, 48.8438707 ], [ 9.1376021, 48.8438997 ], [ 9.1372098, 48.843928 ], [ 9.136834, 48.8439551 ], [ 9.1362976, 48.8440364 ], [ 9.136076, 48.84407 ], [ 9.1359911, 48.8440176 ], [ 9.1358828, 48.8439507 ], [ 9.135621, 48.8437012 ], [ 9.1351432, 48.843967 ], [ 9.1339394, 48.8446365 ], [ 9.1339189, 48.8445695 ], [ 9.1337224, 48.8441413 ], [ 9.1336444, 48.8439168 ], [ 9.1345075, 48.8429833 ], [ 9.1347113, 48.8427937 ], [ 9.1348291, 48.8426635 ], [ 9.1349286, 48.8425242 ], [ 9.1350528, 48.8423712 ], [ 9.1351633, 48.8422228 ], [ 9.1353116, 48.8420469 ], [ 9.1354807, 48.8418048 ], [ 9.1355979, 48.8416177 ], [ 9.1357254, 48.8414258 ], [ 9.1358462, 48.8412431 ], [ 9.1359737, 48.8410536 ], [ 9.1361117, 48.8408709 ], [ 9.1361876, 48.8407362 ], [ 9.1363185, 48.840501 ], [ 9.1363908, 48.8403823 ], [ 9.136522, 48.8402361 ], [ 9.1366532, 48.8401242 ], [ 9.1368052, 48.8400076 ], [ 9.1369227, 48.839939 ], [ 9.1370367, 48.839891 ], [ 9.1371889, 48.839843 ], [ 9.1373998, 48.8398108 ], [ 9.1375831, 48.8397786 ], [ 9.1377734, 48.8397626 ], [ 9.1378148, 48.8397567 ], [ 9.1379115, 48.8397428 ], [ 9.1380765, 48.8397194 ], [ 9.138714, 48.83957 ], [ 9.1384122, 48.8391891 ], [ 9.1400983, 48.8382382 ], [ 9.1400723, 48.8375125 ], [ 9.1399892, 48.837451 ], [ 9.1397709, 48.8373393 ], [ 9.1396634, 48.8372774 ], [ 9.1395492, 48.8372117 ], [ 9.1394315, 48.8371479 ], [ 9.1392964, 48.8370545 ], [ 9.1391889, 48.8369746 ], [ 9.139078, 48.8368378 ], [ 9.1389738, 48.8367237 ], [ 9.1388767, 48.8365709 ], [ 9.1386268, 48.836238 ], [ 9.1384498, 48.8359962 ], [ 9.1382729, 48.8357452 ], [ 9.1382034, 48.8356563 ], [ 9.1380298, 48.8353758 ], [ 9.1380511, 48.8353333 ], [ 9.1387303, 48.8322146 ], [ 9.1387739, 48.8320414 ], [ 9.1388162, 48.8318729 ], [ 9.1370886, 48.831044 ], [ 9.1387065, 48.8314818 ], [ 9.1387101, 48.8313247 ], [ 9.1387141, 48.8311484 ], [ 9.1386764, 48.8306957 ], [ 9.1386686, 48.8306024 ], [ 9.1384487, 48.8302723 ], [ 9.1382334, 48.8299492 ], [ 9.1383224, 48.8291528 ], [ 9.1381626, 48.8280421 ], [ 9.1367005, 48.8278814 ], [ 9.1363583, 48.8278454 ], [ 9.1358157, 48.8277878 ], [ 9.1352901, 48.8277415 ], [ 9.1347369, 48.827693 ], [ 9.1344051, 48.8276547 ], [ 9.1343257, 48.8276452 ], [ 9.1342567, 48.8276174 ], [ 9.1340877, 48.8275708 ], [ 9.1337663, 48.8275303 ], [ 9.1331029, 48.82744 ], [ 9.1325982, 48.8273894 ], [ 9.1323252, 48.8273605 ], [ 9.1321628, 48.8273368 ], [ 9.1315899, 48.8272105 ], [ 9.1308306, 48.8270375 ], [ 9.1304296, 48.8269722 ], [ 9.1291019, 48.8265921 ], [ 9.1286637, 48.8264916 ], [ 9.1284429, 48.8264333 ], [ 9.1283463, 48.8264054 ], [ 9.128236, 48.8263729 ], [ 9.1275912, 48.8261731 ], [ 9.1258818, 48.8256689 ], [ 9.1253243, 48.8255053 ], [ 9.1232846, 48.8248845 ], [ 9.1228431, 48.8247501 ], [ 9.1219385, 48.8246197 ], [ 9.118891, 48.8241132 ], [ 9.1186088, 48.8240724 ], [ 9.1183907, 48.824055 ], [ 9.1176499, 48.8239609 ], [ 9.1175763, 48.8239526 ], [ 9.1162182, 48.8237799 ], [ 9.113978, 48.8234961 ], [ 9.1139087, 48.8236341 ], [ 9.1136445, 48.8239363 ], [ 9.1134723, 48.8241332 ], [ 9.1132034, 48.8244407 ], [ 9.1131547, 48.8245083 ], [ 9.1135714, 48.8247952 ], [ 9.1128679, 48.8249369 ], [ 9.1127982, 48.8250029 ], [ 9.1123537, 48.8252071 ], [ 9.1102654, 48.8249629 ], [ 9.1096325, 48.8248946 ], [ 9.1087473, 48.8248186 ], [ 9.1087046, 48.8252678 ], [ 9.1086094, 48.8262706 ], [ 9.1085073, 48.8273468 ], [ 9.1084256, 48.8281324 ], [ 9.1083864, 48.8283113 ], [ 9.1083068, 48.8293424 ], [ 9.1076172, 48.829191 ], [ 9.1075242, 48.8291669 ], [ 9.1057618, 48.8287929 ], [ 9.1052216, 48.8286594 ], [ 9.1027317, 48.8280322 ], [ 9.1024011, 48.8283729 ], [ 9.1019739, 48.8288074 ], [ 9.1017431, 48.8290407 ], [ 9.1014986, 48.829306 ], [ 9.1010383, 48.8292727 ], [ 9.099457, 48.8291868 ], [ 9.0993737, 48.829947 ], [ 9.099336, 48.8300499 ], [ 9.0992534, 48.8301368 ], [ 9.0991878, 48.8301779 ], [ 9.0990876, 48.8302124 ], [ 9.0989838, 48.8302263 ], [ 9.0988627, 48.8302174 ], [ 9.0972477, 48.8329072 ], [ 9.0970419, 48.8342042 ], [ 9.0951504, 48.834141 ], [ 9.0941887, 48.8352486 ], [ 9.0940514, 48.8351918 ], [ 9.0939676, 48.8351618 ], [ 9.0935575, 48.8355234 ], [ 9.0930498, 48.8352634 ], [ 9.0926028, 48.8350816 ], [ 9.0923705, 48.8349771 ], [ 9.0921487, 48.8348633 ], [ 9.0915595, 48.8345883 ], [ 9.0909216, 48.8342703 ], [ 9.0905195, 48.8340698 ], [ 9.0895105, 48.833508 ], [ 9.0888933, 48.8331599 ], [ 9.0879847, 48.8326138 ], [ 9.0868607, 48.831817 ], [ 9.0864861, 48.8315484 ], [ 9.0862014, 48.8312955 ], [ 9.0859549, 48.8310837 ], [ 9.0857264, 48.8309182 ], [ 9.086189, 48.8307004 ], [ 9.0862447, 48.8306716 ], [ 9.0863318, 48.8303639 ], [ 9.0864321, 48.8300252 ], [ 9.086478, 48.8296022 ], [ 9.0866982, 48.8279643 ], [ 9.0866491, 48.8279589 ], [ 9.0867173, 48.8260469 ], [ 9.0861155, 48.8260251 ], [ 9.0856971, 48.8260762 ], [ 9.0853134, 48.8261294 ], [ 9.0850955, 48.8261435 ], [ 9.0852947, 48.8239884 ], [ 9.0842575, 48.8241203 ], [ 9.0841486, 48.8236595 ], [ 9.0839532, 48.8229242 ], [ 9.0839404, 48.8228752 ], [ 9.0838202, 48.8223314 ], [ 9.0838274, 48.8218587 ], [ 9.083811, 48.8217597 ], [ 9.0837807, 48.8216302 ], [ 9.0836003, 48.8208373 ], [ 9.0835364, 48.8204135 ], [ 9.0835083, 48.8202269 ], [ 9.0834953, 48.8201405 ], [ 9.0834523, 48.8200896 ], [ 9.0833925, 48.820019 ], [ 9.0834223, 48.8196103 ], [ 9.0833991, 48.81905 ], [ 9.081819, 48.8187739 ], [ 9.079912, 48.8183799 ], [ 9.0803908, 48.8179932 ], [ 9.0803661, 48.8179809 ], [ 9.0803328, 48.8179643 ], [ 9.0798437, 48.8177537 ], [ 9.0800662, 48.8176575 ], [ 9.0802615, 48.8175319 ], [ 9.0803787, 48.8174101 ], [ 9.0804958, 48.8172181 ], [ 9.0805643, 48.8170474 ], [ 9.0804685, 48.8170268 ], [ 9.0800629, 48.8169395 ], [ 9.0799604, 48.8169174 ], [ 9.079436, 48.8167779 ], [ 9.0798904, 48.8161199 ], [ 9.0795799, 48.8160093 ], [ 9.0796321, 48.8159707 ], [ 9.0797261, 48.8158911 ], [ 9.0798169, 48.8157728 ], [ 9.0799707, 48.8155656 ], [ 9.0801736, 48.8152491 ], [ 9.0799632, 48.8151663 ], [ 9.0798348, 48.8152229 ], [ 9.0797722, 48.8152752 ], [ 9.0796363, 48.8154162 ], [ 9.07669, 48.814565 ], [ 9.0768206, 48.8143405 ], [ 9.0769132, 48.8142145 ], [ 9.0772269, 48.8138315 ], [ 9.0773105, 48.8137473 ], [ 9.0773663, 48.8137041 ], [ 9.0775505, 48.8135724 ], [ 9.0776095, 48.8135452 ], [ 9.0776651, 48.8135043 ], [ 9.077683, 48.8134872 ], [ 9.0777174, 48.8134543 ], [ 9.0778321, 48.8133725 ], [ 9.077939, 48.8134185 ], [ 9.0783436, 48.8129566 ], [ 9.0787506, 48.8131063 ], [ 9.0788936, 48.8129448 ], [ 9.0791143, 48.8130368 ], [ 9.0791416, 48.8130779 ], [ 9.0791758, 48.8131237 ], [ 9.0795704, 48.8126184 ], [ 9.0800111, 48.8128777 ], [ 9.0804039, 48.8130912 ], [ 9.0805334, 48.8129342 ], [ 9.0807005, 48.8127316 ], [ 9.0810078, 48.8123424 ], [ 9.0812275, 48.8120762 ], [ 9.0814091, 48.8118394 ], [ 9.0815208, 48.8116937 ], [ 9.0816223, 48.8115389 ], [ 9.0817933, 48.8113317 ], [ 9.082119, 48.8113838 ], [ 9.0834343, 48.8115894 ], [ 9.083978, 48.8101014 ], [ 9.0840136, 48.8100148 ], [ 9.0840353, 48.8099396 ], [ 9.0840824, 48.8097641 ], [ 9.0841083, 48.8096294 ], [ 9.0841298, 48.8094673 ], [ 9.0841349, 48.8094287 ], [ 9.0844247, 48.8094896 ], [ 9.08477, 48.8095371 ], [ 9.0851256, 48.80958 ], [ 9.0853987, 48.8096021 ], [ 9.0855722, 48.8096088 ], [ 9.0857374, 48.8096153 ], [ 9.0863631, 48.8096483 ], [ 9.0868812, 48.8096966 ], [ 9.0873673, 48.8097682 ], [ 9.0868226, 48.8088241 ], [ 9.0865115, 48.8082078 ], [ 9.0863397, 48.8078673 ], [ 9.0858973, 48.8069791 ], [ 9.0858199, 48.8068097 ], [ 9.0857628, 48.8066655 ], [ 9.0857127, 48.8065123 ], [ 9.0856697, 48.8063545 ], [ 9.0856373, 48.8061763 ], [ 9.0856252, 48.8060324 ], [ 9.085627, 48.8058886 ], [ 9.0856469, 48.8056694 ], [ 9.0857342, 48.805186 ], [ 9.0857583, 48.8050422 ], [ 9.0857801, 48.8049624 ], [ 9.0858123, 48.804869 ], [ 9.0858633, 48.8046615 ], [ 9.0859422, 48.8044153 ], [ 9.0860646, 48.804017 ], [ 9.0857009, 48.8035007 ], [ 9.0857843, 48.8034669 ], [ 9.085536, 48.8031323 ], [ 9.085337, 48.8027121 ], [ 9.0853187, 48.8026604 ], [ 9.0853037, 48.8026178 ], [ 9.0852533, 48.8025173 ], [ 9.0851615, 48.8022707 ], [ 9.0851149, 48.8021636 ], [ 9.0850893, 48.8020797 ], [ 9.08508, 48.8020495 ], [ 9.0850521, 48.8019103 ], [ 9.0850173, 48.8017369 ], [ 9.0850147, 48.801703 ], [ 9.0850101, 48.8016388 ], [ 9.0850163, 48.8012348 ], [ 9.0850229, 48.8010682 ], [ 9.0850149, 48.8009374 ], [ 9.085005, 48.800776 ], [ 9.0849839, 48.8005273 ], [ 9.0849697, 48.8003721 ], [ 9.0849346, 48.8001074 ], [ 9.0849201, 48.7999848 ], [ 9.08491, 48.7998997 ], [ 9.0847917, 48.799489 ], [ 9.0847117, 48.7992586 ], [ 9.0845451, 48.7988003 ], [ 9.0845322, 48.7987681 ], [ 9.0844642, 48.7986929 ], [ 9.0844226, 48.7986634 ], [ 9.0843672, 48.7986291 ], [ 9.0843292, 48.7986018 ], [ 9.0843152, 48.7985516 ], [ 9.0843288, 48.7984968 ], [ 9.084377, 48.798378 ], [ 9.0844251, 48.7982981 ], [ 9.0844767, 48.7982181 ], [ 9.0844658, 48.7979533 ], [ 9.084146, 48.7971867 ], [ 9.0841041, 48.7970338 ], [ 9.084076, 48.7968169 ], [ 9.0840793, 48.7967827 ], [ 9.0834504, 48.7967948 ], [ 9.0830352, 48.7968072 ], [ 9.0829438, 48.7965037 ], [ 9.0827021, 48.7965409 ], [ 9.0825366, 48.796587 ], [ 9.0824227, 48.7966467 ], [ 9.0823331, 48.7966949 ], [ 9.0822576, 48.7967591 ], [ 9.0820752, 48.7969195 ], [ 9.0818011, 48.7967261 ], [ 9.0816727, 48.7966099 ], [ 9.0815409, 48.7964983 ], [ 9.0815163, 48.7964413 ], [ 9.0814952, 48.7963431 ], [ 9.081474, 48.7962609 ], [ 9.0812486, 48.7961269 ], [ 9.0811792, 48.7960516 ], [ 9.0811132, 48.7959833 ], [ 9.0809189, 48.795817 ], [ 9.0807939, 48.7957169 ], [ 9.0807555, 48.7956485 ], [ 9.0807032, 48.7955459 ], [ 9.080623, 48.795409 ], [ 9.0805186, 48.7952609 ], [ 9.0803103, 48.7950672 ], [ 9.0801472, 48.7949261 ], [ 9.0800568, 48.7948053 ], [ 9.0800425, 48.7947254 ], [ 9.0799862, 48.7945245 ], [ 9.0798875, 48.7941456 ], [ 9.0798733, 48.7940657 ], [ 9.0795037, 48.7940827 ], [ 9.0795709, 48.7944046 ], [ 9.0796273, 48.7946328 ], [ 9.0796804, 48.7948565 ], [ 9.0797988, 48.7950503 ], [ 9.0800496, 48.7954562 ], [ 9.0796826, 48.7953065 ], [ 9.079402, 48.7951839 ], [ 9.0792565, 48.7951066 ], [ 9.0790834, 48.7950226 ], [ 9.0789239, 48.7949203 ], [ 9.0784421, 48.7946292 ], [ 9.078092, 48.794404 ], [ 9.078026, 48.7943402 ], [ 9.0779597, 48.7942148 ], [ 9.0777153, 48.7937221 ], [ 9.077575, 48.7932999 ], [ 9.0774977, 48.7930443 ], [ 9.0773468, 48.7925809 ], [ 9.0772624, 48.792298 ], [ 9.0771885, 48.7920126 ], [ 9.0771494, 48.7917821 ], [ 9.077142, 48.7916884 ], [ 9.0769855, 48.7914947 ], [ 9.0768533, 48.7913352 ], [ 9.0766971, 48.7911917 ], [ 9.0765169, 48.7910528 ], [ 9.0764021, 48.7909229 ], [ 9.0763047, 48.7907656 ], [ 9.0761827, 48.7905671 ], [ 9.0761225, 48.7902955 ], [ 9.0760838, 48.7901494 ], [ 9.075248, 48.7895076 ], [ 9.0751962, 48.7888271 ], [ 9.0751762, 48.7882789 ], [ 9.075153, 48.7873337 ], [ 9.0751527, 48.787322 ], [ 9.0752977, 48.7872375 ], [ 9.075505, 48.7870868 ], [ 9.0756673, 48.7869405 ], [ 9.075719, 48.786872 ], [ 9.0758641, 48.7868149 ], [ 9.0823578, 48.7843675 ], [ 9.0861528, 48.7828605 ], [ 9.0865871, 48.7826811 ], [ 9.0873249, 48.7823707 ], [ 9.0880658, 48.7820126 ], [ 9.0878676, 48.7818531 ], [ 9.0877981, 48.7817826 ], [ 9.0876627, 48.781694 ], [ 9.0870345, 48.7812918 ], [ 9.0869583, 48.78126 ], [ 9.0863292, 48.7812688 ], [ 9.086215, 48.781244 ], [ 9.0860798, 48.7811668 ], [ 9.0858924, 48.7810578 ], [ 9.0858193, 48.7809873 ], [ 9.0857879, 48.7809303 ], [ 9.0857421, 48.7807957 ], [ 9.0862172, 48.7799542 ], [ 9.0866021, 48.7796266 ], [ 9.0867292, 48.7795029 ], [ 9.0868116, 48.7794091 ], [ 9.0868524, 48.7793245 ], [ 9.0868725, 48.779224 ], [ 9.0868753, 48.7791008 ], [ 9.0868744, 48.7789751 ], [ 9.0868703, 48.7788519 ], [ 9.086831, 48.7786671 ], [ 9.08682, 48.7785598 ], [ 9.0867677, 48.7784984 ], [ 9.0864554, 48.7783076 ], [ 9.0858243, 48.7779716 ], [ 9.0856576, 48.7778534 ], [ 9.0854632, 48.7777124 ], [ 9.0853278, 48.7776055 ], [ 9.0852685, 48.7775304 ], [ 9.0852264, 48.7774415 ], [ 9.0851946, 48.7773343 ], [ 9.0851419, 48.7771815 ], [ 9.0851064, 48.7770378 ], [ 9.0850643, 48.7769397 ], [ 9.0849877, 48.7768509 ], [ 9.0847513, 48.7766233 ], [ 9.0844175, 48.7763207 ], [ 9.0841914, 48.7760931 ], [ 9.0838784, 48.7757699 ], [ 9.0837392, 48.7756356 ], [ 9.0836731, 48.7755604 ], [ 9.0836469, 48.7755059 ], [ 9.083638, 48.7754875 ], [ 9.0836304, 48.7754534 ], [ 9.0836132, 48.775378 ], [ 9.0835915, 48.775216 ], [ 9.0835806, 48.775143 ], [ 9.0835975, 48.7750949 ], [ 9.0839596, 48.7749638 ], [ 9.0843491, 48.7748188 ], [ 9.0845216, 48.7747521 ], [ 9.0846213, 48.7746742 ], [ 9.0847826, 48.7745002 ], [ 9.0850159, 48.7742369 ], [ 9.0854043, 48.773892 ], [ 9.0856082, 48.7737162 ], [ 9.0857154, 48.7736272 ], [ 9.0857499, 48.7735906 ], [ 9.0857569, 48.773545 ], [ 9.0857442, 48.7735093 ], [ 9.0857293, 48.7734674 ], [ 9.0854356, 48.7730384 ], [ 9.0851042, 48.7726093 ], [ 9.0850834, 48.7725545 ], [ 9.0850973, 48.7724335 ], [ 9.0852543, 48.7720406 ], [ 9.0852943, 48.7719405 ], [ 9.0852978, 48.7718607 ], [ 9.0851977, 48.7717854 ], [ 9.085094, 48.7717078 ], [ 9.0849801, 48.7716598 ], [ 9.084873, 48.7716416 ], [ 9.0846208, 48.7716006 ], [ 9.0844239, 48.7715663 ], [ 9.0842892, 48.7715275 ], [ 9.0840715, 48.7714272 ], [ 9.0839817, 48.7713427 ], [ 9.0838885, 48.7711262 ], [ 9.0837184, 48.7708915 ], [ 9.0835979, 48.7707465 ], [ 9.0835518, 48.770691 ], [ 9.0833331, 48.7704266 ], [ 9.0831632, 48.7702718 ], [ 9.0830209, 48.7701123 ], [ 9.0828544, 48.7699162 ], [ 9.0827296, 48.7697978 ], [ 9.082688, 48.7697408 ], [ 9.0826601, 48.7696793 ], [ 9.0826321, 48.7696108 ], [ 9.082635, 48.7694624 ], [ 9.0826554, 48.7693551 ], [ 9.0827754, 48.7691425 ], [ 9.0828407, 48.7690534 ], [ 9.0829711, 48.7688567 ], [ 9.0831259, 48.7686555 ], [ 9.0831642, 48.7686197 ], [ 9.0830682, 48.7686168 ], [ 9.0826831, 48.7684875 ], [ 9.082517, 48.7684536 ], [ 9.0818742, 48.7683294 ], [ 9.0805763, 48.7676587 ], [ 9.0804794, 48.7676315 ], [ 9.0802756, 48.7676023 ], [ 9.0800337, 48.7675755 ], [ 9.079575, 48.7675201 ], [ 9.0784354, 48.7674184 ], [ 9.0771267, 48.7673694 ], [ 9.075742, 48.7673272 ], [ 9.0763286, 48.7663586 ], [ 9.0768978, 48.7654036 ], [ 9.0770642, 48.7651299 ], [ 9.077565, 48.7642133 ], [ 9.0776097, 48.7641424 ], [ 9.0776267, 48.7640853 ], [ 9.0776529, 48.7637154 ], [ 9.077669, 48.7633912 ], [ 9.0776792, 48.7633364 ], [ 9.0776754, 48.7632816 ], [ 9.0776684, 48.7632269 ], [ 9.0776612, 48.7631447 ], [ 9.0776298, 48.7630717 ], [ 9.07724, 48.7623123 ], [ 9.0766242, 48.7611219 ], [ 9.0763874, 48.7606064 ], [ 9.0763697, 48.7604946 ], [ 9.0762539, 48.7599926 ], [ 9.0762011, 48.7597484 ], [ 9.0761591, 48.7595842 ], [ 9.0761448, 48.7594791 ], [ 9.0761481, 48.759413 ], [ 9.0761547, 48.759349 ], [ 9.0765084, 48.757926 ], [ 9.0771656, 48.7572876 ], [ 9.0771339, 48.7571302 ], [ 9.0770284, 48.7566259 ], [ 9.077165, 48.7561872 ], [ 9.0771055, 48.7560074 ], [ 9.0769768, 48.7556181 ], [ 9.0768679, 48.7552884 ], [ 9.076771, 48.7552269 ], [ 9.0766258, 48.755152 ], [ 9.0764701, 48.7551043 ], [ 9.0762733, 48.7550796 ], [ 9.0760694, 48.7550732 ], [ 9.0758313, 48.7550851 ], [ 9.0753478, 48.7550748 ], [ 9.0752888, 48.7550041 ], [ 9.0752713, 48.7549379 ], [ 9.0752677, 48.75489 ], [ 9.075174, 48.7547829 ], [ 9.0751289, 48.7547373 ], [ 9.0747526, 48.7547678 ], [ 9.0743696, 48.7548348 ], [ 9.0741488, 48.7548878 ], [ 9.0734849, 48.7555558 ], [ 9.073088, 48.7556137 ], [ 9.0725599, 48.7556809 ], [ 9.0719137, 48.7555773 ], [ 9.071268, 48.7555672 ], [ 9.0707569, 48.7555614 ], [ 9.0700767, 48.7555856 ], [ 9.0692766, 48.7558818 ], [ 9.0689638, 48.7559768 ], [ 9.067384, 48.7560639 ], [ 9.0690368, 48.7563601 ], [ 9.0690585, 48.7566894 ], [ 9.0676757, 48.7566633 ], [ 9.0675197, 48.75648 ], [ 9.0663651, 48.7559782 ], [ 9.0658981, 48.7556941 ], [ 9.065236, 48.755386 ], [ 9.0647063, 48.7549222 ], [ 9.0642228, 48.7544327 ], [ 9.0633125, 48.7533041 ], [ 9.0628913, 48.7526085 ], [ 9.0627507, 48.7518396 ], [ 9.0626894, 48.7512763 ], [ 9.0625487, 48.7507004 ], [ 9.0622861, 48.7501188 ], [ 9.0635775, 48.7479571 ], [ 9.0678657, 48.7483421 ], [ 9.0688878, 48.7485591 ], [ 9.0683566, 48.7481525 ], [ 9.0675054, 48.7476591 ], [ 9.0673367, 48.7473036 ], [ 9.0661495, 48.7474162 ], [ 9.066111, 48.7476278 ], [ 9.0656224, 48.7477606 ], [ 9.0652825, 48.7475718 ], [ 9.0624613, 48.7474913 ], [ 9.0620576, 48.7473945 ], [ 9.061586, 48.7474807 ], [ 9.0599397, 48.7471622 ], [ 9.0598915, 48.7470271 ], [ 9.0595449, 48.7469798 ], [ 9.0584672, 48.7468714 ], [ 9.0582624, 48.7468857 ], [ 9.0560427, 48.7472143 ], [ 9.055349, 48.7475195 ], [ 9.054799, 48.7478574 ], [ 9.0526923, 48.7481374 ], [ 9.0521813, 48.7480872 ], [ 9.0509109, 48.748023 ], [ 9.0490384, 48.7478889 ], [ 9.047171, 48.7474951 ], [ 9.0465507, 48.7475003 ], [ 9.0462986, 48.7474094 ], [ 9.0457274, 48.7470999 ], [ 9.0454821, 48.7468787 ], [ 9.0453284, 48.7466559 ], [ 9.045193, 48.7464895 ], [ 9.0450782, 48.7463047 ], [ 9.0449565, 48.7461178 ], [ 9.0448142, 48.7459833 ], [ 9.0446585, 48.7458856 ], [ 9.0444749, 48.7457786 ], [ 9.0442811, 48.74569 ], [ 9.0440908, 48.7456037 ], [ 9.0439108, 48.7455173 ], [ 9.0436718, 48.7453626 ], [ 9.0433601, 48.7451464 ], [ 9.0430034, 48.7449393 ], [ 9.0426778, 48.7447232 ], [ 9.0425842, 48.7446768 ], [ 9.0422417, 48.7445072 ], [ 9.0420027, 48.744392 ], [ 9.0417607, 48.7442754 ], [ 9.0413766, 48.7441072 ], [ 9.0409165, 48.743905 ], [ 9.0404287, 48.7437052 ], [ 9.0398319, 48.7434579 ], [ 9.0397977, 48.7432434 ], [ 9.0397834, 48.743143 ], [ 9.0397517, 48.7430335 ], [ 9.0397133, 48.7429422 ], [ 9.0396438, 48.7428625 ], [ 9.0395708, 48.7427805 ], [ 9.0395013, 48.7427122 ], [ 9.0393938, 48.7426234 ], [ 9.0392795, 48.7425598 ], [ 9.0391548, 48.7424962 ], [ 9.0390372, 48.742444 ], [ 9.0389852, 48.7424076 ], [ 9.0389712, 48.7423666 ], [ 9.038936, 48.7422593 ], [ 9.0388832, 48.7420814 ], [ 9.0387819, 48.7418487 ], [ 9.0386906, 48.741575 ], [ 9.0386007, 48.741318 ] ] ] } },
{ "type": "Feature", "properties": { "bbox_west": 20.8516882, "bbox_south": 52.0978497, "bbox_east": 21.2711512, "bbox_north": 52.3681531, "place_id": 164566061, "osm_type": "relation", "osm_id": 336075, "lat": 52.2319581, "lon": 21.0067249, "class": "boundary", "type": "administrative", "place_rank": 11, "importance": 0.79001490293068644, "addresstype": "city", "name": "Warsaw", "display_name": "Warsaw, Masovian Voivodeship, Poland", "city": "Warszawa Poland" }, "geometry": { "type": "Polygon", "coordinates": [ [ [ 20.8516882, 52.2009766 ], [ 20.8516993, 52.2008382 ], [ 20.8517094, 52.2007233 ], [ 20.8517156, 52.2006806 ], [ 20.8517693, 52.2002756 ], [ 20.8518815, 52.1998318 ], [ 20.8521626, 52.1997915 ], [ 20.8521579, 52.1997211 ], [ 20.8519173, 52.1997175 ], [ 20.8520179, 52.1994383 ], [ 20.852069, 52.1993191 ], [ 20.8527231, 52.197859 ], [ 20.8530453, 52.1972557 ], [ 20.8532959, 52.1972673 ], [ 20.8533087, 52.19724 ], [ 20.853065, 52.1971952 ], [ 20.8535096, 52.1961406 ], [ 20.8539765, 52.1951712 ], [ 20.8541055, 52.1949253 ], [ 20.8543421, 52.1945846 ], [ 20.8547987, 52.1939716 ], [ 20.8561855, 52.1921062 ], [ 20.8565133, 52.1920663 ], [ 20.8567924, 52.1918366 ], [ 20.8564706, 52.191697 ], [ 20.8567125, 52.1912357 ], [ 20.8568465, 52.1908576 ], [ 20.8569543, 52.1904063 ], [ 20.8569575, 52.1899627 ], [ 20.856906, 52.1895293 ], [ 20.8567832, 52.1890848 ], [ 20.856599, 52.1886667 ], [ 20.8563318, 52.1882209 ], [ 20.8561866, 52.1880426 ], [ 20.8560102, 52.1878301 ], [ 20.8560894, 52.1876405 ], [ 20.8568004, 52.1878406 ], [ 20.8594682, 52.1885895 ], [ 20.8616347, 52.1893054 ], [ 20.8617203, 52.1892189 ], [ 20.8626555, 52.1894283 ], [ 20.8641229, 52.189809 ], [ 20.8647079, 52.1899689 ], [ 20.8646841, 52.1901993 ], [ 20.8653802, 52.190424 ], [ 20.865326, 52.1901732 ], [ 20.8665544, 52.1905918 ], [ 20.8671364, 52.1907777 ], [ 20.867138, 52.190621 ], [ 20.8671463, 52.1887032 ], [ 20.8670966, 52.1887117 ], [ 20.8671015, 52.1866089 ], [ 20.8671346, 52.1846925 ], [ 20.8671664, 52.1824966 ], [ 20.8675965, 52.1825229 ], [ 20.8679997, 52.1825474 ], [ 20.8686122, 52.1825688 ], [ 20.8691203, 52.1825662 ], [ 20.8693322, 52.1825648 ], [ 20.8700054, 52.1825118 ], [ 20.8699955, 52.1825307 ], [ 20.8707059, 52.1824757 ], [ 20.8707049, 52.1825073 ], [ 20.8712164, 52.1824853 ], [ 20.8717137, 52.1824634 ], [ 20.8717202, 52.182463 ], [ 20.87186, 52.1824555 ], [ 20.8722811, 52.1824274 ], [ 20.8722777, 52.1824116 ], [ 20.8725706, 52.1823753 ], [ 20.8727086, 52.1823683 ], [ 20.872845, 52.1823593 ], [ 20.8729595, 52.1823779 ], [ 20.8737089, 52.1823522 ], [ 20.8742021, 52.182336 ], [ 20.8744947, 52.1823375 ], [ 20.8747826, 52.1823394 ], [ 20.8747889, 52.1823427 ], [ 20.8750647, 52.1823415 ], [ 20.875248, 52.1823555 ], [ 20.875333, 52.1823853 ], [ 20.8756177, 52.1824013 ], [ 20.8757127, 52.1824068 ], [ 20.8759675, 52.182421 ], [ 20.8762358, 52.1824363 ], [ 20.8764479, 52.1824487 ], [ 20.8764486, 52.182432 ], [ 20.8769708, 52.1824489 ], [ 20.8771197, 52.1824534 ], [ 20.8776204, 52.1824648 ], [ 20.8776205, 52.18246 ], [ 20.8780737, 52.1824763 ], [ 20.8781893, 52.1824812 ], [ 20.8782605, 52.1824826 ], [ 20.8787755, 52.1825005 ], [ 20.8787698, 52.1825136 ], [ 20.8792322, 52.1825283 ], [ 20.8794119, 52.182553 ], [ 20.879801, 52.1825468 ], [ 20.879808, 52.1825392 ], [ 20.8801915, 52.1825206 ], [ 20.8802626, 52.1825166 ], [ 20.8806436, 52.1824917 ], [ 20.8811473, 52.1824807 ], [ 20.8812922, 52.1824752 ], [ 20.8816514, 52.1824734 ], [ 20.8819862, 52.1824714 ], [ 20.8823, 52.1824806 ], [ 20.8824566, 52.1824862 ], [ 20.8826127, 52.1824916 ], [ 20.882925, 52.1825032 ], [ 20.8832488, 52.1825159 ], [ 20.8833828, 52.1825206 ], [ 20.8834554, 52.1825233 ], [ 20.8838155, 52.182529 ], [ 20.8841551, 52.1825351 ], [ 20.8846823, 52.1825487 ], [ 20.885171, 52.1825584 ], [ 20.8855595, 52.1825673 ], [ 20.8857616, 52.1825663 ], [ 20.8859657, 52.1825653 ], [ 20.8863523, 52.1825641 ], [ 20.8873713, 52.1825575 ], [ 20.8879518, 52.1825542 ], [ 20.8882183, 52.1825561 ], [ 20.8888304, 52.1825542 ], [ 20.890545, 52.1825453 ], [ 20.8916414, 52.1825442 ], [ 20.8919576, 52.1825434 ], [ 20.8923079, 52.1825426 ], [ 20.8930299, 52.1825407 ], [ 20.89318, 52.1825384 ], [ 20.8932853, 52.1825374 ], [ 20.8934026, 52.1825356 ], [ 20.8935891, 52.1825414 ], [ 20.8936362, 52.1825433 ], [ 20.8936794, 52.1825462 ], [ 20.894377, 52.1825987 ], [ 20.8944772, 52.182608 ], [ 20.8945535, 52.182608 ], [ 20.8946886, 52.182609 ], [ 20.8950845, 52.182611 ], [ 20.895668, 52.1825936 ], [ 20.8956477, 52.1825693 ], [ 20.8956425, 52.1825662 ], [ 20.8956195, 52.1825394 ], [ 20.8958919, 52.182539 ], [ 20.8972806, 52.1825391 ], [ 20.897726, 52.1825408 ], [ 20.8978824, 52.1827028 ], [ 20.897894, 52.1827113 ], [ 20.8981674, 52.1829913 ], [ 20.8986529, 52.1834948 ], [ 20.8987549, 52.1835976 ], [ 20.8990626, 52.1839137 ], [ 20.8992741, 52.1841297 ], [ 20.8995177, 52.1841652 ], [ 20.8997544, 52.1842014 ], [ 20.8998278, 52.1842099 ], [ 20.9000061, 52.1842327 ], [ 20.9000326, 52.1842344 ], [ 20.9004567, 52.1842898 ], [ 20.901504, 52.1844258 ], [ 20.901597, 52.1844153 ], [ 20.9017408, 52.1843677 ], [ 20.9018882, 52.1843163 ], [ 20.9020865, 52.1842502 ], [ 20.9021511, 52.1841997 ], [ 20.9021585, 52.1841952 ], [ 20.9021876, 52.1841728 ], [ 20.9023817, 52.18411 ], [ 20.9024184, 52.184098 ], [ 20.9024251, 52.1840967 ], [ 20.9026643, 52.1840192 ], [ 20.9027063, 52.1840645 ], [ 20.9032951, 52.1840163 ], [ 20.9039064, 52.1839658 ], [ 20.9039718, 52.1841146 ], [ 20.9040829, 52.1841162 ], [ 20.904095, 52.1841164 ], [ 20.9045883, 52.1841596 ], [ 20.9047584, 52.1841738 ], [ 20.905139, 52.1842066 ], [ 20.9062172, 52.1842979 ], [ 20.9064888, 52.1843221 ], [ 20.906829, 52.1843518 ], [ 20.9072384, 52.1843873 ], [ 20.9076974, 52.1844267 ], [ 20.9078397, 52.1844393 ], [ 20.907889, 52.1844447 ], [ 20.9079542, 52.1844534 ], [ 20.9080908, 52.1844668 ], [ 20.9084191, 52.1844931 ], [ 20.9086321, 52.1845104 ], [ 20.9090422, 52.1845432 ], [ 20.9090612, 52.1847208 ], [ 20.9090873, 52.1849437 ], [ 20.9091239, 52.1851301 ], [ 20.909156, 52.1852935 ], [ 20.9091672, 52.1856473 ], [ 20.909186, 52.1857546 ], [ 20.9092087, 52.1858585 ], [ 20.9094913, 52.1858483 ], [ 20.9099813, 52.1858294 ], [ 20.9104534, 52.1858094 ], [ 20.9105906, 52.1858037 ], [ 20.9106362, 52.1858024 ], [ 20.9108527, 52.1857943 ], [ 20.9112367, 52.1857804 ], [ 20.9113464, 52.185781 ], [ 20.9116518, 52.1857896 ], [ 20.91196, 52.1857966 ], [ 20.9123399, 52.1858057 ], [ 20.9132046, 52.1858269 ], [ 20.9138741, 52.1858431 ], [ 20.9147704, 52.1858422 ], [ 20.9145509, 52.1854308 ], [ 20.9141975, 52.1847686 ], [ 20.9141889, 52.1847496 ], [ 20.9138379, 52.1840884 ], [ 20.9137284, 52.1838843 ], [ 20.9136874, 52.1838077 ], [ 20.9135872, 52.1836146 ], [ 20.9135807, 52.1836065 ], [ 20.9135631, 52.1835724 ], [ 20.9134867, 52.1834771 ], [ 20.9133641, 52.1832827 ], [ 20.9132408, 52.1830831 ], [ 20.9129872, 52.1826426 ], [ 20.9129811, 52.1826286 ], [ 20.9127779, 52.1822744 ], [ 20.9125802, 52.1819318 ], [ 20.9123854, 52.1815857 ], [ 20.9123775, 52.1815755 ], [ 20.9119623, 52.180842 ], [ 20.911807, 52.1805644 ], [ 20.9115704, 52.1801542 ], [ 20.9114641, 52.1799836 ], [ 20.9113041, 52.1797282 ], [ 20.9112676, 52.1796694 ], [ 20.9112378, 52.179594 ], [ 20.9112234, 52.1795565 ], [ 20.9113019, 52.1795419 ], [ 20.9118404, 52.179439 ], [ 20.9120404, 52.179401 ], [ 20.9123648, 52.1793402 ], [ 20.912746, 52.179268 ], [ 20.9129087, 52.1792364 ], [ 20.913024, 52.1792142 ], [ 20.9130634, 52.1792082 ], [ 20.9133176, 52.1791589 ], [ 20.9136434, 52.1790974 ], [ 20.9137919, 52.1790689 ], [ 20.9139762, 52.1790335 ], [ 20.9141601, 52.1789991 ], [ 20.9142847, 52.1789756 ], [ 20.9144382, 52.1789467 ], [ 20.914559, 52.1789244 ], [ 20.9147085, 52.1788963 ], [ 20.9150298, 52.178836 ], [ 20.9150499, 52.1788305 ], [ 20.9154171, 52.1787616 ], [ 20.9155968, 52.1787279 ], [ 20.9159993, 52.1786519 ], [ 20.9161391, 52.178625 ], [ 20.9165606, 52.1785425 ], [ 20.916984, 52.1784605 ], [ 20.917005, 52.1784579 ], [ 20.9170377, 52.1784516 ], [ 20.9169355, 52.1782093 ], [ 20.9168489, 52.1780025 ], [ 20.9167651, 52.1778051 ], [ 20.9169386, 52.1777739 ], [ 20.9169694, 52.1777701 ], [ 20.9172272, 52.1777235 ], [ 20.9176858, 52.1776386 ], [ 20.9178117, 52.1776157 ], [ 20.9182098, 52.1775424 ], [ 20.9187357, 52.1774434 ], [ 20.9186592, 52.1773533 ], [ 20.9184732, 52.1771388 ], [ 20.9183978, 52.1770552 ], [ 20.9187546, 52.176975 ], [ 20.9188843, 52.1769178 ], [ 20.9188906, 52.176916 ], [ 20.9189969, 52.1768693 ], [ 20.9191016, 52.1767556 ], [ 20.9191386, 52.1766164 ], [ 20.9191601, 52.1764686 ], [ 20.919153, 52.1762314 ], [ 20.9191471, 52.176036 ], [ 20.9191454, 52.1759882 ], [ 20.9191446, 52.1758412 ], [ 20.9191447, 52.1757226 ], [ 20.9191402, 52.175528 ], [ 20.9191363, 52.175335 ], [ 20.9191357, 52.1753255 ], [ 20.9191367, 52.1752303 ], [ 20.9191437, 52.1749408 ], [ 20.9191517, 52.1745666 ], [ 20.9191571, 52.1743027 ], [ 20.9191585, 52.1741484 ], [ 20.9191571, 52.1740121 ], [ 20.9191571, 52.1736674 ], [ 20.91916, 52.1733228 ], [ 20.9191597, 52.172795 ], [ 20.9191592, 52.1722673 ], [ 20.9191588, 52.1715762 ], [ 20.9191589, 52.1714352 ], [ 20.9191591, 52.171081 ], [ 20.9195431, 52.1710497 ], [ 20.9203324, 52.1709957 ], [ 20.9209127, 52.1709659 ], [ 20.9210759, 52.1708638 ], [ 20.9213354, 52.1707043 ], [ 20.9215906, 52.1705447 ], [ 20.9219313, 52.1701494 ], [ 20.9222524, 52.1697791 ], [ 20.9224943, 52.1697262 ], [ 20.9228417, 52.1695616 ], [ 20.9228284, 52.1694619 ], [ 20.9234265, 52.1692617 ], [ 20.9233831, 52.1689876 ], [ 20.92318, 52.1688677 ], [ 20.9235766, 52.1687656 ], [ 20.9248206, 52.1684312 ], [ 20.9247707, 52.1682982 ], [ 20.9246204, 52.167994 ], [ 20.9247098, 52.1676979 ], [ 20.9248572, 52.167664 ], [ 20.9249105, 52.1675414 ], [ 20.9249913, 52.1674826 ], [ 20.9254275, 52.167368 ], [ 20.9239422, 52.1662793 ], [ 20.925128, 52.1658926 ], [ 20.9260179, 52.1655978 ], [ 20.927104, 52.1652409 ], [ 20.9287263, 52.1647202 ], [ 20.9304862, 52.1640369 ], [ 20.9297974, 52.1633878 ], [ 20.9301588, 52.1632103 ], [ 20.9302579, 52.163169 ], [ 20.9303062, 52.1631606 ], [ 20.9304408, 52.1631076 ], [ 20.9304791, 52.163075 ], [ 20.9317444, 52.1625179 ], [ 20.9317596, 52.1625018 ], [ 20.9318856, 52.1624626 ], [ 20.9328146, 52.1620528 ], [ 20.9328332, 52.1620511 ], [ 20.9329584, 52.1620005 ], [ 20.9329507, 52.161994 ], [ 20.9349707, 52.1611775 ], [ 20.9362578, 52.16066 ], [ 20.9366334, 52.1605104 ], [ 20.9369095, 52.1604044 ], [ 20.9373573, 52.1602341 ], [ 20.9375673, 52.1601613 ], [ 20.9378129, 52.1600841 ], [ 20.9394442, 52.1595943 ], [ 20.9394431, 52.1595863 ], [ 20.9403955, 52.159298 ], [ 20.9408776, 52.1591423 ], [ 20.9415373, 52.1589395 ], [ 20.9422966, 52.1587266 ], [ 20.9428965, 52.1585584 ], [ 20.9430236, 52.1585242 ], [ 20.9433441, 52.1584502 ], [ 20.9437327, 52.1583707 ], [ 20.944589, 52.1582084 ], [ 20.9449935, 52.158095 ], [ 20.945326, 52.1579608 ], [ 20.9457552, 52.1577407 ], [ 20.9461439, 52.1575473 ], [ 20.946561, 52.1573493 ], [ 20.947026, 52.1571773 ], [ 20.9477006, 52.1570121 ], [ 20.9481361, 52.1569405 ], [ 20.9519677, 52.1563834 ], [ 20.9533825, 52.1561813 ], [ 20.9537622, 52.1561386 ], [ 20.9537533, 52.1557395 ], [ 20.9537402, 52.155277 ], [ 20.953723, 52.1549574 ], [ 20.9537361, 52.1547936 ], [ 20.9537693, 52.1537228 ], [ 20.9537709, 52.1536112 ], [ 20.9537593, 52.1533583 ], [ 20.9537703, 52.1529897 ], [ 20.9539845, 52.1529701 ], [ 20.9547579, 52.1526786 ], [ 20.9550771, 52.1524621 ], [ 20.9555572, 52.1521362 ], [ 20.9557852, 52.1520194 ], [ 20.9559877, 52.1518993 ], [ 20.9564558, 52.1514623 ], [ 20.9567441, 52.1513389 ], [ 20.9569868, 52.1512056 ], [ 20.957534, 52.1507489 ], [ 20.9580973, 52.1502874 ], [ 20.9583119, 52.1501169 ], [ 20.9588801, 52.1497951 ], [ 20.9592681, 52.1495845 ], [ 20.9598233, 52.1493376 ], [ 20.9603273, 52.1490926 ], [ 20.9614259, 52.1485666 ], [ 20.9615967, 52.1485007 ], [ 20.9628959, 52.1480194 ], [ 20.9631816, 52.1479154 ], [ 20.9634386, 52.1478218 ], [ 20.96502, 52.1472507 ], [ 20.9660989, 52.1468699 ], [ 20.9664699, 52.1467316 ], [ 20.9679314, 52.1461217 ], [ 20.9695904, 52.1455285 ], [ 20.969904, 52.1454449 ], [ 20.9706247, 52.1453032 ], [ 20.971026, 52.1452136 ], [ 20.9726994, 52.1448648 ], [ 20.9733037, 52.1447323 ], [ 20.9743403, 52.1445524 ], [ 20.9748442, 52.1444681 ], [ 20.9756001, 52.1442963 ], [ 20.9771686, 52.1437714 ], [ 20.9778471, 52.1434804 ], [ 20.9781392, 52.1432811 ], [ 20.9785412, 52.1431668 ], [ 20.9786461, 52.143138 ], [ 20.9793777, 52.1427176 ], [ 20.9800584, 52.1422895 ], [ 20.981194, 52.1416532 ], [ 20.981553, 52.141473 ], [ 20.98198, 52.1412636 ], [ 20.9824759, 52.1410101 ], [ 20.9834464, 52.1404818 ], [ 20.9835564, 52.1402355 ], [ 20.9838223, 52.139966 ], [ 20.9850342, 52.1390784 ], [ 20.9809974, 52.133859 ], [ 20.9810756, 52.1338511 ], [ 20.9810762, 52.133851 ], [ 20.9806864, 52.1333444 ], [ 20.9803962, 52.1329671 ], [ 20.980343, 52.1328976 ], [ 20.9802931, 52.1328724 ], [ 20.9801788, 52.1328161 ], [ 20.980106, 52.1326688 ], [ 20.9800791, 52.1319326 ], [ 20.9800578, 52.1313473 ], [ 20.9800263, 52.1310231 ], [ 20.9799575, 52.1302737 ], [ 20.9799855, 52.1301108 ], [ 20.9800053, 52.1299965 ], [ 20.9799768, 52.1294352 ], [ 20.9799465, 52.1289463 ], [ 20.9798896, 52.1280748 ], [ 20.9799016, 52.1280186 ], [ 20.9801799, 52.1276337 ], [ 20.9801815, 52.1273417 ], [ 20.9803259, 52.1271664 ], [ 20.9812596, 52.1260585 ], [ 20.9816792, 52.1255191 ], [ 20.9823271, 52.1246398 ], [ 20.9829841, 52.1237839 ], [ 20.9890427, 52.1236463 ], [ 20.9871356, 52.12212 ], [ 20.9852038, 52.1206079 ], [ 20.9850736, 52.1204422 ], [ 20.985103, 52.1202337 ], [ 20.9852524, 52.1199625 ], [ 20.9853664, 52.1197556 ], [ 20.9863804, 52.1176279 ], [ 20.987241, 52.115829 ], [ 20.9872967, 52.1157322 ], [ 20.9871103, 52.1156157 ], [ 20.9845238, 52.1127428 ], [ 20.9837967, 52.1118773 ], [ 20.9837353, 52.1117729 ], [ 20.9837241, 52.1116899 ], [ 20.9843643, 52.1111212 ], [ 20.9845838, 52.1109686 ], [ 20.9849233, 52.1108845 ], [ 20.9866955, 52.1105606 ], [ 20.9865089, 52.1100848 ], [ 20.9864655, 52.1099249 ], [ 20.9844793, 52.1056199 ], [ 20.9873598, 52.1051391 ], [ 20.9868586, 52.1039026 ], [ 20.9915988, 52.103114 ], [ 20.9918567, 52.1031648 ], [ 20.9918907, 52.1033589 ], [ 20.9919232, 52.1034578 ], [ 20.9919505, 52.1034575 ], [ 20.991969, 52.1034578 ], [ 20.9934136, 52.1034796 ], [ 20.9977824, 52.1035378 ], [ 20.9994369, 52.1035598 ], [ 21.0014828, 52.1035802 ], [ 21.0049642, 52.1036075 ], [ 21.007672, 52.1036276 ], [ 21.0087755, 52.1036334 ], [ 21.0099407, 52.1036441 ], [ 21.0116646, 52.103659 ], [ 21.0133207, 52.1036734 ], [ 21.0151682, 52.1036789 ], [ 21.0186851, 52.1037181 ], [ 21.0186418, 52.1060485 ], [ 21.0216657, 52.1061103 ], [ 21.0229, 52.1061021 ], [ 21.0242142, 52.1061131 ], [ 21.0263162, 52.1061555 ], [ 21.0284618, 52.1061718 ], [ 21.0293574, 52.1061662 ], [ 21.0300987, 52.106179 ], [ 21.0306027, 52.1061793 ], [ 21.0314237, 52.1061917 ], [ 21.0327537, 52.1062156 ], [ 21.0340201, 52.1062111 ], [ 21.0340438, 52.1061842 ], [ 21.0355033, 52.1061899 ], [ 21.0357985, 52.1064403 ], [ 21.0351987, 52.1067653 ], [ 21.0370804, 52.1080683 ], [ 21.0370859, 52.1081232 ], [ 21.0373938, 52.1081162 ], [ 21.037546, 52.1081855 ], [ 21.037907, 52.1082974 ], [ 21.0380443, 52.1083507 ], [ 21.0380764, 52.1083609 ], [ 21.0380911, 52.1083783 ], [ 21.0381059, 52.1084013 ], [ 21.0379674, 52.1085482 ], [ 21.038065, 52.1086364 ], [ 21.0382034, 52.1087723 ], [ 21.0383998, 52.1089847 ], [ 21.0420076, 52.1113164 ], [ 21.0418411, 52.1114289 ], [ 21.0419325, 52.1116752 ], [ 21.041996, 52.1118017 ], [ 21.0420403, 52.1118948 ], [ 21.0421611, 52.1120098 ], [ 21.0422753, 52.1120987 ], [ 21.0436154, 52.1129037 ], [ 21.0437152, 52.1129627 ], [ 21.0446196, 52.1126763 ], [ 21.0461023, 52.1119854 ], [ 21.046689, 52.1116071 ], [ 21.0473913, 52.111189 ], [ 21.048007, 52.1108728 ], [ 21.048337, 52.1107051 ], [ 21.0486608, 52.1102602 ], [ 21.0489758, 52.1100641 ], [ 21.0504527, 52.109153 ], [ 21.0507714, 52.1090266 ], [ 21.0515815, 52.1087051 ], [ 21.0519592, 52.1085672 ], [ 21.0525076, 52.1084072 ], [ 21.0542913, 52.1080459 ], [ 21.0550204, 52.107908 ], [ 21.0561908, 52.1076446 ], [ 21.0565289, 52.1077254 ], [ 21.0580385, 52.1072046 ], [ 21.058401, 52.1070501 ], [ 21.060349, 52.106288 ], [ 21.0623247, 52.1054234 ], [ 21.0630081, 52.105026 ], [ 21.0640162, 52.1045157 ], [ 21.0644851, 52.1043154 ], [ 21.0657152, 52.1039051 ], [ 21.0670805, 52.1033064 ], [ 21.0682544, 52.1027145 ], [ 21.0691725, 52.1022724 ], [ 21.0694581, 52.1021687 ], [ 21.0700025, 52.1020088 ], [ 21.0709806, 52.1016346 ], [ 21.0721994, 52.1011143 ], [ 21.0725424, 52.1009856 ], [ 21.0742097, 52.1003602 ], [ 21.0759197, 52.0995233 ], [ 21.0767944, 52.099219 ], [ 21.0776379, 52.0986451 ], [ 21.0783069, 52.0982911 ], [ 21.0787528, 52.0981184 ], [ 21.0796285, 52.0979216 ], [ 21.0796923, 52.0979137 ], [ 21.0798559, 52.0978926 ], [ 21.0799782, 52.0979091 ], [ 21.0799785, 52.0979092 ], [ 21.0799755, 52.0978497 ], [ 21.0823771, 52.0985258 ], [ 21.0826463, 52.0986802 ], [ 21.0829863, 52.0989468 ], [ 21.0832696, 52.0992273 ], [ 21.0836129, 52.0995944 ], [ 21.0850452, 52.1015221 ], [ 21.0854166, 52.1018622 ], [ 21.0855956, 52.1020029 ], [ 21.0866302, 52.1028208 ], [ 21.0870176, 52.1030681 ], [ 21.0874853, 52.1033004 ], [ 21.0893317, 52.1039457 ], [ 21.0913149, 52.1044828 ], [ 21.0918342, 52.1046163 ], [ 21.0918924, 52.1046436 ], [ 21.0923651, 52.104642 ], [ 21.0941774, 52.1044811 ], [ 21.0948313, 52.1044824 ], [ 21.0954401, 52.1045067 ], [ 21.0959625, 52.1045498 ], [ 21.0967368, 52.1046779 ], [ 21.0977962, 52.1047873 ], [ 21.0999239, 52.1051636 ], [ 21.1001213, 52.1051789 ], [ 21.1006737, 52.105366 ], [ 21.1013316, 52.1056338 ], [ 21.1015562, 52.1056851 ], [ 21.1017943, 52.105709 ], [ 21.1024193, 52.1056776 ], [ 21.1035369, 52.1057564 ], [ 21.103492, 52.1058663 ], [ 21.1031827, 52.1061733 ], [ 21.1029495, 52.1064067 ], [ 21.1025211, 52.1069248 ], [ 21.1021718, 52.1072735 ], [ 21.1020263, 52.1073956 ], [ 21.1018739, 52.1075074 ], [ 21.1015826, 52.1076854 ], [ 21.1018287, 52.107816 ], [ 21.1015826, 52.1079336 ], [ 21.101396, 52.1080063 ], [ 21.1011874, 52.1080764 ], [ 21.1009079, 52.1081382 ], [ 21.1006584, 52.1081734 ], [ 21.1001, 52.1083526 ], [ 21.1019276, 52.1092301 ], [ 21.1047665, 52.1106291 ], [ 21.1056054, 52.1110372 ], [ 21.1073159, 52.1118694 ], [ 21.1085915, 52.1124874 ], [ 21.1088967, 52.1126279 ], [ 21.1096235, 52.1129595 ], [ 21.109964, 52.1131099 ], [ 21.1100967, 52.1131685 ], [ 21.1087432, 52.1145942 ], [ 21.1098789, 52.1151371 ], [ 21.1104425, 52.1153838 ], [ 21.1108582, 52.115576 ], [ 21.1117036, 52.1160209 ], [ 21.1162309, 52.1188673 ], [ 21.1166437, 52.1187389 ], [ 21.1174767, 52.1185827 ], [ 21.1180088, 52.1185412 ], [ 21.1189512, 52.1187593 ], [ 21.1197809, 52.1189796 ], [ 21.1203032, 52.1192066 ], [ 21.1207308, 52.1193073 ], [ 21.1218869, 52.1197125 ], [ 21.122384, 52.1200471 ], [ 21.1226214, 52.1202895 ], [ 21.1228528, 52.1204292 ], [ 21.1237163, 52.1210269 ], [ 21.1246817, 52.1219274 ], [ 21.1250278, 52.1222996 ], [ 21.1250473, 52.1224041 ], [ 21.1251306, 52.1225179 ], [ 21.1253213, 52.1227325 ], [ 21.1254615, 52.1230349 ], [ 21.1257848, 52.1237302 ], [ 21.1259705, 52.1240007 ], [ 21.12605, 52.1241852 ], [ 21.1264776, 52.1241617 ], [ 21.1265588, 52.1244179 ], [ 21.1265078, 52.1245057 ], [ 21.1266385, 52.1249362 ], [ 21.1268133, 52.1251819 ], [ 21.1269209, 52.1255116 ], [ 21.1270618, 52.1258047 ], [ 21.1272253, 52.1260027 ], [ 21.1276903, 52.1262613 ], [ 21.1279132, 52.1263317 ], [ 21.1283182, 52.1265311 ], [ 21.1285666, 52.1266312 ], [ 21.1288819, 52.1268461 ], [ 21.1291912, 52.1270271 ], [ 21.1295637, 52.127181 ], [ 21.1300198, 52.1268594 ], [ 21.1307112, 52.1255708 ], [ 21.1307541, 52.1254355 ], [ 21.1311953, 52.1252251 ], [ 21.1315664, 52.1248887 ], [ 21.1323389, 52.1236866 ], [ 21.132455, 52.1232589 ], [ 21.1332226, 52.1230068 ], [ 21.1339775, 52.123174 ], [ 21.1347034, 52.1234277 ], [ 21.1350352, 52.1252119 ], [ 21.1352736, 52.1261843 ], [ 21.1354501, 52.1264911 ], [ 21.135734, 52.1273685 ], [ 21.1360098, 52.1278725 ], [ 21.1365386, 52.1285212 ], [ 21.1367888, 52.1287724 ], [ 21.1370811, 52.1290304 ], [ 21.1379271, 52.1299444 ], [ 21.1381821, 52.1302199 ], [ 21.1389039, 52.1310846 ], [ 21.1387616, 52.131089 ], [ 21.1386603, 52.1311846 ], [ 21.1387203, 52.1313222 ], [ 21.1388935, 52.1314514 ], [ 21.1389454, 52.1314671 ], [ 21.1391637, 52.131533 ], [ 21.1394171, 52.1315679 ], [ 21.140134, 52.1315761 ], [ 21.1402356, 52.1317554 ], [ 21.1405123, 52.1319694 ], [ 21.1405488, 52.1324023 ], [ 21.1402896, 52.1325938 ], [ 21.1401238, 52.1329471 ], [ 21.1403444, 52.1329839 ], [ 21.1412, 52.1331953 ], [ 21.1442433, 52.1349289 ], [ 21.145039, 52.1354525 ], [ 21.147331, 52.137894 ], [ 21.1479425, 52.1385145 ], [ 21.1482488, 52.1386824 ], [ 21.1487676, 52.1389772 ], [ 21.1494674, 52.1394126 ], [ 21.1500968, 52.1397436 ], [ 21.150226, 52.1397627 ], [ 21.150488, 52.1398565 ], [ 21.1516442, 52.1397589 ], [ 21.1528055, 52.1398901 ], [ 21.1532957, 52.1399665 ], [ 21.153852, 52.140132 ], [ 21.1540604, 52.1404061 ], [ 21.1540693, 52.140492 ], [ 21.1537758, 52.1408949 ], [ 21.1531407, 52.142505 ], [ 21.1546934, 52.1435998 ], [ 21.1593942, 52.1441262 ], [ 21.1649579, 52.1447269 ], [ 21.1681698, 52.1450819 ], [ 21.1714229, 52.1454415 ], [ 21.1736957, 52.1460949 ], [ 21.1759238, 52.1467344 ], [ 21.1758534, 52.1484592 ], [ 21.1783362, 52.1488724 ], [ 21.1833561, 52.1496827 ], [ 21.18586, 52.1500902 ], [ 21.1884023, 52.1505113 ], [ 21.1886233, 52.1494776 ], [ 21.1888722, 52.1495018 ], [ 21.1910249, 52.1497117 ], [ 21.1925082, 52.1498506 ], [ 21.1944371, 52.1500306 ], [ 21.19597, 52.1501715 ], [ 21.1973011, 52.1502938 ], [ 21.2011486, 52.1506473 ], [ 21.2017741, 52.1507414 ], [ 21.202705, 52.1508797 ], [ 21.2042506, 52.1510324 ], [ 21.2085513, 52.1514424 ], [ 21.2120774, 52.1518599 ], [ 21.2130722, 52.1519777 ], [ 21.2147367, 52.1521748 ], [ 21.2150705, 52.1518354 ], [ 21.2189825, 52.1533177 ], [ 21.2195387, 52.1538321 ], [ 21.2238999, 52.1554039 ], [ 21.2285927, 52.1569396 ], [ 21.2308892, 52.1576728 ], [ 21.2321985, 52.1580979 ], [ 21.2347234, 52.1589097 ], [ 21.2349627, 52.1588066 ], [ 21.2357484, 52.1584682 ], [ 21.23647, 52.1581573 ], [ 21.2378465, 52.1575975 ], [ 21.2391889, 52.1570308 ], [ 21.2395318, 52.1568878 ], [ 21.2413768, 52.1561182 ], [ 21.2424528, 52.1556678 ], [ 21.2450716, 52.1545636 ], [ 21.2469781, 52.1537726 ], [ 21.2487517, 52.153036 ], [ 21.2471387, 52.1516416 ], [ 21.251401, 52.1494508 ], [ 21.254925, 52.1476024 ], [ 21.2554002, 52.1473566 ], [ 21.2557405, 52.1471717 ], [ 21.2563994, 52.147722 ], [ 21.2620742, 52.1524619 ], [ 21.262131, 52.1525189 ], [ 21.2624304, 52.1527931 ], [ 21.2625793, 52.1531019 ], [ 21.25405, 52.1573786 ], [ 21.2550656, 52.1582347 ], [ 21.2555531, 52.15865 ], [ 21.255901, 52.1592419 ], [ 21.2561067, 52.1596882 ], [ 21.2565365, 52.1605737 ], [ 21.2590347, 52.1615063 ], [ 21.2603685, 52.1620232 ], [ 21.2606826, 52.162967 ], [ 21.261037, 52.1643864 ], [ 21.2610566, 52.1645059 ], [ 21.2611601, 52.1650467 ], [ 21.2612432, 52.1653839 ], [ 21.2614586, 52.1657492 ], [ 21.2623503, 52.1666219 ], [ 21.2631138, 52.1673823 ], [ 21.2676862, 52.1674483 ], [ 21.2676167, 52.1684102 ], [ 21.2707912, 52.1685378 ], [ 21.270317, 52.1695548 ], [ 21.2675262, 52.170125 ], [ 21.2673353, 52.1733167 ], [ 21.2695689, 52.1733596 ], [ 21.2699594, 52.1720427 ], [ 21.2711512, 52.1721505 ], [ 21.2710231, 52.1740099 ], [ 21.2700372, 52.1739435 ], [ 21.2641222, 52.1789028 ], [ 21.2606317, 52.1818287 ], [ 21.259765, 52.1825552 ], [ 21.2633792, 52.1839754 ], [ 21.2642151, 52.1848201 ], [ 21.2653835, 52.1860007 ], [ 21.2402289, 52.19588 ], [ 21.2429848, 52.1983838 ], [ 21.2430056, 52.1993298 ], [ 21.2451649, 52.2003041 ], [ 21.2457331, 52.2008629 ], [ 21.2509495, 52.2024936 ], [ 21.2503126, 52.2030372 ], [ 21.2485905, 52.2042334 ], [ 21.2482352, 52.20598 ], [ 21.2490897, 52.2069595 ], [ 21.25059, 52.2077556 ], [ 21.2522244, 52.2084657 ], [ 21.2541429, 52.2094346 ], [ 21.2568022, 52.2095773 ], [ 21.2598216, 52.2098999 ], [ 21.2612073, 52.2098553 ], [ 21.2614423, 52.2099588 ], [ 21.2615385, 52.2100012 ], [ 21.2617274, 52.2100733 ], [ 21.2610023, 52.2108311 ], [ 21.260592, 52.2112599 ], [ 21.256188, 52.2160372 ], [ 21.2543146, 52.2180693 ], [ 21.2541555, 52.2182434 ], [ 21.2539061, 52.2185162 ], [ 21.2538837, 52.2185491 ], [ 21.2513972, 52.2212608 ], [ 21.2509702, 52.221721 ], [ 21.2506625, 52.2220526 ], [ 21.2505312, 52.2222011 ], [ 21.2505001, 52.2222358 ], [ 21.2503208, 52.2224848 ], [ 21.2504899, 52.2225607 ], [ 21.2494574, 52.2225582 ], [ 21.2494649, 52.222825 ], [ 21.2494716, 52.2229802 ], [ 21.2495922, 52.2239362 ], [ 21.2502548, 52.2302776 ], [ 21.2504281, 52.2319276 ], [ 21.2514769, 52.2328153 ], [ 21.2527977, 52.2339331 ], [ 21.2543814, 52.2352734 ], [ 21.2547692, 52.2387333 ], [ 21.2542492, 52.238674 ], [ 21.2537241, 52.2385853 ], [ 21.253135, 52.2384371 ], [ 21.2525524, 52.2382691 ], [ 21.252272, 52.2381728 ], [ 21.2521285, 52.2381235 ], [ 21.2515872, 52.2379293 ], [ 21.2512576, 52.2377874 ], [ 21.249771, 52.2370417 ], [ 21.2493509, 52.2368369 ], [ 21.2487816, 52.2366022 ], [ 21.2482534, 52.2365348 ], [ 21.2476468, 52.2364791 ], [ 21.2464646, 52.236227 ], [ 21.24597, 52.2361546 ], [ 21.2452727, 52.236068 ], [ 21.2446048, 52.2360356 ], [ 21.2439746, 52.2360234 ], [ 21.2436626, 52.2360427 ], [ 21.2420959, 52.2362042 ], [ 21.2394668, 52.236256 ], [ 21.2385398, 52.2418478 ], [ 21.2382563, 52.2433816 ], [ 21.2381873, 52.2437515 ], [ 21.2379493, 52.2450274 ], [ 21.2416832, 52.2452217 ], [ 21.2434404, 52.2453262 ], [ 21.2461235, 52.2454397 ], [ 21.2480871, 52.2455414 ], [ 21.2496927, 52.2456219 ], [ 21.2524854, 52.2457095 ], [ 21.2537169, 52.2457622 ], [ 21.2541342, 52.2489692 ], [ 21.2545701, 52.2525767 ], [ 21.2545834, 52.2526825 ], [ 21.2546321, 52.2530713 ], [ 21.2546444, 52.2531691 ], [ 21.2524298, 52.2532707 ], [ 21.2504688, 52.2626919 ], [ 21.1924317, 52.2563868 ], [ 21.1904832, 52.2561751 ], [ 21.1793435, 52.2567023 ], [ 21.1805486, 52.257042 ], [ 21.1811787, 52.2572374 ], [ 21.1817417, 52.2574773 ], [ 21.1823375, 52.2578002 ], [ 21.1827875, 52.2580954 ], [ 21.1832313, 52.2584421 ], [ 21.1834476, 52.2586654 ], [ 21.1835858, 52.2588095 ], [ 21.1838955, 52.2591744 ], [ 21.1841129, 52.2595487 ], [ 21.1842894, 52.2599215 ], [ 21.1844221, 52.2604327 ], [ 21.1845595, 52.2611816 ], [ 21.1850892, 52.2651573 ], [ 21.1850954, 52.2653617 ], [ 21.1850698, 52.265797 ], [ 21.1849832, 52.2662504 ], [ 21.1848139, 52.266677 ], [ 21.1847411, 52.2668129 ], [ 21.1845931, 52.2670645 ], [ 21.184395, 52.267337 ], [ 21.1842162, 52.2675561 ], [ 21.1839913, 52.2677867 ], [ 21.1835244, 52.268139 ], [ 21.1829866, 52.2685141 ], [ 21.1816636, 52.2692251 ], [ 21.1803611, 52.2698988 ], [ 21.1789441, 52.2706353 ], [ 21.1777568, 52.2712825 ], [ 21.1774507, 52.2714528 ], [ 21.1768586, 52.2718346 ], [ 21.1759749, 52.2724546 ], [ 21.1753473, 52.272946 ], [ 21.1730183, 52.2749737 ], [ 21.1723122, 52.2755575 ], [ 21.1716538, 52.2760655 ], [ 21.1712433, 52.2764364 ], [ 21.1711802, 52.276495 ], [ 21.1706708, 52.2769674 ], [ 21.1710249, 52.2772388 ], [ 21.171183, 52.2773209 ], [ 21.1712117, 52.2775385 ], [ 21.1717378, 52.2815339 ], [ 21.1724498, 52.2867604 ], [ 21.1722248, 52.28678 ], [ 21.1714656, 52.28925 ], [ 21.1692161, 52.2911062 ], [ 21.1686153, 52.2910178 ], [ 21.1675872, 52.2908174 ], [ 21.1665203, 52.2906318 ], [ 21.166079, 52.2905099 ], [ 21.1655424, 52.2903855 ], [ 21.1651537, 52.2902287 ], [ 21.1644746, 52.2898063 ], [ 21.1643189, 52.2897155 ], [ 21.1640212, 52.2893644 ], [ 21.1638146, 52.2891183 ], [ 21.1631982, 52.2884196 ], [ 21.1630548, 52.2881756 ], [ 21.1627659, 52.2875909 ], [ 21.1621946, 52.2866327 ], [ 21.1620095, 52.2863734 ], [ 21.1614268, 52.2857443 ], [ 21.1614918, 52.2856786 ], [ 21.1612111, 52.2854939 ], [ 21.1608749, 52.2852961 ], [ 21.1605866, 52.2851265 ], [ 21.1597149, 52.2847712 ], [ 21.1591302, 52.2846178 ], [ 21.1581699, 52.2843684 ], [ 21.1570622, 52.2840739 ], [ 21.1560805, 52.2838187 ], [ 21.1556218, 52.283699 ], [ 21.1542565, 52.2827657 ], [ 21.1528672, 52.2820864 ], [ 21.1515582, 52.2814579 ], [ 21.1507455, 52.2806128 ], [ 21.1490504, 52.2793525 ], [ 21.1418726, 52.2785083 ], [ 21.1414622, 52.2784582 ], [ 21.1403628, 52.2783246 ], [ 21.1371421, 52.277933 ], [ 21.1278388, 52.2767648 ], [ 21.123895, 52.2762753 ], [ 21.1230168, 52.2761657 ], [ 21.1219738, 52.2760333 ], [ 21.121645, 52.2759915 ], [ 21.1205085, 52.2758525 ], [ 21.1198203, 52.275767 ], [ 21.1166622, 52.2754013 ], [ 21.1127593, 52.274919 ], [ 21.1078749, 52.274346 ], [ 21.1050091, 52.2739945 ], [ 21.1041795, 52.2758708 ], [ 21.1041477, 52.2759422 ], [ 21.1037838, 52.2767606 ], [ 21.102837, 52.2788902 ], [ 21.1025733, 52.27949 ], [ 21.1017289, 52.2813829 ], [ 21.1007507, 52.2835992 ], [ 21.1005241, 52.2840927 ], [ 21.1002832, 52.2847835 ], [ 21.0991361, 52.2862175 ], [ 21.098925, 52.2864846 ], [ 21.0983012, 52.2862194 ], [ 21.0980905, 52.2861418 ], [ 21.0980692, 52.2861769 ], [ 21.0958373, 52.2862598 ], [ 21.0957128, 52.2865167 ], [ 21.0950453, 52.2878344 ], [ 21.0949382, 52.288063 ], [ 21.0949168, 52.288097 ], [ 21.0952012, 52.2881613 ], [ 21.0935139, 52.2898527 ], [ 21.0913277, 52.2920206 ], [ 21.0895718, 52.2937873 ], [ 21.0882509, 52.2951054 ], [ 21.0877959, 52.2955571 ], [ 21.0875736, 52.2955137 ], [ 21.0856606, 52.2989915 ], [ 21.0855643, 52.2991666 ], [ 21.0855082, 52.2992832 ], [ 21.0853939, 52.2995151 ], [ 21.0842806, 52.3015579 ], [ 21.0835702, 52.3028548 ], [ 21.0855129, 52.3032476 ], [ 21.0854736, 52.3033 ], [ 21.0848887, 52.3045743 ], [ 21.0846185, 52.3051525 ], [ 21.0842251, 52.3059979 ], [ 21.0835975, 52.3073934 ], [ 21.0834276, 52.3077712 ], [ 21.0828283, 52.3090565 ], [ 21.0826685, 52.3097865 ], [ 21.0820196, 52.3113365 ], [ 21.0820137, 52.3113774 ], [ 21.082006, 52.3114273 ], [ 21.0821201, 52.3114355 ], [ 21.0810458, 52.3140293 ], [ 21.0799741, 52.3166107 ], [ 21.0789964, 52.3189941 ], [ 21.0786656, 52.3198669 ], [ 21.077784, 52.3219659 ], [ 21.0791273, 52.3221712 ], [ 21.0796391, 52.3222623 ], [ 21.0810725, 52.3224607 ], [ 21.0813864, 52.3225373 ], [ 21.0815555, 52.3225507 ], [ 21.082498, 52.322691 ], [ 21.0828604, 52.3227526 ], [ 21.083153, 52.3228058 ], [ 21.0837862, 52.3228811 ], [ 21.0841961, 52.3229433 ], [ 21.0846927, 52.3230186 ], [ 21.0852647, 52.3231179 ], [ 21.0858515, 52.3232061 ], [ 21.0873191, 52.3234084 ], [ 21.0873727, 52.3234252 ], [ 21.0874454, 52.3234419 ], [ 21.0877893, 52.323495 ], [ 21.0878365, 52.3235203 ], [ 21.0882267, 52.3235565 ], [ 21.0885116, 52.3236128 ], [ 21.0885713, 52.3236174 ], [ 21.0888027, 52.3236604 ], [ 21.0891262, 52.3237061 ], [ 21.0895164, 52.3237659 ], [ 21.0894899, 52.3238499 ], [ 21.0888993, 52.3253327 ], [ 21.0888748, 52.325381 ], [ 21.0888694, 52.3254125 ], [ 21.088439, 52.3264856 ], [ 21.0883389, 52.3266588 ], [ 21.0883143, 52.326754 ], [ 21.0883187, 52.3267755 ], [ 21.0883035, 52.3267901 ], [ 21.0877994, 52.3280173 ], [ 21.0877373, 52.3282191 ], [ 21.0875304, 52.3285605 ], [ 21.0874228, 52.328797 ], [ 21.0873802, 52.3289234 ], [ 21.0871029, 52.3295858 ], [ 21.0869694, 52.3299105 ], [ 21.0868585, 52.3301671 ], [ 21.0868043, 52.330253 ], [ 21.0867439, 52.330305 ], [ 21.0867669, 52.3303513 ], [ 21.0865276, 52.3308553 ], [ 21.0863082, 52.3313021 ], [ 21.0862801, 52.3313594 ], [ 21.0861817, 52.3317538 ], [ 21.0860688, 52.3319306 ], [ 21.0860413, 52.3319736 ], [ 21.0877646, 52.3322995 ], [ 21.0875156, 52.3328634 ], [ 21.086677, 52.3327395 ], [ 21.085996, 52.3340275 ], [ 21.0857287, 52.3346014 ], [ 21.0852024, 52.3374025 ], [ 21.084017, 52.3373804 ], [ 21.0832829, 52.3373521 ], [ 21.082453, 52.3373499 ], [ 21.0815352, 52.3409255 ], [ 21.0808788, 52.3431249 ], [ 21.0820505, 52.3432059 ], [ 21.0846747, 52.343429 ], [ 21.0858974, 52.3435134 ], [ 21.0816998, 52.3541398 ], [ 21.0786595, 52.3536633 ], [ 21.0786365, 52.3537167 ], [ 21.0762346, 52.3593014 ], [ 21.0771067, 52.3594388 ], [ 21.0738087, 52.3672883 ], [ 21.0703674, 52.3667503 ], [ 21.0659794, 52.3660104 ], [ 21.0660352, 52.3661799 ], [ 21.063705, 52.3655857 ], [ 21.061263, 52.3658247 ], [ 21.0610813, 52.3646646 ], [ 21.0606487, 52.3625502 ], [ 21.0574775, 52.3627618 ], [ 21.0539696, 52.3630639 ], [ 21.0492175, 52.3616987 ], [ 21.0490626, 52.3622059 ], [ 21.0486286, 52.3636262 ], [ 21.0464621, 52.3638125 ], [ 21.0462641, 52.3638062 ], [ 21.044568, 52.3640014 ], [ 21.0445219, 52.3639866 ], [ 21.0408435, 52.3628231 ], [ 21.0379555, 52.3624782 ], [ 21.037805, 52.3624602 ], [ 21.0338561, 52.3619774 ], [ 21.0332353, 52.3619085 ], [ 21.0328286, 52.3618634 ], [ 21.0321935, 52.3617929 ], [ 21.030674, 52.3616041 ], [ 21.0294883, 52.362946 ], [ 21.0294354, 52.3630058 ], [ 21.0282301, 52.3643698 ], [ 21.0281525, 52.3644597 ], [ 21.0275749, 52.3651292 ], [ 21.0266704, 52.3645283 ], [ 21.0259645, 52.3639157 ], [ 21.0254924, 52.3635743 ], [ 21.0254413, 52.3635178 ], [ 21.0252516, 52.3632491 ], [ 21.0252196, 52.3631201 ], [ 21.0251632, 52.362329 ], [ 21.0252084, 52.3621023 ], [ 21.0252259, 52.3619454 ], [ 21.0252126, 52.3618561 ], [ 21.0251203, 52.3615855 ], [ 21.0248627, 52.3609037 ], [ 21.0245898, 52.3604543 ], [ 21.0243872, 52.3601442 ], [ 21.0241823, 52.3598822 ], [ 21.0241572, 52.3598071 ], [ 21.0239756, 52.3590538 ], [ 21.0239399, 52.358931 ], [ 21.023857, 52.3588095 ], [ 21.023612, 52.3584626 ], [ 21.0234029, 52.3578637 ], [ 21.0233318, 52.357635 ], [ 21.0233445, 52.3574076 ], [ 21.0225153, 52.3571363 ], [ 21.0210171, 52.3564915 ], [ 21.0208247, 52.3568203 ], [ 21.0206887, 52.3569547 ], [ 21.017104, 52.3565171 ], [ 21.014466, 52.3561582 ], [ 21.013416, 52.3560796 ], [ 21.0134859, 52.3565048 ], [ 21.0133272, 52.3568668 ], [ 21.013258, 52.3568632 ], [ 21.0121228, 52.3568049 ], [ 21.0116673, 52.3567815 ], [ 21.0108638, 52.3568233 ], [ 21.0094879, 52.3567963 ], [ 21.0087791, 52.3570342 ], [ 21.0080694, 52.3582501 ], [ 21.0082206, 52.3601628 ], [ 21.0079387, 52.3606898 ], [ 21.0056654, 52.3641038 ], [ 21.004381, 52.3638585 ], [ 21.003228, 52.3636586 ], [ 21.0021346, 52.3635917 ], [ 20.9999789, 52.3632862 ], [ 20.9994128, 52.3631547 ], [ 20.9992236, 52.3630272 ], [ 20.9989654, 52.3628832 ], [ 20.9985903, 52.3626628 ], [ 20.997041, 52.3622964 ], [ 20.9963739, 52.3620981 ], [ 20.994668, 52.3618295 ], [ 20.9930043, 52.3623725 ], [ 20.9919343, 52.362774 ], [ 20.9833162, 52.3603886 ], [ 20.9818347, 52.3599785 ], [ 20.9781299, 52.3589788 ], [ 20.9712735, 52.3589815 ], [ 20.9708235, 52.3598531 ], [ 20.9661016, 52.3681531 ], [ 20.9542357, 52.3678606 ], [ 20.9542594, 52.3676793 ], [ 20.9535342, 52.3677632 ], [ 20.9533624, 52.3676854 ], [ 20.9532211, 52.3676073 ], [ 20.9529861, 52.367261 ], [ 20.9529102, 52.3670902 ], [ 20.9528889, 52.3668623 ], [ 20.9528263, 52.3667797 ], [ 20.9527787, 52.3666696 ], [ 20.9526585, 52.3665243 ], [ 20.9525227, 52.3664337 ], [ 20.9517383, 52.3664923 ], [ 20.9508935, 52.3664513 ], [ 20.9504134, 52.3664158 ], [ 20.9498028, 52.3663974 ], [ 20.9487975, 52.366437 ], [ 20.9481869, 52.3664744 ], [ 20.9448909, 52.3666969 ], [ 20.9451611, 52.366219 ], [ 20.9439878, 52.3659747 ], [ 20.9436208, 52.3663596 ], [ 20.9409535, 52.363773 ], [ 20.9407609, 52.3635363 ], [ 20.9399104, 52.3624911 ], [ 20.9392904, 52.3617696 ], [ 20.9357033, 52.3629727 ], [ 20.9354782, 52.3629998 ], [ 20.9350882, 52.3632403 ], [ 20.9358587, 52.3623196 ], [ 20.939195, 52.3583559 ], [ 20.9390309, 52.3583043 ], [ 20.9388728, 52.3582542 ], [ 20.938499, 52.3581135 ], [ 20.93592, 52.3589097 ], [ 20.935542, 52.3590572 ], [ 20.9351044, 52.3592713 ], [ 20.9350334, 52.359295 ], [ 20.9339728, 52.3597683 ], [ 20.9334264, 52.3593944 ], [ 20.9330934, 52.3591665 ], [ 20.933017, 52.3591769 ], [ 20.9329009, 52.3591926 ], [ 20.93167, 52.3584223 ], [ 20.9314188, 52.3582394 ], [ 20.9309265, 52.357937 ], [ 20.9301357, 52.358443 ], [ 20.9292689, 52.358941 ], [ 20.9283676, 52.3591949 ], [ 20.9274905, 52.3594681 ], [ 20.9268633, 52.3595706 ], [ 20.9263431, 52.3596268 ], [ 20.924082, 52.3595777 ], [ 20.9229716, 52.3570414 ], [ 20.915136, 52.3540304 ], [ 20.912429, 52.3529758 ], [ 20.9127174, 52.3526878 ], [ 20.9129753, 52.3524408 ], [ 20.91324, 52.3521964 ], [ 20.9135113, 52.351955 ], [ 20.9137893, 52.3517166 ], [ 20.9140743, 52.3514808 ], [ 20.9143657, 52.3512484 ], [ 20.9146635, 52.3510188 ], [ 20.9149676, 52.3507925 ], [ 20.9152782, 52.3505694 ], [ 20.9183243, 52.3480659 ], [ 20.9187361, 52.3478043 ], [ 20.919092, 52.3475708 ], [ 20.9194445, 52.3473333 ], [ 20.9197938, 52.3470897 ], [ 20.9203737, 52.346669 ], [ 20.9208021, 52.3463389 ], [ 20.9211283, 52.3460853 ], [ 20.921438, 52.3458276 ], [ 20.9217445, 52.345568 ], [ 20.9220472, 52.3453034 ], [ 20.9223427, 52.3450364 ], [ 20.9226315, 52.3447667 ], [ 20.9229131, 52.3444942 ], [ 20.9231879, 52.3442191 ], [ 20.9234556, 52.3439415 ], [ 20.9237163, 52.3436611 ], [ 20.9239683, 52.3432748 ], [ 20.9241366, 52.3430003 ], [ 20.9242973, 52.3427242 ], [ 20.9244498, 52.3424463 ], [ 20.9245948, 52.342167 ], [ 20.9247321, 52.3418861 ], [ 20.9248611, 52.3416039 ], [ 20.9249826, 52.3413203 ], [ 20.9250959, 52.3410356 ], [ 20.9252011, 52.3407496 ], [ 20.9252985, 52.3404626 ], [ 20.9253878, 52.3401746 ], [ 20.9254689, 52.3398857 ], [ 20.9255304, 52.3396517 ], [ 20.9256029, 52.3393094 ], [ 20.9256622, 52.3390115 ], [ 20.9257116, 52.3387276 ], [ 20.9257479, 52.3384357 ], [ 20.9257874, 52.3381357 ], [ 20.9258072, 52.3378478 ], [ 20.9258204, 52.3375559 ], [ 20.925827, 52.3372559 ], [ 20.9258335, 52.33697 ], [ 20.9258195, 52.3366735 ], [ 20.9258055, 52.3363801 ], [ 20.92578, 52.3360884 ], [ 20.9256405, 52.3346231 ], [ 20.9252509, 52.3306908 ], [ 20.9251781, 52.3299364 ], [ 20.9251225, 52.3294304 ], [ 20.9225846, 52.326754 ], [ 20.9223505, 52.3251064 ], [ 20.9222462, 52.3243688 ], [ 20.9221809, 52.3243029 ], [ 20.922058, 52.3237348 ], [ 20.9137849, 52.3219884 ], [ 20.9137639, 52.321984 ], [ 20.9130704, 52.3218376 ], [ 20.9105485, 52.3240963 ], [ 20.9102373, 52.3239717 ], [ 20.90896, 52.3226592 ], [ 20.9077691, 52.3222256 ], [ 20.9077549, 52.3222429 ], [ 20.9070899, 52.3221208 ], [ 20.9069293, 52.3226886 ], [ 20.9066158, 52.3233625 ], [ 20.9029557, 52.3224683 ], [ 20.8995565, 52.3221968 ], [ 20.8977148, 52.321917 ], [ 20.8960356, 52.3216838 ], [ 20.8952268, 52.3214384 ], [ 20.8949529, 52.3212693 ], [ 20.8949217, 52.3212364 ], [ 20.8930148, 52.3192222 ], [ 20.8914792, 52.317625 ], [ 20.8908251, 52.3163886 ], [ 20.8903557, 52.315596 ], [ 20.8900947, 52.3149595 ], [ 20.8898734, 52.3144409 ], [ 20.8897362, 52.3142012 ], [ 20.8896711, 52.3140536 ], [ 20.8896587, 52.3139643 ], [ 20.8897593, 52.313727 ], [ 20.8897965, 52.3136806 ], [ 20.8897889, 52.3136395 ], [ 20.8886492, 52.3133029 ], [ 20.8884342, 52.3132381 ], [ 20.8869085, 52.3131995 ], [ 20.8868659, 52.313204 ], [ 20.8867387, 52.3132175 ], [ 20.8865456, 52.3132379 ], [ 20.8862317, 52.3132711 ], [ 20.8860067, 52.313295 ], [ 20.8859147, 52.3133048 ], [ 20.8856054, 52.3133377 ], [ 20.8853686, 52.3133628 ], [ 20.8852983, 52.3133703 ], [ 20.8845449, 52.31345 ], [ 20.8844258, 52.3134627 ], [ 20.883479, 52.3135421 ], [ 20.8834042, 52.3135483 ], [ 20.883391, 52.3135489 ], [ 20.8830436, 52.3135617 ], [ 20.8827071, 52.3135742 ], [ 20.8826917, 52.3135748 ], [ 20.882663, 52.3135768 ], [ 20.8826552, 52.3135772 ], [ 20.8824834, 52.3135888 ], [ 20.8824771, 52.3135892 ], [ 20.8823272, 52.3135995 ], [ 20.8820185, 52.31362 ], [ 20.8818126, 52.3136337 ], [ 20.8816082, 52.3136474 ], [ 20.8814049, 52.3136612 ], [ 20.8812011, 52.313675 ], [ 20.8809966, 52.3136887 ], [ 20.8807961, 52.3137021 ], [ 20.8805847, 52.3137164 ], [ 20.8796168, 52.3137818 ], [ 20.8794127, 52.3137956 ], [ 20.8787867, 52.3139394 ], [ 20.8781589, 52.3140837 ], [ 20.878017, 52.3141278 ], [ 20.8779254, 52.3141561 ], [ 20.8777584, 52.3142078 ], [ 20.8774724, 52.3142965 ], [ 20.8771971, 52.314382 ], [ 20.877034, 52.3144324 ], [ 20.8769876, 52.3144468 ], [ 20.8767098, 52.3145332 ], [ 20.8765568, 52.3145805 ], [ 20.8757849, 52.31482 ], [ 20.8757355, 52.3148354 ], [ 20.875683, 52.3148516 ], [ 20.87561, 52.3146279 ], [ 20.8755852, 52.3145522 ], [ 20.8755606, 52.3144765 ], [ 20.8755363, 52.3144009 ], [ 20.8755115, 52.3143252 ], [ 20.8754872, 52.3142504 ], [ 20.875466, 52.3141854 ], [ 20.8754382, 52.314101 ], [ 20.8754683, 52.3140799 ], [ 20.8761873, 52.3135708 ], [ 20.8778129, 52.3124199 ], [ 20.8781104, 52.3122093 ], [ 20.878329, 52.3120551 ], [ 20.8787125, 52.3116417 ], [ 20.8792512, 52.311061 ], [ 20.8796028, 52.3102612 ], [ 20.8801437, 52.3095786 ], [ 20.8804686, 52.3091687 ], [ 20.8796346, 52.3082546 ], [ 20.8794871, 52.3078779 ], [ 20.8794861, 52.3078748 ], [ 20.8794534, 52.3077911 ], [ 20.8792376, 52.3072411 ], [ 20.8790149, 52.3066906 ], [ 20.878777, 52.3061025 ], [ 20.8787297, 52.3059837 ], [ 20.8784546, 52.305293 ], [ 20.8781604, 52.3045543 ], [ 20.8779757, 52.3040919 ], [ 20.8776985, 52.3034049 ], [ 20.8771227, 52.3019759 ], [ 20.8770402, 52.3017672 ], [ 20.8770357, 52.3017559 ], [ 20.87694, 52.301514 ], [ 20.8765641, 52.3005527 ], [ 20.8764262, 52.3002127 ], [ 20.8761618, 52.2995581 ], [ 20.8759562, 52.2990481 ], [ 20.8758862, 52.2988787 ], [ 20.8758274, 52.2987367 ], [ 20.8758249, 52.2987308 ], [ 20.8757949, 52.2986579 ], [ 20.8760244, 52.2984437 ], [ 20.8765686, 52.2979355 ], [ 20.8765934, 52.2978214 ], [ 20.8766621, 52.2975061 ], [ 20.8765593, 52.2965442 ], [ 20.8770948, 52.294717 ], [ 20.877126, 52.2946106 ], [ 20.877143, 52.2945526 ], [ 20.8771228, 52.2942927 ], [ 20.8771043, 52.2940576 ], [ 20.8771031, 52.2940423 ], [ 20.8770153, 52.2931005 ], [ 20.8770117, 52.2930748 ], [ 20.8770113, 52.2930718 ], [ 20.8769651, 52.2927306 ], [ 20.8769588, 52.2926864 ], [ 20.8769395, 52.2924864 ], [ 20.8769264, 52.2923554 ], [ 20.8769154, 52.2922421 ], [ 20.8768914, 52.291998 ], [ 20.8768656, 52.2917379 ], [ 20.8768399, 52.2914776 ], [ 20.8768142, 52.2912175 ], [ 20.8767886, 52.2909574 ], [ 20.8767629, 52.2906975 ], [ 20.8767374, 52.2904376 ], [ 20.8767119, 52.2901778 ], [ 20.8766953, 52.2900128 ], [ 20.8766858, 52.2899181 ], [ 20.8766603, 52.2896587 ], [ 20.8766346, 52.289399 ], [ 20.8765991, 52.2890401 ], [ 20.8765629, 52.2886721 ], [ 20.8765352, 52.2883926 ], [ 20.8765077, 52.2881133 ], [ 20.8764742, 52.2877751 ], [ 20.8764707, 52.2877371 ], [ 20.8764362, 52.2873889 ], [ 20.8764069, 52.2873455 ], [ 20.8763434, 52.2873281 ], [ 20.8763299, 52.2872673 ], [ 20.8763205, 52.2872257 ], [ 20.876385, 52.2871803 ], [ 20.8763716, 52.2868412 ], [ 20.8763698, 52.2867961 ], [ 20.8763636, 52.2866436 ], [ 20.876328, 52.2862972 ], [ 20.8762938, 52.2859654 ], [ 20.8762698, 52.2857213 ], [ 20.8762696, 52.2857188 ], [ 20.8762644, 52.2856671 ], [ 20.8761707, 52.2847127 ], [ 20.8760353, 52.283337 ], [ 20.8760036, 52.2830133 ], [ 20.8757562, 52.2804884 ], [ 20.8759725, 52.2804535 ], [ 20.8759797, 52.2804523 ], [ 20.876052, 52.2804407 ], [ 20.8783622, 52.2800693 ], [ 20.878437, 52.2800575 ], [ 20.8786635, 52.2800211 ], [ 20.8787755, 52.2800024 ], [ 20.8811709, 52.2796067 ], [ 20.8811543, 52.2795145 ], [ 20.8807786, 52.277416 ], [ 20.8804861, 52.2756212 ], [ 20.8804828, 52.2755993 ], [ 20.8803504, 52.2747266 ], [ 20.8803316, 52.2746018 ], [ 20.8802662, 52.2742367 ], [ 20.8801024, 52.2733216 ], [ 20.8798731, 52.2720405 ], [ 20.8797387, 52.2713986 ], [ 20.8795319, 52.2704072 ], [ 20.8791808, 52.2682807 ], [ 20.8790163, 52.2670214 ], [ 20.8790031, 52.266936 ], [ 20.87899, 52.2668504 ], [ 20.8787189, 52.265149 ], [ 20.8777686, 52.2641442 ], [ 20.877663, 52.2641008 ], [ 20.8775601, 52.2640182 ], [ 20.8774511, 52.2639092 ], [ 20.8773993, 52.2638583 ], [ 20.8762403, 52.2626805 ], [ 20.8759829, 52.2624023 ], [ 20.8757139, 52.2621331 ], [ 20.8755377, 52.2619956 ], [ 20.8753779, 52.261902 ], [ 20.8748976, 52.261706 ], [ 20.8749998, 52.2616025 ], [ 20.8751245, 52.2614762 ], [ 20.8750971, 52.2614485 ], [ 20.8750953, 52.2614467 ], [ 20.8750374, 52.2613881 ], [ 20.8748969, 52.2612458 ], [ 20.8748555, 52.2612 ], [ 20.8731999, 52.2595297 ], [ 20.8730374, 52.2593678 ], [ 20.8704768, 52.256775 ], [ 20.8680729, 52.254329 ], [ 20.8676956, 52.2539456 ], [ 20.8675923, 52.2538404 ], [ 20.8675113, 52.2537869 ], [ 20.8662337, 52.2524605 ], [ 20.8661309, 52.2523588 ], [ 20.8659176, 52.2521477 ], [ 20.8645007, 52.2507451 ], [ 20.8640297, 52.2503539 ], [ 20.8638873, 52.2502267 ], [ 20.8638673, 52.2501749 ], [ 20.863806, 52.2500165 ], [ 20.8640003, 52.2499932 ], [ 20.8640467, 52.2499875 ], [ 20.8648248, 52.2498943 ], [ 20.8654303, 52.2498208 ], [ 20.8665831, 52.2496131 ], [ 20.866586, 52.2496126 ], [ 20.8674993, 52.2494434 ], [ 20.8675204, 52.2494395 ], [ 20.8675423, 52.2494379 ], [ 20.8680573, 52.2493996 ], [ 20.8690899, 52.2494368 ], [ 20.8701372, 52.2494162 ], [ 20.871279, 52.2494041 ], [ 20.8722073, 52.249404 ], [ 20.872757, 52.249325 ], [ 20.8745773, 52.2489192 ], [ 20.8755435, 52.2487189 ], [ 20.876548, 52.2485509 ], [ 20.8796281, 52.2481719 ], [ 20.879772, 52.2481543 ], [ 20.879907, 52.2481377 ], [ 20.8804037, 52.2480765 ], [ 20.8815399, 52.2479366 ], [ 20.8817122, 52.2479154 ], [ 20.8822273, 52.2477809 ], [ 20.8822848, 52.2477659 ], [ 20.8832193, 52.2475221 ], [ 20.8833275, 52.2474939 ], [ 20.8834988, 52.2474492 ], [ 20.8840228, 52.2473127 ], [ 20.8841003, 52.2474269 ], [ 20.8841234, 52.247453 ], [ 20.8846467, 52.2479472 ], [ 20.8846728, 52.2479718 ], [ 20.8848903, 52.2481772 ], [ 20.8850249, 52.2481574 ], [ 20.8850536, 52.2481536 ], [ 20.8851609, 52.2481385 ], [ 20.8851318, 52.2479448 ], [ 20.8850259, 52.2472341 ], [ 20.8850198, 52.2472021 ], [ 20.8852336, 52.2471781 ], [ 20.8855974, 52.2472013 ], [ 20.8857553, 52.2472122 ], [ 20.8858394, 52.2472168 ], [ 20.8859544, 52.2472195 ], [ 20.8859565, 52.2472401 ], [ 20.886154, 52.2472455 ], [ 20.8861682, 52.2472457 ], [ 20.8865032, 52.2472627 ], [ 20.8865378, 52.2472649 ], [ 20.886725, 52.2472513 ], [ 20.8869786, 52.2472332 ], [ 20.8871228, 52.2472229 ], [ 20.8878256, 52.2471728 ], [ 20.8879757, 52.2471615 ], [ 20.8879874, 52.2471608 ], [ 20.8886315, 52.247122 ], [ 20.888824, 52.2471148 ], [ 20.8888654, 52.2471125 ], [ 20.8892698, 52.2470734 ], [ 20.8893277, 52.2470699 ], [ 20.8896075, 52.2470517 ], [ 20.8900857, 52.2470205 ], [ 20.8907614, 52.2469848 ], [ 20.8907641, 52.2469845 ], [ 20.8909828, 52.2469658 ], [ 20.890995, 52.2468939 ], [ 20.8909853, 52.2468215 ], [ 20.8910405, 52.2466957 ], [ 20.8911247, 52.2465637 ], [ 20.8911591, 52.2464537 ], [ 20.891163, 52.2464307 ], [ 20.891288, 52.2457048 ], [ 20.8913316, 52.2454517 ], [ 20.8913628, 52.2452691 ], [ 20.8914594, 52.2449902 ], [ 20.8917607, 52.2447677 ], [ 20.8919087, 52.2447021 ], [ 20.892469, 52.2444534 ], [ 20.8929864, 52.2442234 ], [ 20.8931578, 52.244147 ], [ 20.8935076, 52.2439921 ], [ 20.8936455, 52.2439304 ], [ 20.893935, 52.2437508 ], [ 20.8940168, 52.2437001 ], [ 20.8938833, 52.2429979 ], [ 20.8937416, 52.242223 ], [ 20.8937394, 52.2422109 ], [ 20.8936842, 52.2422148 ], [ 20.8936743, 52.2421787 ], [ 20.8933198, 52.2406383 ], [ 20.8931871, 52.2400612 ], [ 20.8931691, 52.2399821 ], [ 20.8931423, 52.2398659 ], [ 20.8931394, 52.2398525 ], [ 20.8931396, 52.2398399 ], [ 20.8931409, 52.2397855 ], [ 20.8931428, 52.239712 ], [ 20.8895133, 52.231999 ], [ 20.887277, 52.232161 ], [ 20.881921, 52.2320935 ], [ 20.8806802, 52.2320532 ], [ 20.8803984, 52.232044 ], [ 20.8797319, 52.2320224 ], [ 20.8795474, 52.2319086 ], [ 20.877977, 52.2309399 ], [ 20.8731013, 52.2290841 ], [ 20.8729028, 52.2289403 ], [ 20.8727857, 52.22883 ], [ 20.8727124, 52.2286788 ], [ 20.8726891, 52.2285337 ], [ 20.8727252, 52.2258049 ], [ 20.8726819, 52.225687 ], [ 20.8726187, 52.2256602 ], [ 20.8725374, 52.225668 ], [ 20.8726991, 52.2255153 ], [ 20.8728905, 52.2253807 ], [ 20.8730985, 52.2252519 ], [ 20.8732052, 52.2251989 ], [ 20.8734402, 52.2250891 ], [ 20.8736566, 52.2250166 ], [ 20.8740598, 52.224937 ], [ 20.8752802, 52.2248027 ], [ 20.8746203, 52.2166596 ], [ 20.8730865, 52.2166653 ], [ 20.8730706, 52.2165455 ], [ 20.8730632, 52.2164893 ], [ 20.8730554, 52.2164443 ], [ 20.8730503, 52.216415 ], [ 20.8727544, 52.2152329 ], [ 20.8719404, 52.2152638 ], [ 20.8714295, 52.2131598 ], [ 20.8710914, 52.2111783 ], [ 20.8710165, 52.2103824 ], [ 20.8701595, 52.2103909 ], [ 20.8702027, 52.2098571 ], [ 20.8708993, 52.2088535 ], [ 20.8705842, 52.2088402 ], [ 20.8705655, 52.208844 ], [ 20.8699207, 52.2087608 ], [ 20.8686491, 52.2086274 ], [ 20.8682797, 52.2085858 ], [ 20.865805, 52.2083073 ], [ 20.864618, 52.2081511 ], [ 20.8646524, 52.2080567 ], [ 20.8626851, 52.20782 ], [ 20.86267, 52.2078671 ], [ 20.8626539, 52.2079135 ], [ 20.8610895, 52.2077207 ], [ 20.859603, 52.2074504 ], [ 20.8587242, 52.2072631 ], [ 20.8585652, 52.2072113 ], [ 20.8580764, 52.2070976 ], [ 20.8574298, 52.2069071 ], [ 20.8567915, 52.2066814 ], [ 20.8561577, 52.206423 ], [ 20.8555915, 52.2061442 ], [ 20.8550795, 52.2058651 ], [ 20.8545539, 52.205539 ], [ 20.8541124, 52.2052238 ], [ 20.8536313, 52.2048349 ], [ 20.8532214, 52.2044556 ], [ 20.8529169, 52.2041007 ], [ 20.852897, 52.2040605 ], [ 20.853319, 52.2040794 ], [ 20.8533351, 52.2039926 ], [ 20.8527648, 52.2039253 ], [ 20.8525907, 52.2036912 ], [ 20.8523242, 52.2032887 ], [ 20.8521028, 52.2028629 ], [ 20.8519864, 52.202352 ], [ 20.8519108, 52.2020193 ], [ 20.8518695, 52.2018273 ], [ 20.8518559, 52.2017619 ], [ 20.8516882, 52.2009766 ] ] ] } },
{ "type": "Feature", "properties": { "bbox_west": 19.3208636, "bbox_south": 51.6861438, "bbox_east": 19.6399456, "bbox_north": 51.8598252, "place_id": 168391817, "osm_type": "relation", "osm_id": 2907537, "lat": 51.7728245, "lon": 19.4784857, "class": "boundary", "type": "administrative", "place_rank": 14, "importance": 0.69505966365965599, "addresstype": "administrative", "name": "Łódź", "display_name": "Łódź, Łódź Voivodeship, Poland", "city": "Łódź Poland" }, "geometry": { "type": "Polygon", "coordinates": [ [ [ 19.3208636, 51.8080883 ], [ 19.3221887, 51.8057641 ], [ 19.3248652, 51.8058336 ], [ 19.3247999, 51.8054991 ], [ 19.3245119, 51.8040243 ], [ 19.3241201, 51.801985 ], [ 19.3246418, 51.801985 ], [ 19.3249026, 51.8019568 ], [ 19.3249581, 51.8019272 ], [ 19.3252873, 51.8018842 ], [ 19.3261024, 51.8018439 ], [ 19.3270414, 51.8017995 ], [ 19.3273283, 51.8017794 ], [ 19.3276544, 51.801731 ], [ 19.3288224, 51.8016384 ], [ 19.3301055, 51.8015414 ], [ 19.33012, 51.8010494 ], [ 19.3297416, 51.7993589 ], [ 19.3290982, 51.7958458 ], [ 19.3301191, 51.7958837 ], [ 19.333162, 51.7960661 ], [ 19.3391488, 51.7963066 ], [ 19.3399571, 51.8006593 ], [ 19.3419951, 51.8008832 ], [ 19.3421342, 51.8006749 ], [ 19.3422746, 51.8005525 ], [ 19.3424416, 51.8004128 ], [ 19.3426783, 51.8001746 ], [ 19.3429771, 51.7999092 ], [ 19.343818, 51.799175 ], [ 19.3440163, 51.7990025 ], [ 19.3444322, 51.7986996 ], [ 19.3444728, 51.7985839 ], [ 19.344684, 51.7980763 ], [ 19.3451962, 51.797799 ], [ 19.3455995, 51.7975795 ], [ 19.3461331, 51.7973029 ], [ 19.3467528, 51.7969835 ], [ 19.3473653, 51.7966677 ], [ 19.3475633, 51.7965653 ], [ 19.3482334, 51.7962599 ], [ 19.348638, 51.7960746 ], [ 19.3488527, 51.795976 ], [ 19.3489496, 51.7959409 ], [ 19.3493187, 51.7958048 ], [ 19.3493744, 51.7957846 ], [ 19.3499072, 51.7955884 ], [ 19.3501368, 51.7954842 ], [ 19.3508829, 51.7951687 ], [ 19.3520587, 51.7947187 ], [ 19.3526707, 51.7944834 ], [ 19.3530298, 51.7943645 ], [ 19.3532726, 51.794284 ], [ 19.3541743, 51.7939847 ], [ 19.3543192, 51.7939366 ], [ 19.3545317, 51.7938609 ], [ 19.3551312, 51.7936473 ], [ 19.355799, 51.7934249 ], [ 19.3558286, 51.7934151 ], [ 19.3559504, 51.7933724 ], [ 19.3561505, 51.7933023 ], [ 19.3564616, 51.7932293 ], [ 19.3572486, 51.7928976 ], [ 19.3540877, 51.7898663 ], [ 19.3537798, 51.7895706 ], [ 19.35199, 51.7877329 ], [ 19.3513216, 51.7870857 ], [ 19.3489127, 51.7847029 ], [ 19.3488765, 51.7847013 ], [ 19.3487595, 51.7846962 ], [ 19.3482277, 51.7846648 ], [ 19.3480489, 51.7846536 ], [ 19.3476977, 51.7846329 ], [ 19.3466346, 51.7846317 ], [ 19.3446071, 51.78475 ], [ 19.3443778, 51.7847935 ], [ 19.3439811, 51.7848687 ], [ 19.3425089, 51.7849391 ], [ 19.342235, 51.7849256 ], [ 19.3416539, 51.7848656 ], [ 19.3403105, 51.7847244 ], [ 19.3395067, 51.7846399 ], [ 19.3385231, 51.784429 ], [ 19.3378164, 51.7842142 ], [ 19.3373428, 51.7840703 ], [ 19.3356426, 51.7804578 ], [ 19.3383202, 51.780057 ], [ 19.3391391, 51.7799425 ], [ 19.3400787, 51.779804 ], [ 19.3412381, 51.7796331 ], [ 19.3425192, 51.7794443 ], [ 19.3422877, 51.7788701 ], [ 19.3418408, 51.7777461 ], [ 19.3417673, 51.777564 ], [ 19.3413515, 51.7765338 ], [ 19.3413362, 51.776496 ], [ 19.3408962, 51.7754065 ], [ 19.3406833, 51.7748928 ], [ 19.340365, 51.7741198 ], [ 19.3399912, 51.7731992 ], [ 19.3383425, 51.7691307 ], [ 19.3375812, 51.7672526 ], [ 19.341775, 51.7663179 ], [ 19.3425773, 51.7661391 ], [ 19.3458183, 51.7654167 ], [ 19.3488769, 51.7647727 ], [ 19.3490139, 51.7647439 ], [ 19.3491587, 51.7647134 ], [ 19.3493261, 51.7646781 ], [ 19.3508558, 51.764356 ], [ 19.3521838, 51.7640764 ], [ 19.3536102, 51.7638432 ], [ 19.3530506, 51.7618365 ], [ 19.3525388, 51.7598464 ], [ 19.3539048, 51.7596129 ], [ 19.3584863, 51.7588366 ], [ 19.3665785, 51.7573155 ], [ 19.3676566, 51.7571129 ], [ 19.3677582, 51.7570925 ], [ 19.3746205, 51.755865 ], [ 19.3738635, 51.7547307 ], [ 19.3736963, 51.7545226 ], [ 19.3727076, 51.7522403 ], [ 19.3715393, 51.7514933 ], [ 19.3712778, 51.7513764 ], [ 19.3709099, 51.7511884 ], [ 19.3703019, 51.7509049 ], [ 19.3703764, 51.7502742 ], [ 19.3701057, 51.7489834 ], [ 19.3700925, 51.7489325 ], [ 19.3697972, 51.7477941 ], [ 19.3697682, 51.747355 ], [ 19.3697197, 51.7465098 ], [ 19.3701911, 51.7462843 ], [ 19.3703318, 51.7462634 ], [ 19.3703153, 51.746177 ], [ 19.3703177, 51.7456673 ], [ 19.3703207, 51.7446795 ], [ 19.3713488, 51.7447976 ], [ 19.3712889, 51.7444166 ], [ 19.3712481, 51.7440365 ], [ 19.3712532, 51.7434541 ], [ 19.3714111, 51.7429624 ], [ 19.3714427, 51.74287 ], [ 19.3717379, 51.7420939 ], [ 19.3708759, 51.7419595 ], [ 19.3696094, 51.7417577 ], [ 19.3669999, 51.7412755 ], [ 19.361889, 51.7397261 ], [ 19.3617173, 51.7397324 ], [ 19.3610768, 51.742135 ], [ 19.3584706, 51.7419193 ], [ 19.3492895, 51.7407425 ], [ 19.348711, 51.7406264 ], [ 19.3481481, 51.7405134 ], [ 19.3479311, 51.7404768 ], [ 19.346787, 51.7403829 ], [ 19.3466502, 51.7403796 ], [ 19.3465698, 51.7404128 ], [ 19.3464605, 51.7409509 ], [ 19.3456122, 51.7408164 ], [ 19.3441754, 51.740533 ], [ 19.3429207, 51.7402146 ], [ 19.3419762, 51.7400014 ], [ 19.341062, 51.7397726 ], [ 19.3384424, 51.7388771 ], [ 19.3402919, 51.7372047 ], [ 19.3441863, 51.7339762 ], [ 19.3443866, 51.7339807 ], [ 19.34394, 51.7338339 ], [ 19.3426178, 51.733463 ], [ 19.3415459, 51.7338766 ], [ 19.3399724, 51.732951 ], [ 19.3394321, 51.732383 ], [ 19.3392276, 51.7323022 ], [ 19.3389557, 51.7322558 ], [ 19.3387424, 51.7323249 ], [ 19.3381119, 51.7323943 ], [ 19.3366603, 51.7324141 ], [ 19.3364917, 51.7323714 ], [ 19.3359966, 51.7322459 ], [ 19.3355079, 51.7319606 ], [ 19.3352629, 51.7316123 ], [ 19.3349224, 51.7303193 ], [ 19.3356715, 51.7303953 ], [ 19.3361787, 51.7295917 ], [ 19.3366792, 51.7308441 ], [ 19.3373107, 51.7309887 ], [ 19.3385926, 51.7308624 ], [ 19.3383621, 51.7303508 ], [ 19.3385467, 51.7297328 ], [ 19.3390623, 51.7292791 ], [ 19.3389415, 51.7290084 ], [ 19.3377828, 51.7288622 ], [ 19.3378693, 51.7285069 ], [ 19.3379836, 51.7281171 ], [ 19.3378786, 51.7277015 ], [ 19.3374598, 51.7268906 ], [ 19.3371432, 51.7263229 ], [ 19.336639, 51.7255263 ], [ 19.3368968, 51.7254633 ], [ 19.3373459, 51.7256226 ], [ 19.3389068, 51.7261731 ], [ 19.3416761, 51.7272937 ], [ 19.343476, 51.7284883 ], [ 19.3432887, 51.7286333 ], [ 19.3428557, 51.7286508 ], [ 19.3422128, 51.7288941 ], [ 19.3424673, 51.7293517 ], [ 19.3463569, 51.7295976 ], [ 19.3466498, 51.7296552 ], [ 19.3468202, 51.7294953 ], [ 19.3454202, 51.7289604 ], [ 19.3466149, 51.7284039 ], [ 19.3469133, 51.7280707 ], [ 19.3469976, 51.72774 ], [ 19.3468528, 51.7271511 ], [ 19.3463357, 51.7269392 ], [ 19.3461876, 51.7252152 ], [ 19.3461366, 51.7247533 ], [ 19.3460393, 51.7238751 ], [ 19.3457158, 51.7238029 ], [ 19.3447282, 51.7231538 ], [ 19.3440355, 51.7224657 ], [ 19.3437417, 51.722174 ], [ 19.3434985, 51.7217354 ], [ 19.3434481, 51.7214618 ], [ 19.3435436, 51.7213204 ], [ 19.3427823, 51.71972 ], [ 19.3426173, 51.7194346 ], [ 19.3423865, 51.7189884 ], [ 19.3420375, 51.7179539 ], [ 19.3419315, 51.7177336 ], [ 19.3425799, 51.7174766 ], [ 19.3432209, 51.7172222 ], [ 19.3444238, 51.7167459 ], [ 19.3448016, 51.7164033 ], [ 19.3455487, 51.7156955 ], [ 19.345933, 51.7152593 ], [ 19.3461473, 51.7148342 ], [ 19.3464641, 51.7142627 ], [ 19.3466589, 51.7139199 ], [ 19.346804, 51.713767 ], [ 19.3471113, 51.7135394 ], [ 19.3471387, 51.713519 ], [ 19.3472218, 51.7134563 ], [ 19.3472894, 51.7134068 ], [ 19.3474401, 51.7132946 ], [ 19.3476228, 51.71316 ], [ 19.3479354, 51.7129275 ], [ 19.348315, 51.7124997 ], [ 19.3484875, 51.7121891 ], [ 19.3488019, 51.7119497 ], [ 19.3489571, 51.711831 ], [ 19.3492603, 51.7116018 ], [ 19.3492801, 51.7115719 ], [ 19.3495948, 51.7111039 ], [ 19.3501453, 51.7102925 ], [ 19.350352, 51.7099908 ], [ 19.3507991, 51.7093374 ], [ 19.351236, 51.7086994 ], [ 19.3514714, 51.7083651 ], [ 19.3520139, 51.7075966 ], [ 19.3520746, 51.7073275 ], [ 19.3519895, 51.7067826 ], [ 19.3521408, 51.7067858 ], [ 19.3523458, 51.7065145 ], [ 19.3524984, 51.7063487 ], [ 19.3526053, 51.7062141 ], [ 19.352872, 51.7056623 ], [ 19.3532981, 51.7049684 ], [ 19.3535293, 51.7045334 ], [ 19.3538429, 51.703949 ], [ 19.3539281, 51.7037546 ], [ 19.3539677, 51.7036231 ], [ 19.3540125, 51.7032955 ], [ 19.354063, 51.7027456 ], [ 19.3541569, 51.7022435 ], [ 19.3566826, 51.702453 ], [ 19.3567676, 51.7024598 ], [ 19.3575133, 51.7025196 ], [ 19.358515, 51.7025675 ], [ 19.3592273, 51.702602 ], [ 19.3592983, 51.7018431 ], [ 19.3593471, 51.7013273 ], [ 19.3593411, 51.7008994 ], [ 19.3593298, 51.7004315 ], [ 19.3593262, 51.7001911 ], [ 19.3593308, 51.6999539 ], [ 19.3593422, 51.6996467 ], [ 19.3593596, 51.6992006 ], [ 19.3599568, 51.6991182 ], [ 19.3612656, 51.69893 ], [ 19.3626267, 51.6987341 ], [ 19.3643915, 51.6984829 ], [ 19.3663335, 51.6982118 ], [ 19.3682736, 51.6979433 ], [ 19.3689768, 51.6978497 ], [ 19.3700658, 51.6977075 ], [ 19.3707983, 51.6976119 ], [ 19.3723108, 51.6974058 ], [ 19.3724719, 51.6973838 ], [ 19.3728838, 51.6973344 ], [ 19.3731608, 51.6973011 ], [ 19.3739661, 51.6972045 ], [ 19.3752382, 51.6969936 ], [ 19.3760063, 51.6968898 ], [ 19.3770732, 51.6967459 ], [ 19.3782177, 51.6965915 ], [ 19.3802778, 51.6962697 ], [ 19.381275, 51.6961161 ], [ 19.3827942, 51.6959133 ], [ 19.3846029, 51.6956711 ], [ 19.3870459, 51.6953316 ], [ 19.3872893, 51.6952978 ], [ 19.3887621, 51.6950944 ], [ 19.3900758, 51.6949163 ], [ 19.3912184, 51.694763 ], [ 19.393085, 51.6945023 ], [ 19.3957444, 51.6941293 ], [ 19.3975055, 51.6938829 ], [ 19.4003273, 51.6934899 ], [ 19.4021008, 51.6969385 ], [ 19.4022421, 51.6968917 ], [ 19.4023156, 51.6968967 ], [ 19.4028527, 51.6967762 ], [ 19.4035703, 51.6966064 ], [ 19.4038302, 51.6965476 ], [ 19.4051952, 51.6962402 ], [ 19.4078858, 51.6956325 ], [ 19.4089894, 51.6953688 ], [ 19.4091883, 51.6953183 ], [ 19.4092218, 51.6953098 ], [ 19.4092735, 51.6952961 ], [ 19.4093464, 51.6952788 ], [ 19.4094458, 51.6952625 ], [ 19.4095355, 51.69525 ], [ 19.4096105, 51.6952354 ], [ 19.4119195, 51.6947188 ], [ 19.4130535, 51.6944643 ], [ 19.4155488, 51.6939042 ], [ 19.4164672, 51.6936997 ], [ 19.4168216, 51.6936202 ], [ 19.4187063, 51.6931985 ], [ 19.4187218, 51.6927607 ], [ 19.4186046, 51.6909069 ], [ 19.417879, 51.6909233 ], [ 19.4187511, 51.689615 ], [ 19.4196415, 51.6882965 ], [ 19.4204877, 51.6870398 ], [ 19.4245531, 51.6874686 ], [ 19.4246238, 51.687361 ], [ 19.4247381, 51.686606 ], [ 19.4274828, 51.6864184 ], [ 19.4274829, 51.6861438 ], [ 19.4316955, 51.6867733 ], [ 19.4317072, 51.6866062 ], [ 19.4318112, 51.6866057 ], [ 19.4321513, 51.6866038 ], [ 19.4327523, 51.686873 ], [ 19.4337065, 51.6871431 ], [ 19.4345, 51.6872859 ], [ 19.4359356, 51.6872351 ], [ 19.4375486, 51.6872447 ], [ 19.4385079, 51.6872534 ], [ 19.4385721, 51.687253 ], [ 19.44121, 51.6872382 ], [ 19.4430663, 51.6872278 ], [ 19.4459372, 51.6872117 ], [ 19.4482275, 51.6871988 ], [ 19.4491661, 51.6871167 ], [ 19.4492613, 51.6871096 ], [ 19.4498674, 51.6871732 ], [ 19.4499874, 51.6872334 ], [ 19.4506258, 51.6876596 ], [ 19.4523916, 51.6887914 ], [ 19.4526012, 51.688754 ], [ 19.4527877, 51.6887885 ], [ 19.4534805, 51.6883669 ], [ 19.4580493, 51.688327 ], [ 19.4595017, 51.6883107 ], [ 19.4616729, 51.6882962 ], [ 19.4646674, 51.6882869 ], [ 19.468637, 51.6882532 ], [ 19.4686842, 51.6882521 ], [ 19.4684179, 51.6894511 ], [ 19.4683715, 51.6896602 ], [ 19.4683915, 51.6897015 ], [ 19.4675529, 51.6931394 ], [ 19.4673627, 51.6939354 ], [ 19.4672393, 51.6944408 ], [ 19.4670075, 51.6953991 ], [ 19.4692005, 51.6957728 ], [ 19.4707927, 51.6957907 ], [ 19.4711965, 51.6957958 ], [ 19.4718929, 51.6957963 ], [ 19.4732446, 51.6957969 ], [ 19.473794, 51.6958684 ], [ 19.4741673, 51.6959065 ], [ 19.4768997, 51.6965594 ], [ 19.477086, 51.6966046 ], [ 19.4781494, 51.6968155 ], [ 19.4783154, 51.6968477 ], [ 19.4786248, 51.6969223 ], [ 19.4798936, 51.697186 ], [ 19.4823949, 51.6977072 ], [ 19.4842658, 51.6980962 ], [ 19.4871752, 51.6981655 ], [ 19.4881313, 51.6982196 ], [ 19.4900356, 51.6983295 ], [ 19.4920046, 51.6983969 ], [ 19.4933273, 51.6984424 ], [ 19.4937658, 51.6983699 ], [ 19.4949304, 51.6981773 ], [ 19.4957004, 51.6980499 ], [ 19.4967091, 51.6979627 ], [ 19.497416, 51.6979017 ], [ 19.4978958, 51.6978602 ], [ 19.4981912, 51.6978347 ], [ 19.4983618, 51.6978198 ], [ 19.4992347, 51.6977435 ], [ 19.4995183, 51.6977188 ], [ 19.5004575, 51.6976367 ], [ 19.5009281, 51.697595 ], [ 19.5024345, 51.6974737 ], [ 19.5034026, 51.6975412 ], [ 19.5046576, 51.697633 ], [ 19.5052835, 51.6977377 ], [ 19.5074413, 51.6977207 ], [ 19.5081925, 51.697722 ], [ 19.508328, 51.6977216 ], [ 19.5087546, 51.6977203 ], [ 19.5092456, 51.6977188 ], [ 19.5102634, 51.6977368 ], [ 19.5105951, 51.6977426 ], [ 19.5107152, 51.6977446 ], [ 19.5107531, 51.6977535 ], [ 19.5108186, 51.6977668 ], [ 19.5108414, 51.6977715 ], [ 19.510895, 51.6977697 ], [ 19.5133143, 51.6976907 ], [ 19.5133509, 51.6974001 ], [ 19.5135075, 51.6961555 ], [ 19.5136534, 51.6951324 ], [ 19.5137405, 51.6946479 ], [ 19.5138353, 51.6942118 ], [ 19.5138898, 51.6937447 ], [ 19.5139445, 51.6932623 ], [ 19.514002, 51.6927778 ], [ 19.5177171, 51.6924852 ], [ 19.5177751, 51.6921297 ], [ 19.5178695, 51.6918687 ], [ 19.5178915, 51.6916985 ], [ 19.5179682, 51.6915486 ], [ 19.5185648, 51.6906464 ], [ 19.5185832, 51.690589 ], [ 19.5185703, 51.6905369 ], [ 19.5181219, 51.6895809 ], [ 19.5191349, 51.6896542 ], [ 19.5204495, 51.6897518 ], [ 19.5236605, 51.6899945 ], [ 19.5266296, 51.6902157 ], [ 19.5293716, 51.6904163 ], [ 19.5312539, 51.6905537 ], [ 19.5331569, 51.6906917 ], [ 19.5322032, 51.6918294 ], [ 19.5322754, 51.691851 ], [ 19.5324506, 51.6919034 ], [ 19.5334865, 51.6922545 ], [ 19.5335819, 51.6923051 ], [ 19.5336728, 51.692386 ], [ 19.5337785, 51.6924903 ], [ 19.5339773, 51.6926733 ], [ 19.5341277, 51.6928093 ], [ 19.5365376, 51.6949873 ], [ 19.5405149, 51.6952993 ], [ 19.5405727, 51.695339 ], [ 19.5432036, 51.6955492 ], [ 19.5446119, 51.6956624 ], [ 19.5459946, 51.6957803 ], [ 19.5480963, 51.695953 ], [ 19.5504345, 51.6961373 ], [ 19.5536441, 51.6963798 ], [ 19.556793, 51.6966354 ], [ 19.5593773, 51.6968393 ], [ 19.5595568, 51.6968531 ], [ 19.561463, 51.6970002 ], [ 19.5602196, 51.6985986 ], [ 19.5602312, 51.6986356 ], [ 19.5603634, 51.6986516 ], [ 19.5603929, 51.6986551 ], [ 19.5604756, 51.6986651 ], [ 19.5606618, 51.6986916 ], [ 19.5620731, 51.6989658 ], [ 19.5620612, 51.6989865 ], [ 19.562051, 51.6990087 ], [ 19.5620079, 51.6990887 ], [ 19.5602363, 51.7023727 ], [ 19.5600535, 51.7027115 ], [ 19.561332, 51.7029769 ], [ 19.5615588, 51.703024 ], [ 19.5633638, 51.7033987 ], [ 19.5637623, 51.7034814 ], [ 19.5644315, 51.7036136 ], [ 19.5644992, 51.7036274 ], [ 19.5648914, 51.7037072 ], [ 19.5653861, 51.7038079 ], [ 19.5658583, 51.703904 ], [ 19.5664578, 51.7040232 ], [ 19.5666867, 51.7040694 ], [ 19.5672371, 51.7041807 ], [ 19.5685179, 51.7044399 ], [ 19.5687674, 51.7044892 ], [ 19.5694319, 51.7046365 ], [ 19.5703587, 51.7049031 ], [ 19.5703971, 51.7049142 ], [ 19.5704373, 51.7049246 ], [ 19.5704634, 51.7049314 ], [ 19.5709494, 51.7050574 ], [ 19.5727949, 51.705536 ], [ 19.5733438, 51.7056783 ], [ 19.5734162, 51.7056971 ], [ 19.5738872, 51.7058282 ], [ 19.574429, 51.705979 ], [ 19.5749911, 51.706126 ], [ 19.5759393, 51.7063739 ], [ 19.5766107, 51.7065483 ], [ 19.5769876, 51.7058325 ], [ 19.5771873, 51.7050528 ], [ 19.5774535, 51.704934 ], [ 19.5781434, 51.7046262 ], [ 19.5781736, 51.7046128 ], [ 19.5801615, 51.7035662 ], [ 19.5805287, 51.7033729 ], [ 19.5815885, 51.7028089 ], [ 19.5842092, 51.7044263 ], [ 19.5846046, 51.704782 ], [ 19.586442, 51.707492 ], [ 19.589836, 51.7063866 ], [ 19.5906817, 51.7064381 ], [ 19.5908314, 51.7063546 ], [ 19.590959, 51.7062835 ], [ 19.5912449, 51.7060343 ], [ 19.590582, 51.7057619 ], [ 19.5903776, 51.7056682 ], [ 19.5902635, 51.7056078 ], [ 19.5901696, 51.7055224 ], [ 19.589912, 51.7052808 ], [ 19.5895381, 51.7046481 ], [ 19.5893134, 51.7043834 ], [ 19.588952, 51.7031824 ], [ 19.5885667, 51.7026087 ], [ 19.5883663, 51.7022503 ], [ 19.5882931, 51.7018376 ], [ 19.5925597, 51.7001017 ], [ 19.5926114, 51.7000817 ], [ 19.5995996, 51.6973405 ], [ 19.6000003, 51.6981123 ], [ 19.6005398, 51.6978988 ], [ 19.6036745, 51.7028676 ], [ 19.603781, 51.7027241 ], [ 19.6038929, 51.7025734 ], [ 19.6053755, 51.7005762 ], [ 19.6056748, 51.700173 ], [ 19.6063708, 51.6992353 ], [ 19.6072558, 51.6980431 ], [ 19.6074709, 51.6977309 ], [ 19.6075261, 51.6976502 ], [ 19.6076808, 51.6978292 ], [ 19.6082165, 51.6984553 ], [ 19.6086796, 51.6989991 ], [ 19.6091604, 51.6995673 ], [ 19.609584, 51.7000648 ], [ 19.610262, 51.7008833 ], [ 19.6109037, 51.7016607 ], [ 19.6111321, 51.7019354 ], [ 19.6116564, 51.7025493 ], [ 19.6122763, 51.7032597 ], [ 19.6125151, 51.7035435 ], [ 19.6127715, 51.7038427 ], [ 19.6131318, 51.7042674 ], [ 19.6134766, 51.7046734 ], [ 19.613869, 51.7051386 ], [ 19.6142044, 51.705533 ], [ 19.6146311, 51.7060433 ], [ 19.6151846, 51.7067144 ], [ 19.6152903, 51.706842 ], [ 19.6153434, 51.7069061 ], [ 19.6158023, 51.7074581 ], [ 19.6161834, 51.7078905 ], [ 19.6166257, 51.7083969 ], [ 19.616579, 51.7084117 ], [ 19.6166518, 51.7084903 ], [ 19.6167098, 51.7085545 ], [ 19.6172196, 51.7091381 ], [ 19.6178135, 51.7098123 ], [ 19.6183306, 51.7104061 ], [ 19.6187106, 51.7108436 ], [ 19.6190294, 51.7112065 ], [ 19.6194893, 51.711736 ], [ 19.6198725, 51.712203 ], [ 19.6202867, 51.7126669 ], [ 19.6207747, 51.7132214 ], [ 19.6210893, 51.7136106 ], [ 19.6216614, 51.7143292 ], [ 19.6219252, 51.7146644 ], [ 19.6222346, 51.7150324 ], [ 19.6225482, 51.7154003 ], [ 19.6228659, 51.7157657 ], [ 19.6233622, 51.7163318 ], [ 19.6239519, 51.7170053 ], [ 19.6245022, 51.7176338 ], [ 19.6247909, 51.7179824 ], [ 19.6252903, 51.7185755 ], [ 19.6257503, 51.7191249 ], [ 19.6260794, 51.7195134 ], [ 19.6265446, 51.7200588 ], [ 19.6270253, 51.7206217 ], [ 19.6273887, 51.7210513 ], [ 19.627832, 51.7215762 ], [ 19.6283367, 51.7221621 ], [ 19.6288075, 51.7227176 ], [ 19.6289015, 51.7228285 ], [ 19.6292161, 51.7231977 ], [ 19.6292776, 51.7232612 ], [ 19.6295111, 51.7234849 ], [ 19.6294658, 51.7237098 ], [ 19.6294373, 51.7238494 ], [ 19.629436, 51.7238808 ], [ 19.6294282, 51.7240079 ], [ 19.6294138, 51.7242249 ], [ 19.6294091, 51.7243109 ], [ 19.6293994, 51.7244453 ], [ 19.6293927, 51.7245651 ], [ 19.6293857, 51.7246907 ], [ 19.6293776, 51.7248158 ], [ 19.6293699, 51.7249341 ], [ 19.6293609, 51.7250706 ], [ 19.6293531, 51.7251956 ], [ 19.6293401, 51.7253487 ], [ 19.6293287, 51.7254891 ], [ 19.6293126, 51.725676 ], [ 19.6293008, 51.7258284 ], [ 19.6292884, 51.7259705 ], [ 19.6292777, 51.726104 ], [ 19.6292666, 51.7262294 ], [ 19.6292485, 51.7264477 ], [ 19.6292371, 51.7265775 ], [ 19.6292278, 51.7266986 ], [ 19.6292123, 51.7268774 ], [ 19.6292529, 51.7271222 ], [ 19.6292613, 51.7273137 ], [ 19.629269, 51.7274801 ], [ 19.6292512, 51.7275872 ], [ 19.6292164, 51.7277965 ], [ 19.6291808, 51.7280127 ], [ 19.6291597, 51.7281388 ], [ 19.6291352, 51.7282893 ], [ 19.6291081, 51.7284474 ], [ 19.6290873, 51.7285755 ], [ 19.6290859, 51.7285967 ], [ 19.6290702, 51.728812 ], [ 19.6290581, 51.7289802 ], [ 19.6290494, 51.7291036 ], [ 19.6290373, 51.7292664 ], [ 19.6290263, 51.7294176 ], [ 19.6290135, 51.7296009 ], [ 19.6290035, 51.7297384 ], [ 19.6289924, 51.7298981 ], [ 19.6289776, 51.7300941 ], [ 19.6289656, 51.730264 ], [ 19.6289528, 51.7304318 ], [ 19.6289397, 51.7305857 ], [ 19.6289273, 51.7307483 ], [ 19.628916, 51.7308926 ], [ 19.6289143, 51.7309532 ], [ 19.6288916, 51.7312153 ], [ 19.628833, 51.7319039 ], [ 19.6288189, 51.7320692 ], [ 19.6288056, 51.7322686 ], [ 19.6288001, 51.7323514 ], [ 19.6287657, 51.7328649 ], [ 19.6287627, 51.7329104 ], [ 19.6287602, 51.7329472 ], [ 19.6287548, 51.7330374 ], [ 19.6287498, 51.73311 ], [ 19.6287485, 51.7331224 ], [ 19.6287269, 51.7334455 ], [ 19.628704, 51.7337879 ], [ 19.6286856, 51.7340575 ], [ 19.628669, 51.7343005 ], [ 19.6286118, 51.7350119 ], [ 19.6285846, 51.7353508 ], [ 19.6285781, 51.7354324 ], [ 19.6285095, 51.7359174 ], [ 19.6285046, 51.7360185 ], [ 19.6284989, 51.7361357 ], [ 19.6284951, 51.7362153 ], [ 19.62849, 51.7363207 ], [ 19.6284881, 51.7363609 ], [ 19.6284869, 51.7363875 ], [ 19.628485, 51.736417 ], [ 19.628471, 51.736957 ], [ 19.628471, 51.736967 ], [ 19.628463, 51.737243 ], [ 19.62846, 51.737276 ], [ 19.628435, 51.737506 ], [ 19.628401, 51.737831 ], [ 19.628378, 51.738042 ], [ 19.628361, 51.738738 ], [ 19.628348, 51.738843 ], [ 19.628281, 51.739371 ], [ 19.628274, 51.739427 ], [ 19.628267, 51.739538 ], [ 19.62824, 51.739941 ], [ 19.62818, 51.740781 ], [ 19.628173, 51.740874 ], [ 19.628167, 51.740953 ], [ 19.628136, 51.741241 ], [ 19.628116, 51.741434 ], [ 19.62808, 51.741768 ], [ 19.628068, 51.741869 ], [ 19.628066, 51.741901 ], [ 19.628042, 51.742146 ], [ 19.62804, 51.742164 ], [ 19.628042, 51.742243 ], [ 19.628044, 51.742293 ], [ 19.628044, 51.742309 ], [ 19.628056, 51.742727 ], [ 19.628056, 51.74273 ], [ 19.628032, 51.743055 ], [ 19.62801, 51.743351 ], [ 19.627982, 51.743735 ], [ 19.62797, 51.743894 ], [ 19.627937, 51.744343 ], [ 19.627924, 51.744525 ], [ 19.627922, 51.744594 ], [ 19.627919, 51.744641 ], [ 19.627902, 51.744933 ], [ 19.627892, 51.745094 ], [ 19.627875, 51.745376 ], [ 19.627854, 51.745718 ], [ 19.627832, 51.746079 ], [ 19.627797, 51.746499 ], [ 19.62778, 51.746699 ], [ 19.627776, 51.746745 ], [ 19.627762, 51.746906 ], [ 19.627757, 51.746965 ], [ 19.627724, 51.747482 ], [ 19.627703, 51.747821 ], [ 19.62768, 51.748184 ], [ 19.628692, 51.748708 ], [ 19.628971, 51.748852 ], [ 19.629248, 51.748995 ], [ 19.629424, 51.749086 ], [ 19.629817, 51.749288 ], [ 19.630295, 51.749535 ], [ 19.630597, 51.749691 ], [ 19.630918, 51.749894 ], [ 19.630959, 51.749916 ], [ 19.631831, 51.750379 ], [ 19.633028, 51.751019 ], [ 19.6330595, 51.7510329 ], [ 19.633089, 51.751046 ], [ 19.634322, 51.751694 ], [ 19.635326, 51.752222 ], [ 19.637332, 51.753273 ], [ 19.638069, 51.753666 ], [ 19.638321, 51.753801 ], [ 19.6399456, 51.7546634 ], [ 19.639363, 51.754693 ], [ 19.638674, 51.754727 ], [ 19.638241, 51.754748 ], [ 19.637383, 51.754791 ], [ 19.636831, 51.754819 ], [ 19.636505, 51.754836 ], [ 19.636329, 51.754845 ], [ 19.635686, 51.754874 ], [ 19.6348, 51.754915 ], [ 19.633929, 51.754954 ], [ 19.633447, 51.754976 ], [ 19.633307, 51.754982 ], [ 19.63311, 51.754989 ], [ 19.6324, 51.755015 ], [ 19.632195, 51.755026 ], [ 19.631352, 51.755072 ], [ 19.631277, 51.755079 ], [ 19.631241, 51.755083 ], [ 19.628863, 51.755181 ], [ 19.627498, 51.755241 ], [ 19.626594, 51.755281 ], [ 19.625926, 51.755316 ], [ 19.625891, 51.755318 ], [ 19.625061, 51.755361 ], [ 19.623944, 51.755403 ], [ 19.623728, 51.755411 ], [ 19.623519, 51.755421 ], [ 19.622537, 51.755466 ], [ 19.621648, 51.755507 ], [ 19.621573, 51.755506 ], [ 19.620997, 51.755536 ], [ 19.62065, 51.755555 ], [ 19.6205, 51.755685 ], [ 19.621194, 51.756034 ], [ 19.621703, 51.756289 ], [ 19.622149, 51.756514 ], [ 19.622537, 51.756707 ], [ 19.623144, 51.757011 ], [ 19.624533, 51.757707 ], [ 19.624342, 51.757858 ], [ 19.624057, 51.758081 ], [ 19.623576, 51.758458 ], [ 19.622769, 51.759089 ], [ 19.62262, 51.759198 ], [ 19.622194, 51.759532 ], [ 19.621682, 51.759934 ], [ 19.621187, 51.760322 ], [ 19.620329, 51.760967 ], [ 19.619037, 51.762017 ], [ 19.618862, 51.762158 ], [ 19.61827, 51.762573 ], [ 19.6178989, 51.7628629 ], [ 19.617013, 51.763546 ], [ 19.617001, 51.763555 ], [ 19.6169779, 51.7635759 ], [ 19.618882, 51.76454 ], [ 19.619357, 51.764781 ], [ 19.619505, 51.764855 ], [ 19.619776, 51.764996 ], [ 19.622541, 51.766425 ], [ 19.624315, 51.767343 ], [ 19.622561, 51.768652 ], [ 19.622441, 51.768739 ], [ 19.61972, 51.770832 ], [ 19.61804, 51.772126 ], [ 19.617725, 51.772368 ], [ 19.617409, 51.772612 ], [ 19.616855, 51.773037 ], [ 19.616102, 51.773615 ], [ 19.61592, 51.773755 ], [ 19.615738, 51.773894 ], [ 19.615556, 51.774034 ], [ 19.614613, 51.774758 ], [ 19.613668, 51.775469 ], [ 19.613623, 51.775504 ], [ 19.613425, 51.77566 ], [ 19.613029, 51.77597 ], [ 19.612906, 51.776066 ], [ 19.612831, 51.776124 ], [ 19.612354, 51.776489 ], [ 19.612172, 51.776629 ], [ 19.611807, 51.776908 ], [ 19.611625, 51.777048 ], [ 19.611443, 51.777187 ], [ 19.611312, 51.777288 ], [ 19.611279, 51.777313 ], [ 19.610805, 51.777682 ], [ 19.610437, 51.777967 ], [ 19.60928, 51.778864 ], [ 19.6118819, 51.7802281 ], [ 19.6124348, 51.7805176 ], [ 19.6140309, 51.7813478 ], [ 19.6147436, 51.7817176 ], [ 19.6167643, 51.7827716 ], [ 19.6183006, 51.7835301 ], [ 19.6165051, 51.7851699 ], [ 19.6165158, 51.7852261 ], [ 19.6166399, 51.7857189 ], [ 19.6170901, 51.7873543 ], [ 19.6171652, 51.7876605 ], [ 19.617186, 51.7877364 ], [ 19.6172075, 51.7878149 ], [ 19.6172473, 51.7879602 ], [ 19.6173798, 51.7884436 ], [ 19.61753, 51.7887622 ], [ 19.6174978, 51.790043 ], [ 19.6174384, 51.792049 ], [ 19.6176746, 51.7920392 ], [ 19.6185132, 51.7919887 ], [ 19.618864, 51.792044 ], [ 19.619358, 51.792231 ], [ 19.619326, 51.792419 ], [ 19.619208, 51.793098 ], [ 19.619178, 51.793267 ], [ 19.619118, 51.793559 ], [ 19.618833, 51.794949 ], [ 19.618816, 51.795041 ], [ 19.618726, 51.795565 ], [ 19.618675, 51.79586 ], [ 19.618626, 51.796149 ], [ 19.618583, 51.796369 ], [ 19.6185, 51.796798 ], [ 19.61832, 51.797634 ], [ 19.618273, 51.797904 ], [ 19.61821, 51.798273 ], [ 19.61814, 51.79864 ], [ 19.618065, 51.799032 ], [ 19.618043, 51.799161 ], [ 19.618009, 51.799335 ], [ 19.617905, 51.799873 ], [ 19.617848, 51.800237 ], [ 19.617808, 51.80043 ], [ 19.61766, 51.80114 ], [ 19.617578, 51.801525 ], [ 19.617553, 51.801593 ], [ 19.617413, 51.801852 ], [ 19.617222, 51.802208 ], [ 19.617028, 51.802568 ], [ 19.616783, 51.80301 ], [ 19.616711, 51.803141 ], [ 19.616529, 51.803458 ], [ 19.616174, 51.80405 ], [ 19.615858, 51.804576 ], [ 19.615813, 51.804627 ], [ 19.615597, 51.805015 ], [ 19.615264, 51.805612 ], [ 19.6150903, 51.8059243 ], [ 19.614799, 51.806448 ], [ 19.6147332, 51.8065371 ], [ 19.614686, 51.806601 ], [ 19.614679, 51.806611 ], [ 19.614514, 51.806836 ], [ 19.614414, 51.806972 ], [ 19.613766, 51.807856 ], [ 19.61358, 51.808111 ], [ 19.613696, 51.80829 ], [ 19.613827, 51.808493 ], [ 19.614348, 51.8093 ], [ 19.614229, 51.809501 ], [ 19.614067, 51.809776 ], [ 19.614069, 51.809877 ], [ 19.61425, 51.810359 ], [ 19.6146, 51.811289 ], [ 19.614613, 51.811324 ], [ 19.614709, 51.811579 ], [ 19.614819, 51.811872 ], [ 19.614835, 51.811897 ], [ 19.615083, 51.81228 ], [ 19.615229, 51.812505 ], [ 19.615376, 51.812731 ], [ 19.615522, 51.812956 ], [ 19.615667, 51.81318 ], [ 19.615813, 51.813406 ], [ 19.615959, 51.813631 ], [ 19.616105, 51.813856 ], [ 19.616251, 51.814081 ], [ 19.61646, 51.814403 ], [ 19.6133004, 51.813816 ], [ 19.6124811, 51.8137285 ], [ 19.6117729, 51.8138536 ], [ 19.6113535, 51.8139882 ], [ 19.6113454, 51.8140546 ], [ 19.609586, 51.8145587 ], [ 19.6073149, 51.815017 ], [ 19.607062, 51.8150232 ], [ 19.6049478, 51.8152171 ], [ 19.6045128, 51.8152234 ], [ 19.6031674, 51.8151858 ], [ 19.6024188, 51.8150983 ], [ 19.6011745, 51.8151796 ], [ 19.5999428, 51.8151379 ], [ 19.5998797, 51.8151358 ], [ 19.5990805, 51.8150545 ], [ 19.5981701, 51.8149419 ], [ 19.5958687, 51.8152094 ], [ 19.5955665, 51.8152787 ], [ 19.5946262, 51.8154056 ], [ 19.5934759, 51.8155522 ], [ 19.5924928, 51.8156645 ], [ 19.5922578, 51.8156898 ], [ 19.5921593, 51.8156683 ], [ 19.5921108, 51.8156605 ], [ 19.5920888, 51.8156569 ], [ 19.5918992, 51.8156731 ], [ 19.5899731, 51.8158086 ], [ 19.5894691, 51.8158474 ], [ 19.5891742, 51.8158648 ], [ 19.5888044, 51.8158976 ], [ 19.5886779, 51.8159291 ], [ 19.5886422, 51.8159471 ], [ 19.5885546, 51.8159913 ], [ 19.5884791, 51.8160538 ], [ 19.5883705, 51.8160623 ], [ 19.5874311, 51.816105 ], [ 19.5856003, 51.8160525 ], [ 19.5853093, 51.8160592 ], [ 19.5845659, 51.8160589 ], [ 19.5827639, 51.8160551 ], [ 19.5826422, 51.8160373 ], [ 19.582386, 51.8159761 ], [ 19.582257, 51.8159587 ], [ 19.5815879, 51.8159244 ], [ 19.5806213, 51.8158806 ], [ 19.5798106, 51.815776 ], [ 19.5791805, 51.8155844 ], [ 19.5788959, 51.8154833 ], [ 19.5786284, 51.8154194 ], [ 19.5784335, 51.8153979 ], [ 19.5779101, 51.8154613 ], [ 19.5776597, 51.8153687 ], [ 19.5766151, 51.8148053 ], [ 19.5760466, 51.8146391 ], [ 19.5746818, 51.8144146 ], [ 19.5743596, 51.81436 ], [ 19.5739162, 51.814289 ], [ 19.5726417, 51.81402 ], [ 19.5718571, 51.813567 ], [ 19.5705096, 51.8128771 ], [ 19.5691963, 51.8116991 ], [ 19.5690042, 51.8117368 ], [ 19.5670125, 51.8112565 ], [ 19.5667872, 51.8111752 ], [ 19.5659906, 51.8107689 ], [ 19.5656794, 51.8106396 ], [ 19.565234, 51.8104685 ], [ 19.5642528, 51.8100936 ], [ 19.5633352, 51.8096961 ], [ 19.5628261, 51.8094557 ], [ 19.5625659, 51.8093406 ], [ 19.5624306, 51.8092827 ], [ 19.5622876, 51.8092377 ], [ 19.5621977, 51.8092071 ], [ 19.5621027, 51.8091846 ], [ 19.5620051, 51.809162 ], [ 19.5619084, 51.8091456 ], [ 19.5602325, 51.8089702 ], [ 19.5600323, 51.8089517 ], [ 19.5599459, 51.8091619 ], [ 19.5542363, 51.8125907 ], [ 19.5539462, 51.81265 ], [ 19.5472417, 51.8166742 ], [ 19.5478811, 51.8185202 ], [ 19.5482501, 51.8201384 ], [ 19.5486747, 51.8216617 ], [ 19.5486989, 51.8217788 ], [ 19.5486492, 51.821795 ], [ 19.5486646, 51.8218652 ], [ 19.54893, 51.8230746 ], [ 19.5489424, 51.823132 ], [ 19.5490758, 51.8235441 ], [ 19.54915, 51.8236329 ], [ 19.5491784, 51.8237305 ], [ 19.5492947, 51.8241341 ], [ 19.5493611, 51.8243976 ], [ 19.5493728, 51.8246298 ], [ 19.5493484, 51.8248953 ], [ 19.5492747, 51.8251307 ], [ 19.5491851, 51.8253167 ], [ 19.5489896, 51.825706 ], [ 19.5488473, 51.8259718 ], [ 19.5484835, 51.8266512 ], [ 19.5484125, 51.8267631 ], [ 19.5483374, 51.8268634 ], [ 19.5482582, 51.8269554 ], [ 19.5478774, 51.8273433 ], [ 19.5475743, 51.8276881 ], [ 19.5473812, 51.8278746 ], [ 19.5473168, 51.8279442 ], [ 19.5472578, 51.8280313 ], [ 19.5472143, 51.8281216 ], [ 19.5587304, 51.8353184 ], [ 19.5605805, 51.8359466 ], [ 19.560779, 51.8359764 ], [ 19.5612967, 51.835998 ], [ 19.5617795, 51.8360162 ], [ 19.5621899, 51.8360526 ], [ 19.5627075, 51.8361471 ], [ 19.5632306, 51.8362383 ], [ 19.5636812, 51.8362996 ], [ 19.5643285, 51.8363874 ], [ 19.5644549, 51.83643 ], [ 19.564846, 51.8365624 ], [ 19.5652147, 51.8366935 ], [ 19.5656376, 51.8368439 ], [ 19.5660945, 51.8369846 ], [ 19.5666331, 51.8372086 ], [ 19.566729, 51.8372379 ], [ 19.5673088, 51.8374152 ], [ 19.5684084, 51.8377515 ], [ 19.5640676, 51.8443676 ], [ 19.5630702, 51.8458877 ], [ 19.5600883, 51.8455864 ], [ 19.5602604, 51.846194 ], [ 19.559985, 51.8461621 ], [ 19.5594663, 51.8461065 ], [ 19.5563325, 51.8484674 ], [ 19.5550321, 51.8471022 ], [ 19.5533503, 51.8454132 ], [ 19.5516784, 51.8435667 ], [ 19.5471435, 51.844421 ], [ 19.5355213, 51.8467579 ], [ 19.5337233, 51.8469024 ], [ 19.533384, 51.8469315 ], [ 19.5291264, 51.8472966 ], [ 19.5279833, 51.8473711 ], [ 19.5260703, 51.8475102 ], [ 19.5248597, 51.8476068 ], [ 19.5247636, 51.8476285 ], [ 19.5235095, 51.8479116 ], [ 19.5206194, 51.8484708 ], [ 19.5170946, 51.8492141 ], [ 19.5151748, 51.8496264 ], [ 19.5143824, 51.8497965 ], [ 19.5133555, 51.8508206 ], [ 19.5107311, 51.8538397 ], [ 19.5098996, 51.8547277 ], [ 19.5098298, 51.8550756 ], [ 19.5097333, 51.8554434 ], [ 19.5086765, 51.8566527 ], [ 19.5083649, 51.8573201 ], [ 19.5080006, 51.8581006 ], [ 19.506638, 51.8595649 ], [ 19.5065261, 51.8598252 ], [ 19.5044404, 51.8591891 ], [ 19.5042843, 51.8591387 ], [ 19.5040149, 51.8590734 ], [ 19.5038179, 51.8593172 ], [ 19.4949128, 51.856894 ], [ 19.4936268, 51.856544 ], [ 19.4929724, 51.8572157 ], [ 19.4914355, 51.8587758 ], [ 19.4911146, 51.859107 ], [ 19.4902811, 51.8590582 ], [ 19.4809386, 51.8560779 ], [ 19.473847, 51.8537918 ], [ 19.4724097, 51.85335 ], [ 19.465635, 51.8512658 ], [ 19.4643884, 51.8508871 ], [ 19.4572285, 51.8486039 ], [ 19.4572019, 51.8486115 ], [ 19.4453249, 51.8504535 ], [ 19.4452485, 51.8504909 ], [ 19.4452566, 51.8504382 ], [ 19.4452162, 51.8503043 ], [ 19.4453368, 51.8497302 ], [ 19.4454821, 51.8490351 ], [ 19.4454862, 51.8489512 ], [ 19.4454502, 51.8488968 ], [ 19.4457839, 51.8487775 ], [ 19.4461558, 51.8486549 ], [ 19.4467225, 51.8484563 ], [ 19.4469752, 51.8483663 ], [ 19.448915, 51.8476558 ], [ 19.4517989, 51.8466325 ], [ 19.4540305, 51.8458743 ], [ 19.454288, 51.8454288 ], [ 19.4543566, 51.8452486 ], [ 19.4544253, 51.844994 ], [ 19.4545454, 51.8447077 ], [ 19.4546656, 51.8445168 ], [ 19.4545993, 51.8444581 ], [ 19.4546484, 51.8443577 ], [ 19.4547085, 51.8442623 ], [ 19.4547858, 51.8441032 ], [ 19.4549231, 51.8439918 ], [ 19.4549317, 51.8438699 ], [ 19.4549918, 51.8437797 ], [ 19.4550175, 51.8436631 ], [ 19.4550862, 51.8435729 ], [ 19.4550862, 51.8434351 ], [ 19.455172, 51.8433184 ], [ 19.455172, 51.8432442 ], [ 19.4551969, 51.843231 ], [ 19.4551366, 51.8431918 ], [ 19.4550913, 51.8431677 ], [ 19.455084, 51.8431485 ], [ 19.4550612, 51.8431435 ], [ 19.4549494, 51.8431336 ], [ 19.4546419, 51.8431177 ], [ 19.4544019, 51.8428674 ], [ 19.4543964, 51.8428487 ], [ 19.4542543, 51.842662 ], [ 19.4540347, 51.842218 ], [ 19.4545789, 51.8420445 ], [ 19.4546042, 51.8420243 ], [ 19.455509, 51.8417049 ], [ 19.4557851, 51.8417233 ], [ 19.4558017, 51.8417267 ], [ 19.4558157, 51.8417116 ], [ 19.4559617, 51.841648 ], [ 19.4559359, 51.841473 ], [ 19.4560303, 51.8414094 ], [ 19.4560904, 51.8412344 ], [ 19.4563927, 51.8409236 ], [ 19.4566844, 51.8402405 ], [ 19.4567386, 51.8397639 ], [ 19.4565913, 51.8393338 ], [ 19.456526, 51.839023 ], [ 19.4563341, 51.8377587 ], [ 19.4562152, 51.8371019 ], [ 19.4559359, 51.8364944 ], [ 19.4550857, 51.8363795 ], [ 19.454154, 51.8362964 ], [ 19.4534441, 51.8362677 ], [ 19.4510354, 51.8360403 ], [ 19.4507661, 51.8359919 ], [ 19.4505423, 51.8359043 ], [ 19.4504383, 51.8358727 ], [ 19.449819, 51.8357044 ], [ 19.4495045, 51.8356187 ], [ 19.4490779, 51.8355003 ], [ 19.4488598, 51.8354424 ], [ 19.4487255, 51.8354114 ], [ 19.4484048, 51.835371 ], [ 19.4483657, 51.8353638 ], [ 19.4469117, 51.8352048 ], [ 19.4468666, 51.8351994 ], [ 19.4457527, 51.8350657 ], [ 19.4447932, 51.8349558 ], [ 19.4446386, 51.834941 ], [ 19.4435713, 51.8347676 ], [ 19.4418282, 51.8346423 ], [ 19.4398019, 51.8343776 ], [ 19.4369462, 51.8340488 ], [ 19.436376, 51.8330778 ], [ 19.4362142, 51.8322974 ], [ 19.4334818, 51.8319574 ], [ 19.4332614, 51.8319308 ], [ 19.4318222, 51.8317451 ], [ 19.429667, 51.8311878 ], [ 19.4261516, 51.8310812 ], [ 19.4254199, 51.8310988 ], [ 19.4252938, 51.8311019 ], [ 19.4252833, 51.8311022 ], [ 19.4249718, 51.8311115 ], [ 19.4234858, 51.8309385 ], [ 19.4221888, 51.8306432 ], [ 19.4197001, 51.8299713 ], [ 19.4186925, 51.8296448 ], [ 19.4180763, 51.8294997 ], [ 19.4171825, 51.8293324 ], [ 19.4171299, 51.8293196 ], [ 19.4160514, 51.828998 ], [ 19.4138036, 51.8284925 ], [ 19.4121294, 51.8283273 ], [ 19.4108983, 51.8280991 ], [ 19.4097886, 51.8280495 ], [ 19.4090262, 51.8280716 ], [ 19.4072751, 51.8282468 ], [ 19.4058716, 51.82853 ], [ 19.4051747, 51.8286435 ], [ 19.4044519, 51.8287685 ], [ 19.4040414, 51.8288187 ], [ 19.4026125, 51.8288595 ], [ 19.399152, 51.8294293 ], [ 19.3964002, 51.8261097 ], [ 19.3949468, 51.8260941 ], [ 19.3911162, 51.8259539 ], [ 19.3910517, 51.8259451 ], [ 19.3909961, 51.8259375 ], [ 19.3901997, 51.8259266 ], [ 19.3890372, 51.8258827 ], [ 19.388458, 51.825862 ], [ 19.3881679, 51.8258511 ], [ 19.3880275, 51.8258488 ], [ 19.3878963, 51.8258506 ], [ 19.3877514, 51.8258539 ], [ 19.3876213, 51.8258602 ], [ 19.3874969, 51.8258731 ], [ 19.3873677, 51.8258926 ], [ 19.387215, 51.8257979 ], [ 19.3865416, 51.8253995 ], [ 19.3850837, 51.824345 ], [ 19.383726, 51.8235733 ], [ 19.3829484, 51.8227948 ], [ 19.3827663, 51.822536 ], [ 19.3825025, 51.8221609 ], [ 19.3812543, 51.8214864 ], [ 19.3807917, 51.821622 ], [ 19.3828842, 51.8283792 ], [ 19.3826838, 51.828503 ], [ 19.3832356, 51.8299148 ], [ 19.3829692, 51.8301391 ], [ 19.3836195, 51.8312894 ], [ 19.3837298, 51.831653 ], [ 19.3832715, 51.8316989 ], [ 19.3833795, 51.8320877 ], [ 19.3827729, 51.8322451 ], [ 19.3832251, 51.8323873 ], [ 19.3837288, 51.8340257 ], [ 19.3844231, 51.836139 ], [ 19.3843419, 51.8361661 ], [ 19.3829094, 51.8367205 ], [ 19.3828388, 51.8367414 ], [ 19.382733, 51.8367562 ], [ 19.3816016, 51.8368088 ], [ 19.3815424, 51.8368204 ], [ 19.3814909, 51.8368491 ], [ 19.3813408, 51.8369933 ], [ 19.381272, 51.8370722 ], [ 19.3812311, 51.8371068 ], [ 19.381189, 51.8371322 ], [ 19.3811295, 51.8371555 ], [ 19.3810606, 51.8371625 ], [ 19.3802753, 51.8371138 ], [ 19.3796071, 51.8370785 ], [ 19.3786756, 51.837031 ], [ 19.3782256, 51.8370112 ], [ 19.3780776, 51.8369967 ], [ 19.3779566, 51.8369811 ], [ 19.3776202, 51.8369173 ], [ 19.3775828, 51.836919 ], [ 19.3775463, 51.8369319 ], [ 19.377421, 51.8369942 ], [ 19.3773749, 51.837002 ], [ 19.3773, 51.8369846 ], [ 19.3771936, 51.8370122 ], [ 19.3771218, 51.8369413 ], [ 19.3769882, 51.8369567 ], [ 19.3767411, 51.8369003 ], [ 19.376578, 51.8368685 ], [ 19.3762347, 51.8369162 ], [ 19.3760115, 51.8370276 ], [ 19.3758914, 51.8369427 ], [ 19.3756939, 51.8367889 ], [ 19.3754279, 51.8367571 ], [ 19.3753764, 51.8368472 ], [ 19.3751189, 51.8368472 ], [ 19.3750416, 51.8367836 ], [ 19.3748185, 51.8368791 ], [ 19.3745696, 51.8368897 ], [ 19.3745095, 51.8368472 ], [ 19.3742606, 51.836826 ], [ 19.3741232, 51.8368738 ], [ 19.3740889, 51.8368738 ], [ 19.3739602, 51.8368632 ], [ 19.3736941, 51.8368366 ], [ 19.3736168, 51.8366934 ], [ 19.3735224, 51.8366086 ], [ 19.3734624, 51.8367677 ], [ 19.3733851, 51.8366563 ], [ 19.3733079, 51.8367253 ], [ 19.3731019, 51.8367571 ], [ 19.3729474, 51.8367412 ], [ 19.3727843, 51.8367465 ], [ 19.3726985, 51.8367995 ], [ 19.3724066, 51.8368366 ], [ 19.372235, 51.8367995 ], [ 19.3717887, 51.8368632 ], [ 19.3715655, 51.8368738 ], [ 19.3713938, 51.8368791 ], [ 19.3712737, 51.8369321 ], [ 19.3710763, 51.836948 ], [ 19.3709046, 51.8369851 ], [ 19.3707587, 51.8369851 ], [ 19.3704239, 51.8370541 ], [ 19.370278, 51.8370382 ], [ 19.3700978, 51.8370329 ], [ 19.3699862, 51.8369957 ], [ 19.3697287, 51.8369427 ], [ 19.3694455, 51.8369321 ], [ 19.3692738, 51.8368791 ], [ 19.3690163, 51.8368366 ], [ 19.3687932, 51.8368207 ], [ 19.3686558, 51.8367889 ], [ 19.3685357, 51.8367465 ], [ 19.3682438, 51.8367253 ], [ 19.367849, 51.8366616 ], [ 19.3677203, 51.8366457 ], [ 19.3674885, 51.8366775 ], [ 19.3673169, 51.836598 ], [ 19.3669564, 51.8365449 ], [ 19.3665015, 51.8364283 ], [ 19.3659264, 51.8364017 ], [ 19.3655144, 51.8363646 ], [ 19.3653256, 51.8363063 ], [ 19.3651797, 51.8363222 ], [ 19.3649823, 51.8362957 ], [ 19.3648879, 51.8362161 ], [ 19.3646132, 51.8362055 ], [ 19.3643729, 51.8361843 ], [ 19.3641583, 51.8361366 ], [ 19.363918, 51.8361419 ], [ 19.3637292, 51.8360941 ], [ 19.3635146, 51.836057 ], [ 19.3632056, 51.8359934 ], [ 19.3629567, 51.8359828 ], [ 19.3627678, 51.8359085 ], [ 19.3626048, 51.8358926 ], [ 19.3623988, 51.8358873 ], [ 19.3623473, 51.8358343 ], [ 19.3622271, 51.8358343 ], [ 19.362064, 51.8358343 ], [ 19.361961, 51.8358237 ], [ 19.3618237, 51.8357282 ], [ 19.3615834, 51.835638 ], [ 19.3614117, 51.8356221 ], [ 19.3612315, 51.835516 ], [ 19.3609654, 51.8354365 ], [ 19.3606307, 51.8353622 ], [ 19.3604418, 51.8353569 ], [ 19.3599955, 51.8353888 ], [ 19.359635, 51.83541 ], [ 19.3593604, 51.83541 ], [ 19.3587338, 51.8354153 ], [ 19.358564, 51.835426 ], [ 19.3582274, 51.8354471 ], [ 19.3577124, 51.8355479 ], [ 19.357309, 51.8356486 ], [ 19.3570687, 51.8356009 ], [ 19.3568369, 51.8355585 ], [ 19.356528, 51.8354895 ], [ 19.3561074, 51.8354418 ], [ 19.3559271, 51.8354365 ], [ 19.355601, 51.8354365 ], [ 19.3553349, 51.8354418 ], [ 19.3547751, 51.8354093 ], [ 19.3547605, 51.8355344 ], [ 19.3532331, 51.8368344 ], [ 19.3516529, 51.8380193 ], [ 19.3513582, 51.8384665 ], [ 19.3491395, 51.8375121 ], [ 19.3518413, 51.8349972 ], [ 19.3514814, 51.8299265 ], [ 19.3435934, 51.8304628 ], [ 19.3437704, 51.8203685 ], [ 19.3395235, 51.8202539 ], [ 19.3366309, 51.8202073 ], [ 19.336682, 51.8164688 ], [ 19.3409642, 51.8166063 ], [ 19.3409408, 51.8161919 ], [ 19.3410111, 51.8159445 ], [ 19.341008, 51.8155743 ], [ 19.3411172, 51.8151706 ], [ 19.3421442, 51.8141502 ], [ 19.3379251, 51.8124522 ], [ 19.3378583, 51.8123293 ], [ 19.3355623, 51.8080455 ], [ 19.3254876, 51.8078474 ], [ 19.3234669, 51.8080513 ], [ 19.3222578, 51.8079792 ], [ 19.3215408, 51.8080364 ], [ 19.3208636, 51.8080883 ] ] ] } },
{ "type": "Feature", "properties": { "bbox_west": 7.9215923, "bbox_south": 50.8114072, "bbox_east": 8.1279162, "bbox_north": 50.9513102, "place_id": 126571849, "osm_type": "relation", "osm_id": 163256, "lat": 50.8751175, "lon": 8.0256131, "class": "boundary", "type": "administrative", "place_rank": 16, "importance": 0.58243334066558861, "addresstype": "city", "name": "Siegen", "display_name": "Siegen, Kreis Siegen-Wittgenstein, North Rhine-Westphalia, Germany", "city": "Siegen Germany" }, "geometry": { "type": "Polygon", "coordinates": [ [ [ 7.9215923, 50.937702 ], [ 7.9218208, 50.9376477 ], [ 7.9220013, 50.9375507 ], [ 7.9222274, 50.9372904 ], [ 7.9222862, 50.9368786 ], [ 7.9223651, 50.9367763 ], [ 7.9223688, 50.9366396 ], [ 7.9225902, 50.9362009 ], [ 7.9226741, 50.9361112 ], [ 7.9229094, 50.9358168 ], [ 7.9233765, 50.935453 ], [ 7.9235751, 50.935154 ], [ 7.9238176, 50.9348702 ], [ 7.9242028, 50.9346869 ], [ 7.9245597, 50.9345871 ], [ 7.9250034, 50.9345774 ], [ 7.9252687, 50.9345738 ], [ 7.9258873, 50.9345247 ], [ 7.9266276, 50.9342524 ], [ 7.9270652, 50.9335037 ], [ 7.9274735, 50.93303 ], [ 7.927742, 50.9330764 ], [ 7.9279976, 50.9329721 ], [ 7.9279534, 50.9330903 ], [ 7.9280123, 50.933037 ], [ 7.9288261, 50.9328508 ], [ 7.9292186, 50.9326638 ], [ 7.9295937, 50.9325525 ], [ 7.930013, 50.9322744 ], [ 7.9304852, 50.9321284 ], [ 7.9317678, 50.9320894 ], [ 7.9325653, 50.9316949 ], [ 7.9329565, 50.931567 ], [ 7.9337642, 50.9315327 ], [ 7.9345292, 50.9314122 ], [ 7.9353677, 50.9311526 ], [ 7.9363469, 50.9310832 ], [ 7.9379053, 50.9306658 ], [ 7.938582, 50.9303737 ], [ 7.9390669, 50.9300377 ], [ 7.9391263, 50.9299148 ], [ 7.9391483, 50.9295022 ], [ 7.9391483, 50.9293585 ], [ 7.940134, 50.9290572 ], [ 7.9405974, 50.92883 ], [ 7.940715, 50.9288578 ], [ 7.940818, 50.9287604 ], [ 7.9403473, 50.9283154 ], [ 7.9399133, 50.9281763 ], [ 7.9393984, 50.9280465 ], [ 7.9389718, 50.9279445 ], [ 7.9391483, 50.9278332 ], [ 7.9393396, 50.9276988 ], [ 7.9394793, 50.9275458 ], [ 7.939494, 50.9273604 ], [ 7.9394205, 50.9271749 ], [ 7.9393175, 50.9269477 ], [ 7.9393249, 50.9266649 ], [ 7.9394131, 50.9264656 ], [ 7.9395775, 50.9262142 ], [ 7.9408989, 50.9262384 ], [ 7.9413476, 50.9262245 ], [ 7.9413623, 50.9255893 ], [ 7.9420464, 50.924931 ], [ 7.9423553, 50.9247223 ], [ 7.9442015, 50.9238414 ], [ 7.9445546, 50.9240037 ], [ 7.9447679, 50.9241752 ], [ 7.9451701, 50.9245117 ], [ 7.9471026, 50.9239307 ], [ 7.9472235, 50.9235947 ], [ 7.9473864, 50.9235122 ], [ 7.9477909, 50.9235678 ], [ 7.948166, 50.9235818 ], [ 7.9486235, 50.923503 ], [ 7.9493836, 50.9232825 ], [ 7.9510395, 50.9230314 ], [ 7.9508538, 50.921168 ], [ 7.9512259, 50.9210362 ], [ 7.9519099, 50.9204752 ], [ 7.9525908, 50.9197555 ], [ 7.9524837, 50.9196081 ], [ 7.9525425, 50.9194643 ], [ 7.9527779, 50.9193716 ], [ 7.9530132, 50.9191398 ], [ 7.9531383, 50.918945 ], [ 7.9536899, 50.918588 ], [ 7.9541018, 50.9181614 ], [ 7.954168, 50.9178878 ], [ 7.9544549, 50.9176559 ], [ 7.9548962, 50.9174241 ], [ 7.9550507, 50.9173267 ], [ 7.9551022, 50.9170948 ], [ 7.9552272, 50.9167563 ], [ 7.955389, 50.9164595 ], [ 7.9557579, 50.9161493 ], [ 7.9563673, 50.9154625 ], [ 7.9564703, 50.9153095 ], [ 7.9567718, 50.9150451 ], [ 7.9571175, 50.914855 ], [ 7.9577549, 50.9144008 ], [ 7.9587431, 50.9136446 ], [ 7.9586547, 50.9131698 ], [ 7.9559317, 50.9128101 ], [ 7.9559323, 50.9126531 ], [ 7.9563005, 50.9126882 ], [ 7.9561099, 50.9123971 ], [ 7.9560731, 50.9120215 ], [ 7.955948, 50.911836 ], [ 7.9557494, 50.9117108 ], [ 7.95572, 50.9115809 ], [ 7.9558156, 50.911516 ], [ 7.9560175, 50.9114545 ], [ 7.9561613, 50.9115345 ], [ 7.9563011, 50.9116366 ], [ 7.9564409, 50.9118267 ], [ 7.9565585, 50.9119334 ], [ 7.9583459, 50.9122441 ], [ 7.9583459, 50.9122951 ], [ 7.9585592, 50.9122302 ], [ 7.9586401, 50.9121699 ], [ 7.9587965, 50.9121667 ], [ 7.958473, 50.9118002 ], [ 7.9580676, 50.9109336 ], [ 7.9575278, 50.9096529 ], [ 7.9572289, 50.9094073 ], [ 7.9569748, 50.9093487 ], [ 7.9571106, 50.9087815 ], [ 7.9567277, 50.9087704 ], [ 7.9563599, 50.9085014 ], [ 7.9563203, 50.9083218 ], [ 7.9574927, 50.9077546 ], [ 7.9581399, 50.9075784 ], [ 7.9591132, 50.9075971 ], [ 7.9601087, 50.9077607 ], [ 7.9606236, 50.9069959 ], [ 7.9600314, 50.906786 ], [ 7.9595535, 50.9063879 ], [ 7.9577575, 50.9071239 ], [ 7.9573161, 50.9066879 ], [ 7.9562864, 50.9060478 ], [ 7.9562551, 50.9060033 ], [ 7.956051, 50.9057138 ], [ 7.95591, 50.9052197 ], [ 7.9557715, 50.9046563 ], [ 7.9560804, 50.9041368 ], [ 7.9563599, 50.9038121 ], [ 7.9563747, 50.9034688 ], [ 7.9563158, 50.9030654 ], [ 7.9556244, 50.9023834 ], [ 7.955139, 50.9021979 ], [ 7.9547851, 50.9019284 ], [ 7.9545366, 50.9011722 ], [ 7.9544623, 50.9006393 ], [ 7.9547641, 50.8991322 ], [ 7.9557665, 50.8978776 ], [ 7.9559192, 50.8967907 ], [ 7.9560173, 50.8966118 ], [ 7.9561442, 50.8963805 ], [ 7.9555961, 50.8962317 ], [ 7.9546339, 50.8959704 ], [ 7.9536752, 50.8956305 ], [ 7.9524758, 50.8950024 ], [ 7.95235, 50.8946422 ], [ 7.9521644, 50.8941901 ], [ 7.9516827, 50.8928042 ], [ 7.9517424, 50.8927717 ], [ 7.9517199, 50.8927514 ], [ 7.9520469, 50.8925726 ], [ 7.9523472, 50.8924234 ], [ 7.9527334, 50.8922536 ], [ 7.952801, 50.8922331 ], [ 7.9531313, 50.8922216 ], [ 7.9531898, 50.8921995 ], [ 7.9530793, 50.8921314 ], [ 7.9529401, 50.8920174 ], [ 7.9529044, 50.8919194 ], [ 7.9528277, 50.8918275 ], [ 7.9529681, 50.891702 ], [ 7.9530117, 50.8916323 ], [ 7.9531722, 50.8915031 ], [ 7.9531982, 50.8914855 ], [ 7.9534394, 50.891262 ], [ 7.9535363, 50.8912091 ], [ 7.9536111, 50.8911213 ], [ 7.9535935, 50.8911135 ], [ 7.9537359, 50.8910045 ], [ 7.9538081, 50.8909602 ], [ 7.9539596, 50.8908667 ], [ 7.9540122, 50.8908252 ], [ 7.9540837, 50.8907543 ], [ 7.9543462, 50.8905305 ], [ 7.9535017, 50.8899552 ], [ 7.9539947, 50.8893799 ], [ 7.9533621, 50.8895864 ], [ 7.9528577, 50.8899597 ], [ 7.9516084, 50.8896533 ], [ 7.9495565, 50.8893834 ], [ 7.9492647, 50.8905894 ], [ 7.9483011, 50.8903506 ], [ 7.947759, 50.8909565 ], [ 7.9471285, 50.8909803 ], [ 7.9451112, 50.8924165 ], [ 7.9438998, 50.8920657 ], [ 7.9430491, 50.8915763 ], [ 7.9446373, 50.8904925 ], [ 7.9452832, 50.8898265 ], [ 7.9443748, 50.889471 ], [ 7.944198, 50.889576 ], [ 7.9438612, 50.889777 ], [ 7.9423402, 50.8893581 ], [ 7.9407445, 50.8890248 ], [ 7.9404844, 50.8889264 ], [ 7.9402902, 50.8887474 ], [ 7.9396418, 50.8881455 ], [ 7.9390862, 50.8877989 ], [ 7.9387746, 50.8872225 ], [ 7.9396013, 50.8871064 ], [ 7.9393402, 50.8867281 ], [ 7.9393457, 50.886483 ], [ 7.9389344, 50.885317 ], [ 7.9383104, 50.8850219 ], [ 7.9381335, 50.8848447 ], [ 7.9378943, 50.8847069 ], [ 7.9378403, 50.8845691 ], [ 7.9383312, 50.8838406 ], [ 7.93856, 50.8835978 ], [ 7.9390801, 50.8831187 ], [ 7.9392986, 50.8830793 ], [ 7.9393506, 50.8830334 ], [ 7.9390801, 50.8829743 ], [ 7.9392674, 50.8824953 ], [ 7.9395898, 50.8821212 ], [ 7.9399435, 50.8815371 ], [ 7.9399747, 50.8813074 ], [ 7.9399015, 50.8812024 ], [ 7.9387553, 50.8807064 ], [ 7.9392532, 50.8797774 ], [ 7.9384806, 50.8793187 ], [ 7.9382613, 50.8791332 ], [ 7.9380286, 50.8787322 ], [ 7.9377185, 50.8777602 ], [ 7.9377149, 50.8775222 ], [ 7.9369776, 50.8769028 ], [ 7.9356099, 50.8761518 ], [ 7.935975, 50.8758833 ], [ 7.9349698, 50.8753498 ], [ 7.9345071, 50.8749597 ], [ 7.9341818, 50.8744549 ], [ 7.934231, 50.874244 ], [ 7.9347, 50.8738239 ], [ 7.9344452, 50.8734137 ], [ 7.934586, 50.8731282 ], [ 7.9351103, 50.8726688 ], [ 7.9339854, 50.8705562 ], [ 7.9357856, 50.8680418 ], [ 7.9349518, 50.8674873 ], [ 7.9338195, 50.8677018 ], [ 7.9334801, 50.8674506 ], [ 7.9323486, 50.8675711 ], [ 7.9320578, 50.8668463 ], [ 7.9318508, 50.8663866 ], [ 7.9319062, 50.8661074 ], [ 7.9313801, 50.8660988 ], [ 7.9313139, 50.8660803 ], [ 7.9313175, 50.8660431 ], [ 7.9314279, 50.8659712 ], [ 7.9316007, 50.8658458 ], [ 7.9317331, 50.8657042 ], [ 7.9318067, 50.8654768 ], [ 7.9318839, 50.865312 ], [ 7.9320935, 50.8651657 ], [ 7.9325496, 50.8650125 ], [ 7.9319641, 50.8642406 ], [ 7.9317685, 50.8639878 ], [ 7.9320669, 50.8633095 ], [ 7.9330665, 50.8634931 ], [ 7.9338268, 50.8636948 ], [ 7.9342949, 50.8637736 ], [ 7.9345909, 50.8637664 ], [ 7.9347266, 50.8634059 ], [ 7.9347474, 50.8628577 ], [ 7.9348514, 50.8623488 ], [ 7.9349086, 50.8617185 ], [ 7.9350439, 50.8608256 ], [ 7.9351895, 50.8601755 ], [ 7.9365574, 50.8602609 ], [ 7.9384039, 50.8601588 ], [ 7.9381229, 50.8598702 ], [ 7.9381073, 50.8595977 ], [ 7.9382165, 50.8595945 ], [ 7.9381905, 50.8593942 ], [ 7.9386279, 50.8582345 ], [ 7.9392144, 50.8570343 ], [ 7.9386471, 50.855509 ], [ 7.9382949, 50.8549088 ], [ 7.9379189, 50.8545613 ], [ 7.9369735, 50.8539539 ], [ 7.9363805, 50.8535008 ], [ 7.9358267, 50.8529953 ], [ 7.9364857, 50.8526678 ], [ 7.9357299, 50.8520091 ], [ 7.934763, 50.8515635 ], [ 7.9342741, 50.8513895 ], [ 7.9334299, 50.8511801 ], [ 7.9329843, 50.8510151 ], [ 7.9323705, 50.8506999 ], [ 7.9318088, 50.850342 ], [ 7.9312159, 50.8497575 ], [ 7.9306244, 50.849245 ], [ 7.9287768, 50.8482822 ], [ 7.9279257, 50.8477927 ], [ 7.9268502, 50.8470509 ], [ 7.9260721, 50.8467364 ], [ 7.9253543, 50.8463817 ], [ 7.9250007, 50.8459154 ], [ 7.9252191, 50.8456822 ], [ 7.9253855, 50.8453703 ], [ 7.9257163, 50.8448097 ], [ 7.9261649, 50.8448525 ], [ 7.9267018, 50.8451237 ], [ 7.9271609, 50.8453496 ], [ 7.9273705, 50.8454722 ], [ 7.9274557, 50.8456712 ], [ 7.9277015, 50.8461924 ], [ 7.9286356, 50.8462145 ], [ 7.9292756, 50.8461924 ], [ 7.9294282, 50.8467579 ], [ 7.9300516, 50.8467939 ], [ 7.931701, 50.8468508 ], [ 7.932648, 50.8468868 ], [ 7.9335932, 50.8469216 ], [ 7.9336575, 50.8469413 ], [ 7.9337715, 50.8470029 ], [ 7.9338433, 50.8469924 ], [ 7.9343876, 50.8470632 ], [ 7.9346762, 50.8471282 ], [ 7.9349815, 50.8472502 ], [ 7.9351893, 50.8473001 ], [ 7.9353282, 50.8473535 ], [ 7.9354322, 50.8473617 ], [ 7.9356821, 50.847458 ], [ 7.9364121, 50.8478458 ], [ 7.9366788, 50.8481047 ], [ 7.9367597, 50.8482579 ], [ 7.9369546, 50.848381 ], [ 7.9371587, 50.8484727 ], [ 7.9376772, 50.8486074 ], [ 7.9379476, 50.8486178 ], [ 7.9383208, 50.8485447 ], [ 7.9387989, 50.8484553 ], [ 7.9395474, 50.8484088 ], [ 7.9403399, 50.8483624 ], [ 7.940441, 50.848403 ], [ 7.9405863, 50.8483879 ], [ 7.9405789, 50.8483334 ], [ 7.9407132, 50.8482858 ], [ 7.9409853, 50.848309 ], [ 7.94164, 50.8482649 ], [ 7.9418165, 50.8482196 ], [ 7.9419176, 50.8482045 ], [ 7.9419912, 50.8480849 ], [ 7.9418625, 50.8479015 ], [ 7.9419949, 50.847862 ], [ 7.9421144, 50.8478411 ], [ 7.9422413, 50.8478934 ], [ 7.9423498, 50.8479723 ], [ 7.9423093, 50.8480211 ], [ 7.942473, 50.8480803 ], [ 7.9424858, 50.8481407 ], [ 7.9428573, 50.8481093 ], [ 7.943249, 50.8480501 ], [ 7.9434365, 50.8480187 ], [ 7.9438815, 50.847905 ], [ 7.9441334, 50.8477738 ], [ 7.9443228, 50.8476484 ], [ 7.9443412, 50.8476159 ], [ 7.9449738, 50.8478121 ], [ 7.9450878, 50.8477482 ], [ 7.9451135, 50.8477633 ], [ 7.9450285, 50.8478076 ], [ 7.945394, 50.8477135 ], [ 7.9456537, 50.8475867 ], [ 7.9460243, 50.8473546 ], [ 7.9461401, 50.8472668 ], [ 7.9462253, 50.847329 ], [ 7.9465575, 50.846821 ], [ 7.9468802, 50.8465894 ], [ 7.9472158, 50.8463484 ], [ 7.9477169, 50.8462776 ], [ 7.9484207, 50.8461807 ], [ 7.9484165, 50.846161 ], [ 7.9487011, 50.846105 ], [ 7.9494257, 50.8459646 ], [ 7.9494404, 50.8458786 ], [ 7.9498633, 50.8457927 ], [ 7.9504738, 50.8458903 ], [ 7.9511486, 50.845874 ], [ 7.9524579, 50.8459924 ], [ 7.9527264, 50.8459588 ], [ 7.9527613, 50.8460621 ], [ 7.9528275, 50.8460656 ], [ 7.9530004, 50.846054 ], [ 7.953199, 50.8460052 ], [ 7.9532431, 50.8461805 ], [ 7.9534031, 50.8461852 ], [ 7.953495, 50.846386 ], [ 7.9540853, 50.8462873 ], [ 7.9542765, 50.8464406 ], [ 7.9543133, 50.8466264 ], [ 7.9543997, 50.8467959 ], [ 7.9544825, 50.8468957 ], [ 7.9545993, 50.846984 ], [ 7.9547344, 50.8470861 ], [ 7.9550544, 50.8472684 ], [ 7.9551918, 50.8474023 ], [ 7.9552254, 50.8473601 ], [ 7.9553008, 50.8473578 ], [ 7.9555086, 50.8474159 ], [ 7.9555729, 50.8475041 ], [ 7.955834, 50.8476643 ], [ 7.9563563, 50.8479685 ], [ 7.9567259, 50.848174 ], [ 7.9570182, 50.848275 ], [ 7.9570808, 50.848376 ], [ 7.9572463, 50.848455 ], [ 7.9571985, 50.8486442 ], [ 7.9571065, 50.8488207 ], [ 7.9571231, 50.8488346 ], [ 7.9572886, 50.8488683 ], [ 7.9574412, 50.8488787 ], [ 7.9576067, 50.848888 ], [ 7.9577556, 50.8487324 ], [ 7.9579597, 50.8487278 ], [ 7.9582006, 50.8486651 ], [ 7.9582356, 50.8486407 ], [ 7.9583128, 50.8485316 ], [ 7.9584047, 50.8484956 ], [ 7.9589544, 50.8484034 ], [ 7.9590168, 50.8483624 ], [ 7.9595187, 50.8482688 ], [ 7.9596358, 50.8482557 ], [ 7.9604029, 50.8481046 ], [ 7.9608116, 50.8478798 ], [ 7.9623518, 50.8470246 ], [ 7.9624408, 50.8469788 ], [ 7.9625107, 50.8469254 ], [ 7.9636434, 50.8462404 ], [ 7.9638601, 50.84609 ], [ 7.9640161, 50.8460111 ], [ 7.9641162, 50.8459184 ], [ 7.964189, 50.8458396 ], [ 7.9643451, 50.8456105 ], [ 7.9644127, 50.8454915 ], [ 7.9644582, 50.8453831 ], [ 7.9645154, 50.8452558 ], [ 7.9646064, 50.8451179 ], [ 7.9648678, 50.8447985 ], [ 7.9653099, 50.8446745 ], [ 7.9655335, 50.8446056 ], [ 7.9658105, 50.8445021 ], [ 7.9660926, 50.8443765 ], [ 7.9663501, 50.84431 ], [ 7.966549, 50.8442616 ], [ 7.9671562, 50.8440284 ], [ 7.9671783, 50.8437443 ], [ 7.9671848, 50.8433297 ], [ 7.9671926, 50.8430366 ], [ 7.9672121, 50.8426647 ], [ 7.967246, 50.8424799 ], [ 7.9672967, 50.8422952 ], [ 7.9673604, 50.8421572 ], [ 7.967519, 50.841961 ], [ 7.9676204, 50.8418469 ], [ 7.9679754, 50.8416835 ], [ 7.9681012, 50.8414477 ], [ 7.9681608, 50.8411639 ], [ 7.9681597, 50.8410416 ], [ 7.9682682, 50.8402491 ], [ 7.9683362, 50.8395441 ], [ 7.9683281, 50.8393885 ], [ 7.968278, 50.8392336 ], [ 7.9680316, 50.8389271 ], [ 7.9677557, 50.8386367 ], [ 7.9672372, 50.8382768 ], [ 7.9670827, 50.8381839 ], [ 7.9673181, 50.8380282 ], [ 7.9684925, 50.8371915 ], [ 7.9680544, 50.8369663 ], [ 7.9678883, 50.8364649 ], [ 7.9680309, 50.8360728 ], [ 7.9681716, 50.835776 ], [ 7.9695434, 50.8356261 ], [ 7.9697127, 50.8355012 ], [ 7.9700163, 50.8350064 ], [ 7.9710934, 50.8347225 ], [ 7.9721568, 50.8344529 ], [ 7.9726595, 50.8341983 ], [ 7.9730735, 50.8339585 ], [ 7.9733965, 50.8335925 ], [ 7.9735221, 50.8334561 ], [ 7.9741134, 50.8333793 ], [ 7.9750944, 50.8335117 ], [ 7.9765252, 50.8336547 ], [ 7.9775063, 50.8337881 ], [ 7.9779414, 50.83387 ], [ 7.9780984, 50.8336374 ], [ 7.9781536, 50.8335456 ], [ 7.9781794, 50.8333957 ], [ 7.9776842, 50.8329626 ], [ 7.9776425, 50.8329093 ], [ 7.9776288, 50.8328917 ], [ 7.9774442, 50.8326404 ], [ 7.9773376, 50.8325057 ], [ 7.9774364, 50.8320014 ], [ 7.9774313, 50.8318501 ], [ 7.9774286, 50.8317699 ], [ 7.977296, 50.8315826 ], [ 7.9771191, 50.8313444 ], [ 7.976787, 50.8308748 ], [ 7.9766815, 50.8307272 ], [ 7.976554, 50.8305488 ], [ 7.97652, 50.8305131 ], [ 7.9764281, 50.8304166 ], [ 7.9761005, 50.8300831 ], [ 7.9758898, 50.829868 ], [ 7.9757114, 50.8297006 ], [ 7.9755931, 50.8295896 ], [ 7.9754165, 50.8294409 ], [ 7.9744127, 50.8289251 ], [ 7.9740565, 50.8287412 ], [ 7.9738198, 50.8286065 ], [ 7.9743087, 50.8281465 ], [ 7.9749562, 50.8275437 ], [ 7.9752917, 50.8271659 ], [ 7.9757494, 50.8264431 ], [ 7.975938, 50.826137 ], [ 7.9760511, 50.8259634 ], [ 7.9761941, 50.8257483 ], [ 7.9763189, 50.8254608 ], [ 7.9764151, 50.8252341 ], [ 7.9765062, 50.8249203 ], [ 7.9762123, 50.8245179 ], [ 7.9761061, 50.8243298 ], [ 7.9758794, 50.8240152 ], [ 7.9756324, 50.823685 ], [ 7.9755856, 50.8234008 ], [ 7.9756116, 50.82288 ], [ 7.975791, 50.8222919 ], [ 7.9760007, 50.8212378 ], [ 7.9761091, 50.8210103 ], [ 7.9762071, 50.8207706 ], [ 7.9760511, 50.8205127 ], [ 7.9759054, 50.8203467 ], [ 7.9757, 50.82012 ], [ 7.9752371, 50.8196041 ], [ 7.9748004, 50.8191663 ], [ 7.9742177, 50.8185839 ], [ 7.9740539, 50.8181239 ], [ 7.9739264, 50.8176967 ], [ 7.973777, 50.8171847 ], [ 7.973682, 50.8169639 ], [ 7.973429, 50.8163674 ], [ 7.9733023, 50.8161227 ], [ 7.9729018, 50.8155378 ], [ 7.9727793, 50.8153588 ], [ 7.9727309, 50.8152285 ], [ 7.9723598, 50.814612 ], [ 7.9729307, 50.8145124 ], [ 7.9737683, 50.8145075 ], [ 7.9739163, 50.8143219 ], [ 7.9747733, 50.8140661 ], [ 7.9756966, 50.8140254 ], [ 7.9773016, 50.8141342 ], [ 7.9794116, 50.814185 ], [ 7.9803824, 50.8141629 ], [ 7.9817685, 50.8139278 ], [ 7.9828891, 50.8134983 ], [ 7.9839349, 50.8128988 ], [ 7.9870911, 50.8114072 ], [ 7.9888578, 50.811563 ], [ 7.9897617, 50.8116574 ], [ 7.9905648, 50.81174 ], [ 7.9924697, 50.8117093 ], [ 7.9927797, 50.8117565 ], [ 7.9939899, 50.8122757 ], [ 7.99492, 50.8129271 ], [ 7.9954354, 50.8133142 ], [ 7.9956138, 50.8133602 ], [ 7.9979529, 50.8137508 ], [ 7.9990089, 50.8147002 ], [ 8.0008813, 50.815502 ], [ 8.0020159, 50.815015 ], [ 8.0027107, 50.8151896 ], [ 8.0034278, 50.8154964 ], [ 8.0037341, 50.8156899 ], [ 8.0040023, 50.8160146 ], [ 8.0144362, 50.8187448 ], [ 8.0186456, 50.819933 ], [ 8.0219594, 50.8201452 ], [ 8.0243327, 50.8197633 ], [ 8.0263703, 50.8194521 ], [ 8.027276, 50.8190904 ], [ 8.0278106, 50.8189524 ], [ 8.0306384, 50.8182978 ], [ 8.0328585, 50.8175573 ], [ 8.0372967, 50.8171281 ], [ 8.0437797, 50.8151091 ], [ 8.0467321, 50.8155081 ], [ 8.0467475, 50.8155077 ], [ 8.0466975, 50.815697 ], [ 8.0493381, 50.8162895 ], [ 8.0515229, 50.8167302 ], [ 8.051589, 50.8176963 ], [ 8.0516061, 50.8186788 ], [ 8.0512472, 50.8193918 ], [ 8.052043, 50.8196744 ], [ 8.0513757, 50.8204555 ], [ 8.0512472, 50.8210183 ], [ 8.0512004, 50.821521 ], [ 8.0513877, 50.8218463 ], [ 8.0513981, 50.8222373 ], [ 8.0515385, 50.8224936 ], [ 8.0515645, 50.8226546 ], [ 8.0518766, 50.8230817 ], [ 8.0514761, 50.8234793 ], [ 8.0501446, 50.8238144 ], [ 8.0507583, 50.8246423 ], [ 8.051294, 50.8251351 ], [ 8.0519085, 50.8260527 ], [ 8.0531214, 50.8270284 ], [ 8.0517676, 50.8274915 ], [ 8.0527734, 50.8287585 ], [ 8.0500697, 50.829607 ], [ 8.0495802, 50.830154 ], [ 8.0497015, 50.8305148 ], [ 8.0499515, 50.8305055 ], [ 8.0498927, 50.8310444 ], [ 8.0502304, 50.8322887 ], [ 8.0505451, 50.8331583 ], [ 8.0509456, 50.8339798 ], [ 8.0510336, 50.8347253 ], [ 8.0514508, 50.834892 ], [ 8.0524785, 50.8351565 ], [ 8.0509039, 50.8398168 ], [ 8.0500377, 50.8397736 ], [ 8.0494694, 50.8407843 ], [ 8.0491983, 50.8409484 ], [ 8.0503081, 50.8416698 ], [ 8.0512916, 50.8427779 ], [ 8.0519461, 50.8431521 ], [ 8.0533367, 50.8432899 ], [ 8.0527795, 50.8446162 ], [ 8.0515142, 50.8444523 ], [ 8.0502073, 50.8444551 ], [ 8.0503248, 50.8449409 ], [ 8.0505381, 50.8449734 ], [ 8.0516856, 50.8448248 ], [ 8.0516929, 50.8449594 ], [ 8.0495199, 50.8469641 ], [ 8.0473793, 50.8480518 ], [ 8.0449961, 50.8482097 ], [ 8.0456623, 50.8495572 ], [ 8.0463642, 50.8504574 ], [ 8.0477029, 50.8504574 ], [ 8.0483649, 50.8514326 ], [ 8.0508134, 50.8509725 ], [ 8.0515242, 50.8516339 ], [ 8.050933, 50.8521499 ], [ 8.0513195, 50.8525254 ], [ 8.0508047, 50.8528783 ], [ 8.0504075, 50.8556736 ], [ 8.0511577, 50.8563608 ], [ 8.0517314, 50.8574659 ], [ 8.052158, 50.8574194 ], [ 8.0523787, 50.8571501 ], [ 8.0528053, 50.8565465 ], [ 8.0534379, 50.8560358 ], [ 8.053482, 50.8557108 ], [ 8.0538645, 50.855005 ], [ 8.0544236, 50.8544165 ], [ 8.0547324, 50.8541413 ], [ 8.0553209, 50.8541413 ], [ 8.0559976, 50.8545685 ], [ 8.0561888, 50.8552743 ], [ 8.0555415, 50.8561472 ], [ 8.0569096, 50.8567787 ], [ 8.0583219, 50.8570294 ], [ 8.0584395, 50.8568808 ], [ 8.0592192, 50.8570851 ], [ 8.059028, 50.857438 ], [ 8.0590133, 50.857893 ], [ 8.0591162, 50.8580602 ], [ 8.0591751, 50.8586916 ], [ 8.0592889, 50.8587419 ], [ 8.0603519, 50.8592117 ], [ 8.0612493, 50.8599267 ], [ 8.0617789, 50.8601217 ], [ 8.0670159, 50.8612081 ], [ 8.068031, 50.8606881 ], [ 8.0691931, 50.8597131 ], [ 8.0697696, 50.8602323 ], [ 8.0703214, 50.8601129 ], [ 8.0706205, 50.8606301 ], [ 8.0757913, 50.8613869 ], [ 8.0787541, 50.8620529 ], [ 8.0789147, 50.8618762 ], [ 8.0795625, 50.862148 ], [ 8.0798696, 50.862301 ], [ 8.0800344, 50.8621805 ], [ 8.0801113, 50.8621961 ], [ 8.0801459, 50.8621797 ], [ 8.0802962, 50.8621369 ], [ 8.0804315, 50.8620617 ], [ 8.0807343, 50.8620612 ], [ 8.0808796, 50.8620375 ], [ 8.0809443, 50.8620746 ], [ 8.0812782, 50.8619969 ], [ 8.0814345, 50.8620608 ], [ 8.0815656, 50.8620235 ], [ 8.081254, 50.8624955 ], [ 8.0809826, 50.8628411 ], [ 8.0806539, 50.863059 ], [ 8.0804324, 50.863261 ], [ 8.0801658, 50.863707 ], [ 8.0801233, 50.8639544 ], [ 8.0799429, 50.8641249 ], [ 8.0797808, 50.8643241 ], [ 8.079562, 50.8645389 ], [ 8.0794742, 50.8646696 ], [ 8.0792171, 50.8648807 ], [ 8.0790934, 50.8651164 ], [ 8.0790828, 50.8654104 ], [ 8.0791473, 50.8656536 ], [ 8.0794066, 50.8661246 ], [ 8.0795532, 50.8664706 ], [ 8.0797286, 50.8667555 ], [ 8.0799495, 50.8670365 ], [ 8.0805444, 50.8676034 ], [ 8.080811, 50.8677798 ], [ 8.0810096, 50.8678721 ], [ 8.081564, 50.8679945 ], [ 8.0816613, 50.868017 ], [ 8.0819851, 50.8678881 ], [ 8.082422, 50.8677913 ], [ 8.0829837, 50.8677248 ], [ 8.0838965, 50.8677535 ], [ 8.0854074, 50.867893 ], [ 8.085921, 50.8678898 ], [ 8.0859886, 50.867802 ], [ 8.0866938, 50.865933 ], [ 8.087685, 50.8662116 ], [ 8.0884426, 50.8662684 ], [ 8.0890733, 50.8662731 ], [ 8.0901601, 50.86628 ], [ 8.091062, 50.8661286 ], [ 8.0917387, 50.8660154 ], [ 8.0922435, 50.8665354 ], [ 8.0927905, 50.8668394 ], [ 8.0930204, 50.8669694 ], [ 8.0933036, 50.8671446 ], [ 8.0932889, 50.8673889 ], [ 8.0927758, 50.8675653 ], [ 8.09242, 50.8677516 ], [ 8.092534, 50.8678468 ], [ 8.0926848, 50.8678804 ], [ 8.092751, 50.8679558 ], [ 8.0925947, 50.8681537 ], [ 8.0923713, 50.8683591 ], [ 8.0920725, 50.8686051 ], [ 8.0931592, 50.8685489 ], [ 8.0933403, 50.8685494 ], [ 8.0936336, 50.868749 ], [ 8.0939839, 50.8689852 ], [ 8.0945981, 50.8693862 ], [ 8.0956058, 50.8700279 ], [ 8.0966282, 50.8707294 ], [ 8.0970594, 50.8710259 ], [ 8.0978391, 50.8713676 ], [ 8.0983089, 50.871573 ], [ 8.0986923, 50.8716432 ], [ 8.0994315, 50.8716612 ], [ 8.0996651, 50.8717407 ], [ 8.1000521, 50.8719148 ], [ 8.1004604, 50.8720418 ], [ 8.1006792, 50.8720848 ], [ 8.1012207, 50.8721741 ], [ 8.1014055, 50.8721677 ], [ 8.1015618, 50.8720935 ], [ 8.1016078, 50.8720517 ], [ 8.1018027, 50.8718631 ], [ 8.1020767, 50.8716374 ], [ 8.102221, 50.8714587 ], [ 8.1025548, 50.8712261 ], [ 8.1029244, 50.8710392 ], [ 8.1033712, 50.8709052 ], [ 8.1035588, 50.8708936 ], [ 8.1038411, 50.8707607 ], [ 8.1039551, 50.8706865 ], [ 8.1041546, 50.870524 ], [ 8.1043679, 50.8704863 ], [ 8.104595, 50.8704729 ], [ 8.1047807, 50.8704712 ], [ 8.1049793, 50.8705089 ], [ 8.1050869, 50.8706128 ], [ 8.1053793, 50.8707387 ], [ 8.1054455, 50.8708356 ], [ 8.1055475, 50.8710172 ], [ 8.1062656, 50.8711205 ], [ 8.1072742, 50.8712626 ], [ 8.1074038, 50.8712609 ], [ 8.1078433, 50.871215 ], [ 8.1080943, 50.8716264 ], [ 8.1091986, 50.8714471 ], [ 8.1107689, 50.8714465 ], [ 8.1119099, 50.8718579 ], [ 8.1125655, 50.8720372 ], [ 8.1136669, 50.8722635 ], [ 8.1150718, 50.8725646 ], [ 8.1159554, 50.8727207 ], [ 8.1168049, 50.8727978 ], [ 8.1175203, 50.8727207 ], [ 8.1183036, 50.8727242 ], [ 8.119257, 50.8730055 ], [ 8.1201526, 50.8727404 ], [ 8.1209442, 50.8725083 ], [ 8.1224667, 50.872401 ], [ 8.1229531, 50.8723911 ], [ 8.1236454, 50.8725634 ], [ 8.1240656, 50.8728089 ], [ 8.1250558, 50.8731564 ], [ 8.1253547, 50.8732591 ], [ 8.1257243, 50.8735712 ], [ 8.1263265, 50.8740731 ], [ 8.1264387, 50.8743104 ], [ 8.1269811, 50.8747299 ], [ 8.1272652, 50.8751342 ], [ 8.1274353, 50.8753796 ], [ 8.1276587, 50.8757707 ], [ 8.1277672, 50.8762632 ], [ 8.127793, 50.8764541 ], [ 8.1278343, 50.8766322 ], [ 8.1279162, 50.8770192 ], [ 8.1276702, 50.8776559 ], [ 8.1275212, 50.8777931 ], [ 8.1273079, 50.877995 ], [ 8.1271066, 50.8781418 ], [ 8.1266367, 50.8785026 ], [ 8.1264722, 50.8786107 ], [ 8.1263977, 50.8786906 ], [ 8.1259049, 50.8790659 ], [ 8.1256741, 50.8792428 ], [ 8.1253045, 50.879512 ], [ 8.1246379, 50.8799889 ], [ 8.1241607, 50.8804535 ], [ 8.1237369, 50.881098 ], [ 8.1233241, 50.8816352 ], [ 8.1229802, 50.8819478 ], [ 8.12272, 50.8821886 ], [ 8.1225085, 50.8823812 ], [ 8.1221251, 50.8828481 ], [ 8.1217151, 50.8831416 ], [ 8.1217546, 50.8832141 ], [ 8.1214696, 50.8835767 ], [ 8.1211938, 50.8839241 ], [ 8.1209106, 50.8843261 ], [ 8.1206577, 50.8845854 ], [ 8.1204481, 50.8848047 ], [ 8.1201199, 50.8851498 ], [ 8.1197723, 50.8855216 ], [ 8.1197622, 50.8855216 ], [ 8.1194754, 50.8856637 ], [ 8.1190947, 50.8858487 ], [ 8.1189366, 50.8859172 ], [ 8.1185523, 50.886068 ], [ 8.1185247, 50.8860744 ], [ 8.1179565, 50.8865778 ], [ 8.1175087, 50.8869746 ], [ 8.1169102, 50.887503 ], [ 8.1163659, 50.8879786 ], [ 8.1154281, 50.8887685 ], [ 8.1150226, 50.8891194 ], [ 8.1146567, 50.8893207 ], [ 8.1143523, 50.8894506 ], [ 8.1139257, 50.8893526 ], [ 8.1133102, 50.8891327 ], [ 8.1127397, 50.8890864 ], [ 8.1125484, 50.8891287 ], [ 8.1124078, 50.8896124 ], [ 8.1122193, 50.8902179 ], [ 8.1120814, 50.8905972 ], [ 8.1118846, 50.8910543 ], [ 8.112359, 50.8911413 ], [ 8.1120657, 50.89164 ], [ 8.1115251, 50.8922171 ], [ 8.1109679, 50.89255 ], [ 8.110328, 50.8929496 ], [ 8.1095677, 50.8934239 ], [ 8.1090978, 50.8937383 ], [ 8.1085287, 50.8941234 ], [ 8.1081655, 50.8943675 ], [ 8.1080662, 50.8947711 ], [ 8.1080092, 50.8949173 ], [ 8.1078465, 50.895329 ], [ 8.1077794, 50.8955546 ], [ 8.107635, 50.8960307 ], [ 8.1074953, 50.896327 ], [ 8.1073427, 50.8968466 ], [ 8.1072741, 50.8969744 ], [ 8.1071615, 50.8971847 ], [ 8.1071068, 50.8972647 ], [ 8.1069969, 50.8974254 ], [ 8.1068619, 50.8976034 ], [ 8.1068039, 50.8976799 ], [ 8.1066829, 50.8977171 ], [ 8.1066154, 50.8977379 ], [ 8.1061327, 50.8978052 ], [ 8.1055976, 50.8978812 ], [ 8.1045577, 50.898058 ], [ 8.1042047, 50.8982929 ], [ 8.1040125, 50.8984181 ], [ 8.1037992, 50.8985492 ], [ 8.1036723, 50.8987504 ], [ 8.1023557, 50.8990003 ], [ 8.1013434, 50.8991754 ], [ 8.1005031, 50.8994578 ], [ 8.099922, 50.8999252 ], [ 8.0994117, 50.9003398 ], [ 8.0991644, 50.9005317 ], [ 8.0989529, 50.9006813 ], [ 8.0981962, 50.9002308 ], [ 8.097777, 50.8999078 ], [ 8.09748, 50.8996967 ], [ 8.0965063, 50.8991302 ], [ 8.096225, 50.898998 ], [ 8.0957616, 50.8987817 ], [ 8.0950628, 50.8985086 ], [ 8.094536, 50.8984297 ], [ 8.0933417, 50.8984761 ], [ 8.0930659, 50.8984788 ], [ 8.0929868, 50.8984796 ], [ 8.0924627, 50.8984117 ], [ 8.0920903, 50.8983787 ], [ 8.0916499, 50.898305 ], [ 8.0910735, 50.8982285 ], [ 8.0906735, 50.8982041 ], [ 8.0903168, 50.8981421 ], [ 8.0895278, 50.8981261 ], [ 8.0892493, 50.8981342 ], [ 8.0887142, 50.8982656 ], [ 8.087987, 50.8984854 ], [ 8.0874859, 50.8986431 ], [ 8.0868027, 50.8989574 ], [ 8.0865573, 50.8989499 ], [ 8.085819, 50.8987921 ], [ 8.0855284, 50.8987469 ], [ 8.0854245, 50.8988072 ], [ 8.085179, 50.8988553 ], [ 8.0847156, 50.8988339 ], [ 8.084415, 50.8989632 ], [ 8.0842559, 50.8989905 ], [ 8.0840013, 50.8980348 ], [ 8.0838551, 50.8974926 ], [ 8.0833558, 50.8974573 ], [ 8.0830074, 50.8974143 ], [ 8.0823132, 50.8971273 ], [ 8.0814525, 50.8969808 ], [ 8.0812788, 50.8969423 ], [ 8.080056, 50.8968901 ], [ 8.0787173, 50.896726 ], [ 8.0772527, 50.8965776 ], [ 8.0758267, 50.8964453 ], [ 8.0744126, 50.8964482 ], [ 8.0740531, 50.896363 ], [ 8.0731539, 50.896773 ], [ 8.0728799, 50.8968971 ], [ 8.0726199, 50.8971057 ], [ 8.0726641, 50.8971165 ], [ 8.0724769, 50.8972679 ], [ 8.0722065, 50.8976337 ], [ 8.071988, 50.8982405 ], [ 8.0718008, 50.8984587 ], [ 8.0710934, 50.8984505 ], [ 8.0699336, 50.8984324 ], [ 8.0679936, 50.8986112 ], [ 8.0654243, 50.8988425 ], [ 8.0632841, 50.8989458 ], [ 8.0621502, 50.8988654 ], [ 8.0617992, 50.8987785 ], [ 8.0592429, 50.8981552 ], [ 8.0584646, 50.8979264 ], [ 8.0566631, 50.89788 ], [ 8.0535477, 50.9003461 ], [ 8.0526161, 50.9014016 ], [ 8.0524517, 50.9020856 ], [ 8.0506456, 50.903224 ], [ 8.0501957, 50.9033458 ], [ 8.0494514, 50.9035494 ], [ 8.0486622, 50.9037692 ], [ 8.047831, 50.9039917 ], [ 8.0476783, 50.9045751 ], [ 8.0475593, 50.9049945 ], [ 8.0473454, 50.9056771 ], [ 8.0472856, 50.9062318 ], [ 8.0470309, 50.9070715 ], [ 8.0467757, 50.9072507 ], [ 8.0465885, 50.9073827 ], [ 8.0461055, 50.9076664 ], [ 8.0454557, 50.9080466 ], [ 8.0453234, 50.9081243 ], [ 8.0441294, 50.9085064 ], [ 8.0440289, 50.9085826 ], [ 8.0438242, 50.9087392 ], [ 8.0433756, 50.9090795 ], [ 8.042862, 50.90902 ], [ 8.04222, 50.9089456 ], [ 8.0416413, 50.9088786 ], [ 8.0415822, 50.9089827 ], [ 8.0413624, 50.9093636 ], [ 8.0412714, 50.9096353 ], [ 8.0412769, 50.9097491 ], [ 8.0412903, 50.9100246 ], [ 8.0412662, 50.9102943 ], [ 8.0412422, 50.9105794 ], [ 8.0412545, 50.9108893 ], [ 8.0411125, 50.9110693 ], [ 8.0408934, 50.9112095 ], [ 8.0406509, 50.9113626 ], [ 8.0404298, 50.9115013 ], [ 8.0403853, 50.9115218 ], [ 8.0401909, 50.9116118 ], [ 8.0398229, 50.9117811 ], [ 8.0394472, 50.9119541 ], [ 8.0390821, 50.9121226 ], [ 8.038326, 50.9125364 ], [ 8.0380464, 50.9127497 ], [ 8.0380782, 50.9127984 ], [ 8.0380184, 50.9130053 ], [ 8.0380138, 50.9131636 ], [ 8.0379766, 50.9132152 ], [ 8.037799, 50.9133587 ], [ 8.0377678, 50.9134271 ], [ 8.037742, 50.9134329 ], [ 8.0377218, 50.913492 ], [ 8.0376372, 50.9136578 ], [ 8.0376538, 50.9136694 ], [ 8.037617, 50.9137448 ], [ 8.037287, 50.9140016 ], [ 8.0368806, 50.9144152 ], [ 8.0364692, 50.914879 ], [ 8.0361441, 50.9152681 ], [ 8.0351934, 50.9160727 ], [ 8.0342763, 50.9166936 ], [ 8.0324462, 50.9174718 ], [ 8.0346676, 50.9187374 ], [ 8.0368635, 50.9190675 ], [ 8.0387503, 50.9189315 ], [ 8.0405686, 50.9187103 ], [ 8.0438022, 50.9187188 ], [ 8.0470151, 50.9197109 ], [ 8.0471384, 50.9212072 ], [ 8.0497249, 50.9227423 ], [ 8.0501404, 50.9231505 ], [ 8.049684, 50.9232741 ], [ 8.0495679, 50.9239911 ], [ 8.0504594, 50.9250189 ], [ 8.0509795, 50.9250189 ], [ 8.0509171, 50.9258516 ], [ 8.0510773, 50.9262134 ], [ 8.0515309, 50.9259959 ], [ 8.0520036, 50.9266859 ], [ 8.0521238, 50.9268613 ], [ 8.0531158, 50.9272673 ], [ 8.0547867, 50.9281399 ], [ 8.0561806, 50.9286644 ], [ 8.057356, 50.9296543 ], [ 8.0573765, 50.9296826 ], [ 8.0562858, 50.9301608 ], [ 8.0559517, 50.9307492 ], [ 8.0560339, 50.9310508 ], [ 8.0562652, 50.9315398 ], [ 8.0563949, 50.9319837 ], [ 8.0570154, 50.9325883 ], [ 8.0582034, 50.9328481 ], [ 8.0572241, 50.9334514 ], [ 8.0563777, 50.933392 ], [ 8.0555129, 50.9338244 ], [ 8.0550051, 50.9345188 ], [ 8.0546307, 50.9353448 ], [ 8.0541938, 50.9369967 ], [ 8.0540641, 50.9376271 ], [ 8.0539233, 50.9379406 ], [ 8.0532523, 50.9381306 ], [ 8.0524358, 50.9384322 ], [ 8.0516626, 50.938637 ], [ 8.0511332, 50.9389 ], [ 8.0500847, 50.9394903 ], [ 8.0490577, 50.939809 ], [ 8.0477683, 50.9402087 ], [ 8.0471501, 50.9407387 ], [ 8.0456865, 50.9426479 ], [ 8.0455481, 50.9435866 ], [ 8.0454107, 50.9445944 ], [ 8.045473, 50.9451516 ], [ 8.0449245, 50.9457987 ], [ 8.0441144, 50.9466837 ], [ 8.0435606, 50.9472909 ], [ 8.0435253, 50.947411 ], [ 8.0431038, 50.9478142 ], [ 8.0427436, 50.9485354 ], [ 8.0427158, 50.9490404 ], [ 8.0417373, 50.949917 ], [ 8.0415352, 50.9496923 ], [ 8.0412543, 50.949653 ], [ 8.0406302, 50.9496596 ], [ 8.0389034, 50.949594 ], [ 8.0377525, 50.9496068 ], [ 8.0367105, 50.9495838 ], [ 8.035762, 50.9495744 ], [ 8.0349298, 50.9496989 ], [ 8.0340665, 50.9500855 ], [ 8.0329181, 50.9504838 ], [ 8.0318612, 50.9508981 ], [ 8.0310987, 50.9510747 ], [ 8.0292805, 50.9511652 ], [ 8.0279804, 50.9513102 ], [ 8.0273675, 50.950577 ], [ 8.0273363, 50.9503018 ], [ 8.0269514, 50.9500659 ], [ 8.025776, 50.9507736 ], [ 8.0255784, 50.9506819 ], [ 8.0250062, 50.9506557 ], [ 8.0235707, 50.9507802 ], [ 8.0224836, 50.9507838 ], [ 8.0219639, 50.9505129 ], [ 8.0196526, 50.94841 ], [ 8.0190513, 50.9470048 ], [ 8.0185257, 50.9446853 ], [ 8.0182373, 50.9441041 ], [ 8.0184025, 50.942981 ], [ 8.0206589, 50.940751 ], [ 8.0220046, 50.9386439 ], [ 8.0229973, 50.9374086 ], [ 8.0234018, 50.9366577 ], [ 8.0233973, 50.936259 ], [ 8.0232989, 50.9351327 ], [ 8.0232327, 50.9346923 ], [ 8.0234018, 50.9343308 ], [ 8.0234298, 50.9332028 ], [ 8.0229532, 50.9325739 ], [ 8.0224445, 50.9320309 ], [ 8.0218105, 50.9314104 ], [ 8.0216414, 50.9308228 ], [ 8.0214961, 50.9303024 ], [ 8.0214134, 50.9297566 ], [ 8.0215899, 50.9290994 ], [ 8.0218363, 50.9288375 ], [ 8.0221581, 50.9281653 ], [ 8.0222611, 50.928149 ], [ 8.0222041, 50.9278987 ], [ 8.0220974, 50.9275591 ], [ 8.0220275, 50.9275394 ], [ 8.0218565, 50.9273088 ], [ 8.0218234, 50.9273261 ], [ 8.0217609, 50.9271847 ], [ 8.0215586, 50.9270317 ], [ 8.0213122, 50.9271094 ], [ 8.0211026, 50.9268683 ], [ 8.0211302, 50.9268185 ], [ 8.0208756, 50.9266604 ], [ 8.0205805, 50.9264611 ], [ 8.0205821, 50.9263864 ], [ 8.0204241, 50.9261903 ], [ 8.020277, 50.9261033 ], [ 8.0200508, 50.9259735 ], [ 8.0198595, 50.9257973 ], [ 8.0198632, 50.925766 ], [ 8.0193199, 50.9255161 ], [ 8.0186285, 50.9252379 ], [ 8.0180435, 50.9251121 ], [ 8.0180521, 50.9250489 ], [ 8.0180331, 50.925017 ], [ 8.0176014, 50.9248449 ], [ 8.0175442, 50.9249072 ], [ 8.0163089, 50.924758 ], [ 8.0163401, 50.9246269 ], [ 8.0159839, 50.9245695 ], [ 8.0159969, 50.9245154 ], [ 8.0152253, 50.9243817 ], [ 8.0152106, 50.9243128 ], [ 8.0149394, 50.9242635 ], [ 8.0147656, 50.9242322 ], [ 8.0146461, 50.9242212 ], [ 8.0146553, 50.9242797 ], [ 8.014659, 50.9242892 ], [ 8.0146185, 50.9244409 ], [ 8.0143404, 50.9248893 ], [ 8.0137794, 50.9254747 ], [ 8.0131601, 50.9260957 ], [ 8.0130253, 50.9263074 ], [ 8.0129524, 50.9265809 ], [ 8.0129005, 50.926945 ], [ 8.0127618, 50.927302 ], [ 8.0123873, 50.9276298 ], [ 8.0120345, 50.9277629 ], [ 8.0116328, 50.9278593 ], [ 8.0108753, 50.9277361 ], [ 8.0100659, 50.9275515 ], [ 8.0095354, 50.9273908 ], [ 8.0092909, 50.9273417 ], [ 8.0091108, 50.9273364 ], [ 8.0086929, 50.9273945 ], [ 8.0083798, 50.9275376 ], [ 8.0082332, 50.927471 ], [ 8.0080971, 50.927566 ], [ 8.0077738, 50.9273785 ], [ 8.0075899, 50.9275268 ], [ 8.0078433, 50.9276147 ], [ 8.0074645, 50.9278975 ], [ 8.0076466, 50.9280649 ], [ 8.0074785, 50.9282444 ], [ 8.0064894, 50.9292492 ], [ 8.0059068, 50.9296885 ], [ 8.0052827, 50.9300228 ], [ 8.0051267, 50.9299376 ], [ 8.004513, 50.9302916 ], [ 8.0040865, 50.9307375 ], [ 8.0034207, 50.9314586 ], [ 8.0020893, 50.932442 ], [ 8.0018042, 50.9329329 ], [ 8.0005305, 50.932631 ], [ 7.9996344, 50.9336351 ], [ 7.9992224, 50.9342134 ], [ 7.9991767, 50.9342776 ], [ 7.9986462, 50.9346775 ], [ 7.9982197, 50.9351429 ], [ 7.9974499, 50.9358509 ], [ 7.9966594, 50.9370701 ], [ 7.9964722, 50.9375028 ], [ 7.9960249, 50.9381583 ], [ 7.9953071, 50.9387548 ], [ 7.9966386, 50.939679 ], [ 7.9953045, 50.941016 ], [ 7.9951426, 50.9412199 ], [ 7.9949772, 50.9415652 ], [ 7.9946976, 50.9418827 ], [ 7.9943078, 50.9421468 ], [ 7.9940504, 50.9422419 ], [ 7.9937709, 50.9424018 ], [ 7.9936458, 50.9425315 ], [ 7.993576, 50.9426706 ], [ 7.9935907, 50.9428791 ], [ 7.9935307, 50.942918 ], [ 7.9934031, 50.942951 ], [ 7.993256, 50.9429486 ], [ 7.9927521, 50.9428003 ], [ 7.992708, 50.9428536 ], [ 7.9920828, 50.942805 ], [ 7.9919247, 50.9428513 ], [ 7.9915643, 50.942703 ], [ 7.9909059, 50.9426961 ], [ 7.9902881, 50.9427887 ], [ 7.9899939, 50.9427841 ], [ 7.9896997, 50.9429162 ], [ 7.9890414, 50.9429764 ], [ 7.9888832, 50.9431248 ], [ 7.9885375, 50.9433078 ], [ 7.9880852, 50.94366 ], [ 7.9877689, 50.9434584 ], [ 7.987037, 50.9437041 ], [ 7.9864155, 50.9437968 ], [ 7.9857535, 50.9439173 ], [ 7.9852202, 50.9440447 ], [ 7.9846612, 50.9441374 ], [ 7.9843174, 50.9441233 ], [ 7.9842538, 50.9442445 ], [ 7.9842015, 50.9442324 ], [ 7.9837565, 50.9442926 ], [ 7.9834077, 50.9443286 ], [ 7.9831534, 50.9443251 ], [ 7.9828261, 50.9442996 ], [ 7.9820354, 50.9441907 ], [ 7.9816271, 50.9441606 ], [ 7.9812152, 50.9441768 ], [ 7.9808879, 50.9442324 ], [ 7.9806868, 50.9443394 ], [ 7.9801928, 50.9446912 ], [ 7.9797515, 50.945106 ], [ 7.9796118, 50.945245 ], [ 7.9795014, 50.9452937 ], [ 7.9793874, 50.9452914 ], [ 7.979255, 50.9452798 ], [ 7.9791778, 50.9451964 ], [ 7.9790858, 50.9451037 ], [ 7.9789424, 50.9450318 ], [ 7.978799, 50.9449531 ], [ 7.9787328, 50.944865 ], [ 7.9786813, 50.9446912 ], [ 7.9784386, 50.9436067 ], [ 7.9783834, 50.9434932 ], [ 7.9783062, 50.9434051 ], [ 7.9782179, 50.9433588 ], [ 7.9779531, 50.9433403 ], [ 7.9768535, 50.9433657 ], [ 7.97618, 50.9434462 ], [ 7.975592, 50.9446565 ], [ 7.9752095, 50.9454582 ], [ 7.9751549, 50.9454844 ], [ 7.9750639, 50.9454287 ], [ 7.9749234, 50.9453779 ], [ 7.9745152, 50.9453009 ], [ 7.9740627, 50.9452501 ], [ 7.9736882, 50.9452681 ], [ 7.9734359, 50.945314 ], [ 7.9730433, 50.9453533 ], [ 7.972518, 50.945296 ], [ 7.971626, 50.9451878 ], [ 7.970773, 50.9450846 ], [ 7.9701619, 50.9450846 ], [ 7.9695976, 50.9450846 ], [ 7.9692543, 50.9450584 ], [ 7.9685704, 50.944983 ], [ 7.9669398, 50.9448044 ], [ 7.9672987, 50.9441572 ], [ 7.9675158, 50.9440123 ], [ 7.9676151, 50.9439636 ], [ 7.9679087, 50.9436024 ], [ 7.9682375, 50.9434313 ], [ 7.9689761, 50.9432445 ], [ 7.9692933, 50.9430856 ], [ 7.9695388, 50.9427951 ], [ 7.9698134, 50.9423908 ], [ 7.9699148, 50.9420779 ], [ 7.9700059, 50.9419566 ], [ 7.9701619, 50.9417256 ], [ 7.9702658, 50.9414451 ], [ 7.9702295, 50.940803 ], [ 7.9701229, 50.940903 ], [ 7.9700007, 50.9409488 ], [ 7.9699252, 50.9409259 ], [ 7.969816, 50.9408456 ], [ 7.9697822, 50.9407391 ], [ 7.969751, 50.9406473 ], [ 7.9696589, 50.9404278 ], [ 7.9695008, 50.9402308 ], [ 7.9692838, 50.9400546 ], [ 7.9688977, 50.9398901 ], [ 7.9684002, 50.9397981 ], [ 7.9677686, 50.9397742 ], [ 7.9670882, 50.9397742 ], [ 7.9666322, 50.9398044 ], [ 7.9662681, 50.9398832 ], [ 7.9654443, 50.9403188 ], [ 7.9647458, 50.9405571 ], [ 7.9647679, 50.9404945 ], [ 7.9647053, 50.9403462 ], [ 7.9645984, 50.9403721 ], [ 7.963064, 50.9397054 ], [ 7.9615885, 50.9390635 ], [ 7.9613667, 50.9389851 ], [ 7.9608261, 50.9388231 ], [ 7.9612559, 50.9381113 ], [ 7.9611989, 50.9380998 ], [ 7.9607703, 50.9388142 ], [ 7.9605863, 50.93906 ], [ 7.9604429, 50.9393311 ], [ 7.9603988, 50.9395884 ], [ 7.9601082, 50.9402141 ], [ 7.9599832, 50.9405038 ], [ 7.9598722, 50.9406484 ], [ 7.9598876, 50.9399012 ], [ 7.9595933, 50.939345 ], [ 7.9592366, 50.9391411 ], [ 7.9592, 50.9392249 ], [ 7.9584781, 50.9388221 ], [ 7.9581627, 50.9386452 ], [ 7.9578906, 50.9385386 ], [ 7.9576111, 50.9385223 ], [ 7.9572936, 50.9385209 ], [ 7.9562944, 50.9385571 ], [ 7.9556464, 50.938548 ], [ 7.9548969, 50.9384435 ], [ 7.954246, 50.9382883 ], [ 7.9529281, 50.9379748 ], [ 7.9516086, 50.9383554 ], [ 7.9515465, 50.9384296 ], [ 7.9515355, 50.9387263 ], [ 7.9512634, 50.9392106 ], [ 7.9509986, 50.9394702 ], [ 7.9507706, 50.9398781 ], [ 7.9505365, 50.9401671 ], [ 7.9503513, 50.9407378 ], [ 7.9502483, 50.9411781 ], [ 7.9500608, 50.9415582 ], [ 7.9500571, 50.9417158 ], [ 7.950024, 50.9418548 ], [ 7.9499541, 50.9420495 ], [ 7.94991, 50.942112 ], [ 7.9497996, 50.9421815 ], [ 7.949682, 50.9422186 ], [ 7.9495531, 50.9422353 ], [ 7.9493804, 50.9422395 ], [ 7.9492222, 50.9422093 ], [ 7.9490825, 50.9421445 ], [ 7.948928, 50.9420726 ], [ 7.9488287, 50.9419869 ], [ 7.9486632, 50.9418247 ], [ 7.9484205, 50.941579 ], [ 7.9481888, 50.9413357 ], [ 7.9480675, 50.9411665 ], [ 7.9478836, 50.9409835 ], [ 7.9476268, 50.9408386 ], [ 7.9473282, 50.9406567 ], [ 7.947146, 50.9406427 ], [ 7.9465596, 50.940659 ], [ 7.9462788, 50.9406415 ], [ 7.9458719, 50.9405084 ], [ 7.9455777, 50.9403531 ], [ 7.9453714, 50.9402077 ], [ 7.9451952, 50.9400519 ], [ 7.9449046, 50.9398433 ], [ 7.9446325, 50.9397413 ], [ 7.9442603, 50.9396782 ], [ 7.94368, 50.9397483 ], [ 7.9428893, 50.9398966 ], [ 7.9423891, 50.9400426 ], [ 7.9420802, 50.9402002 ], [ 7.9418043, 50.9403554 ], [ 7.9416168, 50.9404389 ], [ 7.9413593, 50.9404991 ], [ 7.941097, 50.9404844 ], [ 7.9406826, 50.94033 ], [ 7.940526, 50.9402324 ], [ 7.9407452, 50.940133 ], [ 7.9407856, 50.9401654 ], [ 7.9408739, 50.9402071 ], [ 7.941021, 50.9402187 ], [ 7.9412269, 50.9401863 ], [ 7.941341, 50.9400936 ], [ 7.9414145, 50.9400171 ], [ 7.9414917, 50.9398989 ], [ 7.9415212, 50.9397576 ], [ 7.9415064, 50.9396231 ], [ 7.9415001, 50.9393865 ], [ 7.9416683, 50.9388746 ], [ 7.9416483, 50.9384343 ], [ 7.9415432, 50.9381144 ], [ 7.9414733, 50.9380107 ], [ 7.9413005, 50.9379684 ], [ 7.9409879, 50.9379592 ], [ 7.9408408, 50.9378966 ], [ 7.9407157, 50.9378201 ], [ 7.940653, 50.937506 ], [ 7.9390387, 50.937104 ], [ 7.9381116, 50.9368842 ], [ 7.9373568, 50.9368372 ], [ 7.9367585, 50.9366521 ], [ 7.9359605, 50.9363276 ], [ 7.935839, 50.9361284 ], [ 7.9345071, 50.9356325 ], [ 7.9330127, 50.9368772 ], [ 7.9313178, 50.9363475 ], [ 7.9310978, 50.9364414 ], [ 7.9306221, 50.9366793 ], [ 7.9303733, 50.9364171 ], [ 7.9299412, 50.9358794 ], [ 7.929816, 50.9357894 ], [ 7.9296083, 50.9357832 ], [ 7.9294392, 50.9358296 ], [ 7.9294033, 50.9358748 ], [ 7.9298184, 50.9366177 ], [ 7.9290839, 50.9368775 ], [ 7.9289077, 50.9368088 ], [ 7.9287643, 50.9367161 ], [ 7.9287165, 50.936723 ], [ 7.9286356, 50.9367277 ], [ 7.9285437, 50.9367439 ], [ 7.9284811, 50.9367369 ], [ 7.9284627, 50.9367022 ], [ 7.9283083, 50.9366697 ], [ 7.9282347, 50.9366232 ], [ 7.928117, 50.9366187 ], [ 7.9280803, 50.9365956 ], [ 7.9279773, 50.9365562 ], [ 7.9278817, 50.9365793 ], [ 7.9276941, 50.9365492 ], [ 7.9275249, 50.9365376 ], [ 7.9274181, 50.9365482 ], [ 7.9273337, 50.9366141 ], [ 7.9270432, 50.9369316 ], [ 7.9267629, 50.9371497 ], [ 7.926429, 50.9369803 ], [ 7.9258332, 50.9367833 ], [ 7.9255022, 50.9367369 ], [ 7.9252934, 50.936678 ], [ 7.9251822, 50.9366466 ], [ 7.9247527, 50.9366105 ], [ 7.9231794, 50.937543 ], [ 7.9237222, 50.9379027 ], [ 7.9237663, 50.9379884 ], [ 7.9237296, 50.9380487 ], [ 7.9236486, 50.9380927 ], [ 7.9235052, 50.9381321 ], [ 7.9233442, 50.9381734 ], [ 7.9227945, 50.9384412 ], [ 7.9215923, 50.937702 ] ] ] } },
{ "type": "Feature", "properties": { "bbox_west": 12.2366519, "bbox_south": 51.2381704, "bbox_east": 12.5425373, "bbox_north": 51.4481145, "place_id": 122443039, "osm_type": "relation", "osm_id": 62649, "lat": 51.3406321, "lon": 12.3747329, "class": "boundary", "type": "administrative", "place_rank": 12, "importance": 0.7437371056556823, "addresstype": "city", "name": "Leipzig", "display_name": "Leipzig, Saxony, Germany", "city": "Leipzig Germany" }, "geometry": { "type": "Polygon", "coordinates": [ [ [ 12.2366519, 51.3197803 ], [ 12.2379704, 51.3171026 ], [ 12.2399198, 51.3176008 ], [ 12.2413354, 51.3177567 ], [ 12.2426009, 51.3179218 ], [ 12.2426795, 51.3178683 ], [ 12.2428159, 51.3178713 ], [ 12.2428535, 51.3178726 ], [ 12.243051, 51.3178874 ], [ 12.2428653, 51.3177744 ], [ 12.242655, 51.3177535 ], [ 12.2398703, 51.3160789 ], [ 12.2398976, 51.3160603 ], [ 12.2400068, 51.3159875 ], [ 12.2400419, 51.3159633 ], [ 12.2401696, 51.3158753 ], [ 12.2402454, 51.3158231 ], [ 12.2405169, 51.3156315 ], [ 12.2408768, 51.315381 ], [ 12.2418457, 51.3147616 ], [ 12.2427955, 51.3141203 ], [ 12.2439022, 51.3134239 ], [ 12.2440409, 51.3133093 ], [ 12.2445674, 51.3123522 ], [ 12.2467461, 51.3082929 ], [ 12.2462254, 51.3081503 ], [ 12.2462129, 51.3080479 ], [ 12.2461915, 51.30797 ], [ 12.2462705, 51.307918 ], [ 12.2477794, 51.3051073 ], [ 12.2490788, 51.3055471 ], [ 12.249133, 51.3055016 ], [ 12.2516367, 51.2991873 ], [ 12.2509724, 51.298702 ], [ 12.2504693, 51.2981993 ], [ 12.2503179, 51.2977728 ], [ 12.2504139, 51.2977321 ], [ 12.2528605, 51.2978243 ], [ 12.254328, 51.2979101 ], [ 12.2543758, 51.2979978 ], [ 12.2552943, 51.298054 ], [ 12.2554041, 51.2980705 ], [ 12.2567985, 51.2981684 ], [ 12.2594147, 51.2984158 ], [ 12.2594855, 51.2984221 ], [ 12.2610245, 51.298557 ], [ 12.2610552, 51.2985597 ], [ 12.2611533, 51.2985636 ], [ 12.2622307, 51.2894557 ], [ 12.2643917, 51.2889349 ], [ 12.2665625, 51.28832 ], [ 12.2683519, 51.2878783 ], [ 12.2701375, 51.2872723 ], [ 12.2720726, 51.286772 ], [ 12.2730899, 51.2865053 ], [ 12.2735182, 51.2862932 ], [ 12.2750595, 51.285413 ], [ 12.2766098, 51.2843833 ], [ 12.2773645, 51.2837648 ], [ 12.2784724, 51.2828567 ], [ 12.2805752, 51.2813464 ], [ 12.281317, 51.2808149 ], [ 12.2700382, 51.2813597 ], [ 12.263345, 51.281354 ], [ 12.2633037, 51.2814425 ], [ 12.2633412, 51.2816455 ], [ 12.2633117, 51.2818955 ], [ 12.2633037, 51.2824021 ], [ 12.2632761, 51.2829055 ], [ 12.2631425, 51.2841173 ], [ 12.2630703, 51.284271 ], [ 12.2630838, 51.284438 ], [ 12.262786, 51.284599 ], [ 12.2626948, 51.2850511 ], [ 12.262674, 51.2853383 ], [ 12.2626131, 51.2857633 ], [ 12.2623099, 51.2857045 ], [ 12.2616394, 51.2856953 ], [ 12.2604994, 51.2858111 ], [ 12.2599563, 51.2858211 ], [ 12.2583604, 51.2859151 ], [ 12.256161, 51.2860241 ], [ 12.2543062, 51.2860616 ], [ 12.2542351, 51.2861751 ], [ 12.2519238, 51.2861407 ], [ 12.2500086, 51.2860967 ], [ 12.2503266, 51.2850244 ], [ 12.2502789, 51.2846519 ], [ 12.2502314, 51.2845523 ], [ 12.2501009, 51.2843837 ], [ 12.2498139, 51.2838784 ], [ 12.2497746, 51.2836285 ], [ 12.2497827, 51.2833551 ], [ 12.2499218, 51.2830084 ], [ 12.250421, 51.2828467 ], [ 12.2513813, 51.2826303 ], [ 12.2522374, 51.2823798 ], [ 12.2521376, 51.2822255 ], [ 12.2527593, 51.280753 ], [ 12.2527653, 51.280602 ], [ 12.2530147, 51.2800953 ], [ 12.2530802, 51.2798875 ], [ 12.25303, 51.2798116 ], [ 12.2527358, 51.2796691 ], [ 12.2524548, 51.2795874 ], [ 12.2521216, 51.279493 ], [ 12.2517858, 51.2794284 ], [ 12.2509032, 51.2792643 ], [ 12.250405, 51.2792061 ], [ 12.2499437, 51.2791738 ], [ 12.2486728, 51.2790824 ], [ 12.2488522, 51.2782598 ], [ 12.2478249, 51.2781591 ], [ 12.2500359, 51.2734589 ], [ 12.2499515, 51.273332 ], [ 12.2519848, 51.2689481 ], [ 12.2519411, 51.2672127 ], [ 12.2474717, 51.265875 ], [ 12.2487496, 51.2651929 ], [ 12.2503811, 51.2654539 ], [ 12.2522094, 51.2597486 ], [ 12.2533305, 51.2601602 ], [ 12.2535666, 51.2597263 ], [ 12.2537827, 51.2592503 ], [ 12.2543019, 51.2579268 ], [ 12.2547785, 51.2564285 ], [ 12.2551615, 51.2554976 ], [ 12.255548, 51.2549158 ], [ 12.2563978, 51.2539357 ], [ 12.2589041, 51.2512565 ], [ 12.2576705, 51.2508944 ], [ 12.2583164, 51.2502119 ], [ 12.2563521, 51.2497679 ], [ 12.2556102, 51.2495125 ], [ 12.2547045, 51.2491457 ], [ 12.2537091, 51.2488153 ], [ 12.2542479, 51.2480133 ], [ 12.2547632, 51.2471754 ], [ 12.2551368, 51.2464616 ], [ 12.2561144, 51.2447051 ], [ 12.2548852, 51.2443009 ], [ 12.251478, 51.243389 ], [ 12.2532948, 51.2397081 ], [ 12.2536014, 51.2391822 ], [ 12.2512755, 51.2387204 ], [ 12.2516545, 51.2381704 ], [ 12.2539374, 51.2385389 ], [ 12.2555908, 51.2388599 ], [ 12.256583, 51.239098 ], [ 12.2575032, 51.2393951 ], [ 12.2576721, 51.239239 ], [ 12.2580129, 51.2382835 ], [ 12.258809, 51.2384027 ], [ 12.2612429, 51.2387262 ], [ 12.2626668, 51.2392239 ], [ 12.2641164, 51.2398267 ], [ 12.2664112, 51.2403955 ], [ 12.2671699, 51.2405896 ], [ 12.2675781, 51.2406892 ], [ 12.2686872, 51.2410584 ], [ 12.2691753, 51.2412043 ], [ 12.2710081, 51.2417092 ], [ 12.2749007, 51.2420035 ], [ 12.276817, 51.2423511 ], [ 12.2788857, 51.2425692 ], [ 12.2830001, 51.2428413 ], [ 12.2824776, 51.2443041 ], [ 12.2855436, 51.243503 ], [ 12.2871659, 51.2431895 ], [ 12.2889189, 51.2430668 ], [ 12.291434, 51.2420989 ], [ 12.2947983, 51.241228 ], [ 12.2957053, 51.2415347 ], [ 12.2992468, 51.2420071 ], [ 12.2999089, 51.2422673 ], [ 12.3009251, 51.242277 ], [ 12.3016488, 51.2427782 ], [ 12.3026189, 51.2431252 ], [ 12.304328, 51.2432602 ], [ 12.3076603, 51.2432151 ], [ 12.3073306, 51.2428746 ], [ 12.307612, 51.2422192 ], [ 12.3090024, 51.2428943 ], [ 12.3132507, 51.242781 ], [ 12.3155114, 51.244327 ], [ 12.3159707, 51.245218 ], [ 12.3157538, 51.2461602 ], [ 12.3144267, 51.2476262 ], [ 12.3141898, 51.2482774 ], [ 12.3140685, 51.2488371 ], [ 12.313615, 51.248925 ], [ 12.3131424, 51.2487771 ], [ 12.3124208, 51.2487132 ], [ 12.3119535, 51.2488094 ], [ 12.3115816, 51.2490218 ], [ 12.3113282, 51.249229 ], [ 12.3112056, 51.2495181 ], [ 12.3113405, 51.2497355 ], [ 12.3118882, 51.250017 ], [ 12.3122213, 51.2500694 ], [ 12.3127223, 51.2500645 ], [ 12.3132062, 51.250112 ], [ 12.3142035, 51.2502952 ], [ 12.3148088, 51.2503319 ], [ 12.314933, 51.2503689 ], [ 12.31504, 51.2504329 ], [ 12.3151235, 51.2505159 ], [ 12.3151889, 51.2506214 ], [ 12.3152, 51.2507147 ], [ 12.3151817, 51.2507809 ], [ 12.3151376, 51.2508331 ], [ 12.3150435, 51.2508954 ], [ 12.3149159, 51.2509416 ], [ 12.314803, 51.2509604 ], [ 12.3146858, 51.2509893 ], [ 12.3140506, 51.2509671 ], [ 12.313179, 51.2512697 ], [ 12.3129864, 51.2513791 ], [ 12.3129179, 51.2514522 ], [ 12.3128992, 51.2515947 ], [ 12.3129428, 51.2517845 ], [ 12.3130469, 51.2519343 ], [ 12.3131726, 51.2519919 ], [ 12.3140954, 51.2520639 ], [ 12.3145621, 51.2523228 ], [ 12.3148387, 51.2526477 ], [ 12.3148743, 51.2527826 ], [ 12.3148673, 51.2529082 ], [ 12.3147362, 51.2531795 ], [ 12.3145392, 51.2534545 ], [ 12.3142089, 51.2537513 ], [ 12.3139441, 51.2539109 ], [ 12.3139581, 51.254035 ], [ 12.3141637, 51.2541565 ], [ 12.3144368, 51.2541699 ], [ 12.3149251, 51.2540989 ], [ 12.3150719, 51.2540995 ], [ 12.3152713, 51.2541453 ], [ 12.3153839, 51.2541733 ], [ 12.3156262, 51.2543434 ], [ 12.3156663, 51.2545595 ], [ 12.3154216, 51.2549121 ], [ 12.315443, 51.2549393 ], [ 12.315418, 51.2549985 ], [ 12.3153931, 51.2550398 ], [ 12.3153771, 51.2550623 ], [ 12.3152754, 51.255205 ], [ 12.3151484, 51.2552857 ], [ 12.3149132, 51.2554473 ], [ 12.3180123, 51.2572451 ], [ 12.3229228, 51.2570805 ], [ 12.3226225, 51.2594072 ], [ 12.3228894, 51.2593748 ], [ 12.3222542, 51.2624994 ], [ 12.3226032, 51.2626867 ], [ 12.3225892, 51.2630119 ], [ 12.3222057, 51.2648811 ], [ 12.3231253, 51.2674762 ], [ 12.3232485, 51.2680308 ], [ 12.3231249, 51.2691276 ], [ 12.3233284, 51.2695769 ], [ 12.3234893, 51.2696094 ], [ 12.3245392, 51.2694295 ], [ 12.3246325, 51.2695785 ], [ 12.3250157, 51.2694939 ], [ 12.3253991, 51.2692749 ], [ 12.3255755, 51.2692432 ], [ 12.3254039, 51.2695038 ], [ 12.3255762, 51.2699504 ], [ 12.3257125, 51.2701147 ], [ 12.3258384, 51.2704653 ], [ 12.3261251, 51.2708655 ], [ 12.3266988, 51.2709776 ], [ 12.3269845, 51.2709265 ], [ 12.3272677, 51.2711176 ], [ 12.3273608, 51.2712493 ], [ 12.3318788, 51.2710114 ], [ 12.3321591, 51.2684127 ], [ 12.3337423, 51.2685224 ], [ 12.3353633, 51.2683207 ], [ 12.3361396, 51.268694 ], [ 12.3367368, 51.2681203 ], [ 12.3360541, 51.2671032 ], [ 12.3371899, 51.2671472 ], [ 12.3373205, 51.2674279 ], [ 12.3378269, 51.2676351 ], [ 12.3384275, 51.2676767 ], [ 12.3400556, 51.2673817 ], [ 12.3406829, 51.2677545 ], [ 12.3409399, 51.2674787 ], [ 12.3414952, 51.2679017 ], [ 12.3414907, 51.2681213 ], [ 12.3409858, 51.268734 ], [ 12.3411181, 51.2689543 ], [ 12.3415184, 51.2690475 ], [ 12.3423793, 51.2686904 ], [ 12.3424784, 51.2683698 ], [ 12.3433636, 51.2683931 ], [ 12.3437343, 51.2682305 ], [ 12.3443977, 51.2682395 ], [ 12.345149, 51.2685048 ], [ 12.3453201, 51.2687422 ], [ 12.3450605, 51.2687922 ], [ 12.3449712, 51.2691035 ], [ 12.3452988, 51.2694542 ], [ 12.3437641, 51.2702973 ], [ 12.3431146, 51.2700441 ], [ 12.342903, 51.2702296 ], [ 12.3433493, 51.2703646 ], [ 12.3431336, 51.2705275 ], [ 12.342531, 51.2704763 ], [ 12.3425013, 51.2707462 ], [ 12.3420029, 51.2706764 ], [ 12.3419314, 51.2709169 ], [ 12.341637, 51.2709149 ], [ 12.3413621, 51.2704716 ], [ 12.3409233, 51.2704473 ], [ 12.3406924, 51.2708422 ], [ 12.3409857, 51.2711856 ], [ 12.3415416, 51.2713652 ], [ 12.3423114, 51.271419 ], [ 12.34263, 51.2716433 ], [ 12.3432865, 51.2714298 ], [ 12.3437506, 51.2716636 ], [ 12.3437064, 51.2719027 ], [ 12.3443474, 51.2723722 ], [ 12.3453119, 51.2720179 ], [ 12.345038, 51.2718632 ], [ 12.3453537, 51.2715423 ], [ 12.3463006, 51.2722745 ], [ 12.345422, 51.2731733 ], [ 12.3444201, 51.2731434 ], [ 12.3445964, 51.2735886 ], [ 12.3449149, 51.2738651 ], [ 12.3452547, 51.2737744 ], [ 12.3453295, 51.2743012 ], [ 12.3458431, 51.2741073 ], [ 12.3459138, 51.2738219 ], [ 12.3463637, 51.2735204 ], [ 12.3470986, 51.2737062 ], [ 12.3482045, 51.2736858 ], [ 12.3483261, 51.2741576 ], [ 12.3478723, 51.2747208 ], [ 12.3468517, 51.2753843 ], [ 12.3466291, 51.2758029 ], [ 12.3471993, 51.2762288 ], [ 12.3483991, 51.2768707 ], [ 12.3483152, 51.2770146 ], [ 12.3484647, 51.27894 ], [ 12.3487575, 51.2789188 ], [ 12.3500046, 51.2799832 ], [ 12.3501797, 51.2804085 ], [ 12.3506253, 51.2803917 ], [ 12.3507887, 51.280834 ], [ 12.351007, 51.2810289 ], [ 12.3520556, 51.2810701 ], [ 12.3525862, 51.2810136 ], [ 12.3525925, 51.2810412 ], [ 12.3529589, 51.2827324 ], [ 12.3535523, 51.2832006 ], [ 12.3532623, 51.2834709 ], [ 12.3528602, 51.2833721 ], [ 12.3519791, 51.2834415 ], [ 12.3517558, 51.2835218 ], [ 12.3515522, 51.2839467 ], [ 12.3515887, 51.2845628 ], [ 12.3519253, 51.2848546 ], [ 12.3519627, 51.2852616 ], [ 12.3511326, 51.2857128 ], [ 12.3515932, 51.286 ], [ 12.3519284, 51.2860095 ], [ 12.3520812, 51.2861199 ], [ 12.3516488, 51.2864004 ], [ 12.3508913, 51.2884243 ], [ 12.3504674, 51.2883748 ], [ 12.3498549, 51.2898683 ], [ 12.3508171, 51.2898895 ], [ 12.3518339, 51.2899159 ], [ 12.3528379, 51.289729 ], [ 12.3531604, 51.2900368 ], [ 12.3532377, 51.2902266 ], [ 12.3527974, 51.2905057 ], [ 12.353471, 51.2906931 ], [ 12.3527854, 51.2908072 ], [ 12.3520552, 51.2903574 ], [ 12.3518154, 51.2904871 ], [ 12.3514964, 51.2903269 ], [ 12.3512001, 51.2904977 ], [ 12.3519221, 51.2908338 ], [ 12.3510813, 51.2916611 ], [ 12.3509926, 51.2920343 ], [ 12.3510419, 51.2923256 ], [ 12.3511154, 51.2927599 ], [ 12.3510858, 51.2930505 ], [ 12.3510397, 51.2935028 ], [ 12.3506999, 51.2944108 ], [ 12.3507258, 51.2946155 ], [ 12.350734, 51.2946798 ], [ 12.3508033, 51.294867 ], [ 12.3509069, 51.2950216 ], [ 12.3514417, 51.2952556 ], [ 12.3509536, 51.295391 ], [ 12.3505011, 51.2953759 ], [ 12.3500436, 51.2956101 ], [ 12.3496896, 51.2953178 ], [ 12.3494199, 51.2954796 ], [ 12.3493914, 51.2959203 ], [ 12.3494982, 51.2960074 ], [ 12.3495534, 51.29605 ], [ 12.3497006, 51.2961426 ], [ 12.349994, 51.2962665 ], [ 12.350159, 51.2962845 ], [ 12.350391, 51.2962426 ], [ 12.3506144, 51.2962339 ], [ 12.3507625, 51.2963373 ], [ 12.3509525, 51.2964189 ], [ 12.3511648, 51.2964572 ], [ 12.351384, 51.2964713 ], [ 12.3516511, 51.2962334 ], [ 12.3521595, 51.2961141 ], [ 12.3523519, 51.2958792 ], [ 12.352408, 51.2958107 ], [ 12.35264, 51.2957411 ], [ 12.3527119, 51.2957514 ], [ 12.3527299, 51.2958233 ], [ 12.3527956, 51.2959121 ], [ 12.3527715, 51.2961319 ], [ 12.3528354, 51.2961721 ], [ 12.3530504, 51.2961671 ], [ 12.353258, 51.2961357 ], [ 12.3535278, 51.296095 ], [ 12.3536727, 51.2961117 ], [ 12.3538819, 51.2960933 ], [ 12.3540777, 51.2960631 ], [ 12.354245, 51.2960792 ], [ 12.3544157, 51.2962945 ], [ 12.3545312, 51.2963335 ], [ 12.3551202, 51.296324 ], [ 12.355172, 51.2962929 ], [ 12.35513, 51.2961618 ], [ 12.3549226, 51.2960611 ], [ 12.3546955, 51.2957713 ], [ 12.3550725, 51.2955707 ], [ 12.355228, 51.2953631 ], [ 12.3554952, 51.2954585 ], [ 12.3557186, 51.2954873 ], [ 12.3559027, 51.2954237 ], [ 12.3560039, 51.2945617 ], [ 12.3561432, 51.2942777 ], [ 12.3563892, 51.2939629 ], [ 12.3594704, 51.2932349 ], [ 12.3595497, 51.2932134 ], [ 12.3606316, 51.2929634 ], [ 12.3609114, 51.2928632 ], [ 12.3609709, 51.2928091 ], [ 12.3609978, 51.2927262 ], [ 12.3612785, 51.2926189 ], [ 12.3614005, 51.2926541 ], [ 12.3614589, 51.292671 ], [ 12.3618141, 51.2924847 ], [ 12.3621013, 51.2922487 ], [ 12.3625338, 51.2917895 ], [ 12.3627845, 51.2915837 ], [ 12.3632768, 51.2913133 ], [ 12.3637632, 51.2911122 ], [ 12.3641534, 51.2909302 ], [ 12.3643958, 51.290819 ], [ 12.364396, 51.2907137 ], [ 12.3643768, 51.2902046 ], [ 12.3644188, 51.289993 ], [ 12.3641136, 51.2897684 ], [ 12.3635144, 51.2895334 ], [ 12.3630909, 51.2892647 ], [ 12.363044, 51.2892096 ], [ 12.3631804, 51.2886892 ], [ 12.3631938, 51.2884695 ], [ 12.3632388, 51.2884326 ], [ 12.3634299, 51.2884108 ], [ 12.3636236, 51.2883657 ], [ 12.363792, 51.2883194 ], [ 12.3640957, 51.2882206 ], [ 12.3642459, 51.2881778 ], [ 12.3644894, 51.2880994 ], [ 12.3646676, 51.288058 ], [ 12.3648722, 51.2878579 ], [ 12.3653195, 51.2874233 ], [ 12.3656123, 51.2871381 ], [ 12.3657025, 51.2870756 ], [ 12.3665812, 51.2868084 ], [ 12.3668332, 51.2867317 ], [ 12.3685797, 51.2889961 ], [ 12.3685601, 51.2890019 ], [ 12.3686488, 51.2891363 ], [ 12.3688567, 51.2894039 ], [ 12.3696396, 51.2904181 ], [ 12.3709121, 51.2920673 ], [ 12.3711382, 51.2923589 ], [ 12.3711654, 51.2923522 ], [ 12.3712669, 51.2924898 ], [ 12.3714894, 51.2927883 ], [ 12.3715485, 51.2928685 ], [ 12.3715846, 51.2929506 ], [ 12.371618, 51.293065 ], [ 12.3717264, 51.2935133 ], [ 12.3717642, 51.2936568 ], [ 12.3737485, 51.2936325 ], [ 12.3738323, 51.2931655 ], [ 12.3740575, 51.2927061 ], [ 12.3741232, 51.2925988 ], [ 12.3744999, 51.2921264 ], [ 12.3746754, 51.2918897 ], [ 12.3747692, 51.2917731 ], [ 12.3749476, 51.2915836 ], [ 12.3752415, 51.2913029 ], [ 12.3753742, 51.2910737 ], [ 12.3754274, 51.291145 ], [ 12.3759036, 51.2910572 ], [ 12.3763704, 51.2914249 ], [ 12.3764645, 51.2914273 ], [ 12.3764761, 51.2901152 ], [ 12.3765482, 51.2897184 ], [ 12.3769821, 51.2884001 ], [ 12.377079, 51.2881876 ], [ 12.3772109, 51.2879604 ], [ 12.3776079, 51.2874511 ], [ 12.3793765, 51.2854496 ], [ 12.3797709, 51.2850033 ], [ 12.3802861, 51.2843018 ], [ 12.3805571, 51.2840544 ], [ 12.3808176, 51.2837587 ], [ 12.3809033, 51.2835404 ], [ 12.3810183, 51.2834598 ], [ 12.3811481, 51.2833274 ], [ 12.3813798, 51.2832145 ], [ 12.3816697, 51.283113 ], [ 12.3819172, 51.282968 ], [ 12.382233, 51.2828967 ], [ 12.3824831, 51.2827993 ], [ 12.3833921, 51.282682 ], [ 12.3838044, 51.2826945 ], [ 12.3842119, 51.2825406 ], [ 12.3840059, 51.2821365 ], [ 12.3840516, 51.2817244 ], [ 12.3844667, 51.2816077 ], [ 12.385118, 51.2819888 ], [ 12.3851752, 51.2819507 ], [ 12.3848286, 51.2816648 ], [ 12.3846534, 51.2814052 ], [ 12.3848133, 51.2813551 ], [ 12.3845589, 51.2810321 ], [ 12.3846055, 51.2809619 ], [ 12.384652, 51.2808916 ], [ 12.3848596, 51.2808079 ], [ 12.3851898, 51.2807681 ], [ 12.3862414, 51.2807218 ], [ 12.3870969, 51.2807343 ], [ 12.3871123, 51.2808491 ], [ 12.3876424, 51.2808847 ], [ 12.3881965, 51.2809072 ], [ 12.3888617, 51.2808759 ], [ 12.3898747, 51.2808281 ], [ 12.3898746, 51.2815435 ], [ 12.3914288, 51.2816644 ], [ 12.3914552, 51.281442 ], [ 12.3911823, 51.2799102 ], [ 12.3915367, 51.2795402 ], [ 12.3931079, 51.2796834 ], [ 12.3932081, 51.2798228 ], [ 12.3932487, 51.2800219 ], [ 12.3932449, 51.2804637 ], [ 12.3933338, 51.2808569 ], [ 12.3934914, 51.2812203 ], [ 12.3937228, 51.2814389 ], [ 12.3938355, 51.2819044 ], [ 12.3940279, 51.2824191 ], [ 12.3952746, 51.2825256 ], [ 12.3952919, 51.2825238 ], [ 12.3953896, 51.2825137 ], [ 12.3954655, 51.2825061 ], [ 12.3955286, 51.2825106 ], [ 12.3962326, 51.2825603 ], [ 12.3992193, 51.2826855 ], [ 12.4011899, 51.2829138 ], [ 12.4013852, 51.2823377 ], [ 12.4029249, 51.2825189 ], [ 12.40323, 51.2825069 ], [ 12.4034929, 51.2824573 ], [ 12.4036981, 51.282373 ], [ 12.40403, 51.2821593 ], [ 12.4050263, 51.2815013 ], [ 12.4060145, 51.2820323 ], [ 12.4060405, 51.2820358 ], [ 12.4061018, 51.2820442 ], [ 12.4061924, 51.2820572 ], [ 12.4067791, 51.2821152 ], [ 12.4069863, 51.2821268 ], [ 12.4072941, 51.2821503 ], [ 12.4074429, 51.2821628 ], [ 12.4076474, 51.2821792 ], [ 12.4078727, 51.282201 ], [ 12.4083648, 51.282243 ], [ 12.4085238, 51.2822509 ], [ 12.4088222, 51.2822706 ], [ 12.4095097, 51.2823173 ], [ 12.4095964, 51.2819189 ], [ 12.4096104, 51.2818624 ], [ 12.4096575, 51.2816719 ], [ 12.4097215, 51.2813446 ], [ 12.4098796, 51.2803818 ], [ 12.4110708, 51.2804017 ], [ 12.4122886, 51.2804303 ], [ 12.4123002, 51.279983 ], [ 12.4125902, 51.279978 ], [ 12.4125119, 51.2790151 ], [ 12.4126908, 51.2790192 ], [ 12.4128464, 51.2789789 ], [ 12.4128947, 51.2791232 ], [ 12.4130824, 51.279036 ], [ 12.413238, 51.2790376 ], [ 12.4133024, 51.2790896 ], [ 12.4134617, 51.2790831 ], [ 12.4137986, 51.2792557 ], [ 12.4139357, 51.2792684 ], [ 12.4138496, 51.2794202 ], [ 12.4137932, 51.2795997 ], [ 12.4137125, 51.280017 ], [ 12.4149179, 51.2801303 ], [ 12.4143666, 51.2837832 ], [ 12.4157351, 51.2836678 ], [ 12.4167448, 51.283472 ], [ 12.4167249, 51.2836994 ], [ 12.4166549, 51.2847271 ], [ 12.4166492, 51.2847997 ], [ 12.4172283, 51.2847485 ], [ 12.417764, 51.2847849 ], [ 12.4187668, 51.2848756 ], [ 12.4189998, 51.2849015 ], [ 12.4193513, 51.2849385 ], [ 12.4210241, 51.2851176 ], [ 12.4211515, 51.2851309 ], [ 12.4228783, 51.2853185 ], [ 12.4232628, 51.2853597 ], [ 12.4251985, 51.2855674 ], [ 12.4295569, 51.2860174 ], [ 12.4297629, 51.2860661 ], [ 12.4300387, 51.2860579 ], [ 12.4303431, 51.2859935 ], [ 12.4308825, 51.2859012 ], [ 12.4319162, 51.2857113 ], [ 12.4320034, 51.2850269 ], [ 12.4322078, 51.2849446 ], [ 12.432409, 51.2848758 ], [ 12.4327677, 51.2847559 ], [ 12.4330876, 51.2846775 ], [ 12.433394, 51.2846141 ], [ 12.4337299, 51.2845521 ], [ 12.4339952, 51.2844798 ], [ 12.434188, 51.2844326 ], [ 12.4342529, 51.284416 ], [ 12.434548, 51.2843415 ], [ 12.4350208, 51.28424 ], [ 12.4354278, 51.2841763 ], [ 12.4356792, 51.2841486 ], [ 12.4359366, 51.2841105 ], [ 12.4367658, 51.2840075 ], [ 12.4379155, 51.28376 ], [ 12.4393116, 51.283492 ], [ 12.4406696, 51.2832301 ], [ 12.441442, 51.2830966 ], [ 12.442132, 51.2829875 ], [ 12.4424823, 51.2829333 ], [ 12.4428139, 51.282883 ], [ 12.44321, 51.2828306 ], [ 12.4437053, 51.2827811 ], [ 12.4442724, 51.2827509 ], [ 12.4449161, 51.2827375 ], [ 12.4453907, 51.2827504 ], [ 12.4458775, 51.2827798 ], [ 12.4463641, 51.2828214 ], [ 12.4467043, 51.2828543 ], [ 12.4470672, 51.2828685 ], [ 12.447185, 51.2825034 ], [ 12.4473588, 51.2820039 ], [ 12.4475486, 51.2814271 ], [ 12.4477483, 51.2808046 ], [ 12.4478205, 51.2805772 ], [ 12.4487281, 51.2767325 ], [ 12.4488722, 51.2761218 ], [ 12.4489461, 51.2758088 ], [ 12.4490776, 51.275218 ], [ 12.4492932, 51.2742494 ], [ 12.4488376, 51.2725199 ], [ 12.4486428, 51.2712887 ], [ 12.4487421, 51.2712694 ], [ 12.4480323, 51.2682929 ], [ 12.4531008, 51.2669901 ], [ 12.4587132, 51.2649551 ], [ 12.4622573, 51.2638864 ], [ 12.4648782, 51.2631627 ], [ 12.4660466, 51.2626168 ], [ 12.4670774, 51.2623078 ], [ 12.4679211, 51.2618613 ], [ 12.4702592, 51.2615765 ], [ 12.472332, 51.2616671 ], [ 12.4745795, 51.2620933 ], [ 12.4780379, 51.2631388 ], [ 12.47801, 51.2617823 ], [ 12.4769537, 51.2588519 ], [ 12.4778591, 51.2579121 ], [ 12.4807815, 51.2576156 ], [ 12.4823452, 51.2577314 ], [ 12.4862823, 51.257659 ], [ 12.4880857, 51.2576259 ], [ 12.4889983, 51.258604 ], [ 12.492567, 51.2602013 ], [ 12.4935053, 51.2602498 ], [ 12.4910419, 51.2629123 ], [ 12.4908339, 51.2628691 ], [ 12.4854983, 51.261797 ], [ 12.485045, 51.2642317 ], [ 12.4842028, 51.2644988 ], [ 12.4849355, 51.2654704 ], [ 12.4854091, 51.2657801 ], [ 12.4872079, 51.2688663 ], [ 12.4873402, 51.26896 ], [ 12.4892846, 51.2725108 ], [ 12.4895762, 51.2731977 ], [ 12.4918641, 51.2772877 ], [ 12.493653, 51.277375 ], [ 12.4935199, 51.279523 ], [ 12.494258, 51.2815466 ], [ 12.4979589, 51.2820928 ], [ 12.4979668, 51.283025 ], [ 12.5004056, 51.2834276 ], [ 12.4992901, 51.2843762 ], [ 12.4989299, 51.2847031 ], [ 12.4981203, 51.2856584 ], [ 12.4975337, 51.2865278 ], [ 12.4972332, 51.2871704 ], [ 12.4970002, 51.2879415 ], [ 12.4966278, 51.2891738 ], [ 12.4976784, 51.2894017 ], [ 12.4979959, 51.2894705 ], [ 12.5004313, 51.2892473 ], [ 12.5006089, 51.2904998 ], [ 12.5010505, 51.2905542 ], [ 12.50139, 51.2916919 ], [ 12.5019799, 51.2929515 ], [ 12.502011, 51.2931282 ], [ 12.5022035, 51.2937182 ], [ 12.5030088, 51.2961862 ], [ 12.5043802, 51.2986474 ], [ 12.5052406, 51.2996996 ], [ 12.5049295, 51.3016816 ], [ 12.50533, 51.3033082 ], [ 12.508815, 51.3035558 ], [ 12.50987, 51.3035249 ], [ 12.5103358, 51.3037087 ], [ 12.5107623, 51.3038425 ], [ 12.5109275, 51.3038745 ], [ 12.5111384, 51.303884 ], [ 12.5114268, 51.3038739 ], [ 12.511695, 51.3038714 ], [ 12.5119713, 51.3038865 ], [ 12.5127411, 51.3039414 ], [ 12.5128195, 51.3039322 ], [ 12.5132503, 51.3040522 ], [ 12.5134384, 51.3041455 ], [ 12.5136409, 51.3042227 ], [ 12.5138536, 51.3042618 ], [ 12.5142565, 51.3043153 ], [ 12.5146115, 51.3043224 ], [ 12.5150746, 51.304312 ], [ 12.5152382, 51.3043254 ], [ 12.5160871, 51.3043103 ], [ 12.5171464, 51.3042859 ], [ 12.5181471, 51.3042483 ], [ 12.5196994, 51.3042978 ], [ 12.5211961, 51.3045236 ], [ 12.5243206, 51.3047805 ], [ 12.5305259, 51.3055707 ], [ 12.5336561, 51.3058001 ], [ 12.5388324, 51.3059361 ], [ 12.5390635, 51.3067959 ], [ 12.5396257, 51.3072805 ], [ 12.539814, 51.3077332 ], [ 12.5374933, 51.3101206 ], [ 12.5352816, 51.3128495 ], [ 12.534179, 51.3138183 ], [ 12.5333882, 51.3145798 ], [ 12.5313478, 51.3172573 ], [ 12.5320605, 51.3169004 ], [ 12.5325542, 51.3166418 ], [ 12.5330003, 51.3164496 ], [ 12.5334631, 51.3164157 ], [ 12.5341257, 51.3166259 ], [ 12.5344653, 51.3172673 ], [ 12.535877, 51.3181649 ], [ 12.5360728, 51.3187664 ], [ 12.5360883, 51.3188285 ], [ 12.5367325, 51.3191618 ], [ 12.540276, 51.3223191 ], [ 12.5425373, 51.3241556 ], [ 12.5389145, 51.326114 ], [ 12.532482, 51.3291596 ], [ 12.5267666, 51.3311988 ], [ 12.526657, 51.3312631 ], [ 12.5277866, 51.3318495 ], [ 12.5299089, 51.3323825 ], [ 12.5318453, 51.3328688 ], [ 12.5336462, 51.3333604 ], [ 12.5350808, 51.3341859 ], [ 12.5360148, 51.3347233 ], [ 12.5375939, 51.3350639 ], [ 12.5389043, 51.3370831 ], [ 12.5384934, 51.3375327 ], [ 12.5382554, 51.3375152 ], [ 12.5379816, 51.3371423 ], [ 12.5377673, 51.3371423 ], [ 12.5376126, 51.3375513 ], [ 12.5374162, 51.337555 ], [ 12.537446, 51.3370866 ], [ 12.5369818, 51.3372836 ], [ 12.5373091, 51.3375141 ], [ 12.5371186, 51.3377372 ], [ 12.5366902, 51.3376703 ], [ 12.5368389, 51.3379231 ], [ 12.5374698, 51.3379194 ], [ 12.537627, 51.3380722 ], [ 12.536896, 51.3386016 ], [ 12.5373017, 51.3387898 ], [ 12.5360518, 51.3393627 ], [ 12.5385882, 51.3406139 ], [ 12.5384023, 51.3408773 ], [ 12.5372679, 51.3413245 ], [ 12.536874, 51.3415995 ], [ 12.5365228, 51.3418446 ], [ 12.5350826, 51.3416557 ], [ 12.5336081, 51.3410254 ], [ 12.53251, 51.34097 ], [ 12.5316445, 51.3413892 ], [ 12.5306128, 51.3416721 ], [ 12.5299134, 51.3419209 ], [ 12.5287811, 51.3425952 ], [ 12.5281892, 51.3429477 ], [ 12.5278303, 51.3432348 ], [ 12.5276073, 51.3435995 ], [ 12.528089, 51.3438523 ], [ 12.528059, 51.3439728 ], [ 12.5276034, 51.3438957 ], [ 12.5277513, 51.3440875 ], [ 12.5278197, 51.3441761 ], [ 12.5275436, 51.3443843 ], [ 12.5269151, 51.3445925 ], [ 12.5265438, 51.3445241 ], [ 12.5261581, 51.3446252 ], [ 12.5265348, 51.3451889 ], [ 12.5265721, 51.346973 ], [ 12.5272787, 51.3480565 ], [ 12.5257598, 51.3488945 ], [ 12.5226367, 51.3483994 ], [ 12.5179494, 51.3478724 ], [ 12.5139188, 51.3472482 ], [ 12.5122687, 51.3470891 ], [ 12.5091068, 51.3473183 ], [ 12.5085476, 51.3480051 ], [ 12.5068734, 51.3500614 ], [ 12.5055746, 51.3518544 ], [ 12.5042543, 51.3535457 ], [ 12.4989043, 51.3605269 ], [ 12.4988815, 51.3605566 ], [ 12.4978285, 51.3604567 ], [ 12.4962386, 51.3604145 ], [ 12.494066, 51.3606098 ], [ 12.4919607, 51.3606173 ], [ 12.4915532, 51.3606687 ], [ 12.4872913, 51.3608963 ], [ 12.4837328, 51.3610099 ], [ 12.4805545, 51.3627606 ], [ 12.4756931, 51.3654383 ], [ 12.4748943, 51.3658352 ], [ 12.4739824, 51.3663652 ], [ 12.4721676, 51.367334 ], [ 12.4713427, 51.367777 ], [ 12.4709317, 51.367998 ], [ 12.4704474, 51.3682189 ], [ 12.4700109, 51.3683799 ], [ 12.4698113, 51.3683879 ], [ 12.4695481, 51.3683331 ], [ 12.468838, 51.3681461 ], [ 12.468488, 51.3681565 ], [ 12.4681562, 51.368257 ], [ 12.467935, 51.3684059 ], [ 12.4671101, 51.3690525 ], [ 12.4711975, 51.3706692 ], [ 12.4716757, 51.3709193 ], [ 12.4714826, 51.3709647 ], [ 12.4713343, 51.3710728 ], [ 12.4711945, 51.3712398 ], [ 12.4706525, 51.3716297 ], [ 12.4705623, 51.3717517 ], [ 12.4705582, 51.3718509 ], [ 12.4706623, 51.3723134 ], [ 12.4707445, 51.3726282 ], [ 12.4710581, 51.3729813 ], [ 12.4716091, 51.3734115 ], [ 12.4723742, 51.374454 ], [ 12.4731462, 51.375343 ], [ 12.4733728, 51.3760746 ], [ 12.4732607, 51.3768072 ], [ 12.4731931, 51.3772195 ], [ 12.4732047, 51.37769 ], [ 12.473606, 51.3782302 ], [ 12.4746516, 51.3789589 ], [ 12.4749438, 51.3793891 ], [ 12.4749105, 51.379823 ], [ 12.47512, 51.3802687 ], [ 12.475139, 51.3805451 ], [ 12.4750914, 51.380866 ], [ 12.4751959, 51.3812177 ], [ 12.4755363, 51.381666 ], [ 12.4761246, 51.3823663 ], [ 12.4765514, 51.3823414 ], [ 12.4766128, 51.3824297 ], [ 12.4667032, 51.3831422 ], [ 12.464967, 51.3908756 ], [ 12.4643163, 51.3906467 ], [ 12.4633371, 51.3913441 ], [ 12.4635498, 51.391423 ], [ 12.4635497, 51.3916606 ], [ 12.4637043, 51.3917065 ], [ 12.4638956, 51.3915887 ], [ 12.4641306, 51.3915971 ], [ 12.4640291, 51.3917307 ], [ 12.4642202, 51.3917988 ], [ 12.4645306, 51.3918181 ], [ 12.4648738, 51.3919636 ], [ 12.4654604, 51.3922911 ], [ 12.4658786, 51.3928317 ], [ 12.4656017, 51.3928853 ], [ 12.465444, 51.39252 ], [ 12.4646522, 51.3927103 ], [ 12.4645211, 51.3928269 ], [ 12.4648996, 51.393101 ], [ 12.4649166, 51.3933992 ], [ 12.4653922, 51.3936339 ], [ 12.4655184, 51.3936324 ], [ 12.4654698, 51.3935309 ], [ 12.4652151, 51.3933447 ], [ 12.4652126, 51.3932145 ], [ 12.4653437, 51.3930586 ], [ 12.4654825, 51.3929901 ], [ 12.4660974, 51.3930296 ], [ 12.4673419, 51.3932334 ], [ 12.4674449, 51.3934507 ], [ 12.4676779, 51.3934764 ], [ 12.4680054, 51.3933962 ], [ 12.4686072, 51.393378 ], [ 12.4687794, 51.3934219 ], [ 12.4687697, 51.3935006 ], [ 12.4684446, 51.3937202 ], [ 12.4684721, 51.3938279 ], [ 12.468891, 51.3940629 ], [ 12.4690682, 51.3941275 ], [ 12.4692589, 51.3941663 ], [ 12.4696048, 51.3941767 ], [ 12.4699535, 51.3941506 ], [ 12.4692494, 51.3959338 ], [ 12.4685676, 51.3970215 ], [ 12.4680388, 51.4008054 ], [ 12.4685241, 51.4015836 ], [ 12.4688805, 51.4017838 ], [ 12.4698908, 51.4020187 ], [ 12.4712245, 51.4021364 ], [ 12.47121, 51.4026169 ], [ 12.4710268, 51.4033827 ], [ 12.4704074, 51.4034774 ], [ 12.4703465, 51.4036614 ], [ 12.470325, 51.4037814 ], [ 12.4702388, 51.4038038 ], [ 12.466237, 51.4034179 ], [ 12.4655464, 51.4042996 ], [ 12.461625, 51.4076503 ], [ 12.4567584, 51.409784 ], [ 12.4566752, 51.4113938 ], [ 12.4567553, 51.4144075 ], [ 12.4572362, 51.4143987 ], [ 12.4572919, 51.4148343 ], [ 12.4582228, 51.4171826 ], [ 12.4586464, 51.4187912 ], [ 12.4610809, 51.418665 ], [ 12.4616335, 51.4204451 ], [ 12.4621799, 51.4204708 ], [ 12.4625085, 51.4204624 ], [ 12.4643193, 51.4203973 ], [ 12.4659936, 51.4203598 ], [ 12.4739493, 51.4199933 ], [ 12.4754043, 51.4198151 ], [ 12.4753167, 51.4172595 ], [ 12.4759423, 51.4172466 ], [ 12.4793926, 51.417588 ], [ 12.481059, 51.4176253 ], [ 12.4824659, 51.4174729 ], [ 12.4836389, 51.4174402 ], [ 12.4836851, 51.4169891 ], [ 12.4848027, 51.4171046 ], [ 12.486436, 51.4171081 ], [ 12.486588, 51.4177537 ], [ 12.4877412, 51.4177383 ], [ 12.4887874, 51.4176373 ], [ 12.4892158, 51.4188315 ], [ 12.4892999, 51.4189396 ], [ 12.489325, 51.4192893 ], [ 12.4891383, 51.4203937 ], [ 12.4910014, 51.4204626 ], [ 12.491043, 51.4210807 ], [ 12.4927785, 51.4211258 ], [ 12.4924314, 51.4223974 ], [ 12.4941179, 51.4223919 ], [ 12.493481, 51.4241945 ], [ 12.4931278, 51.4242146 ], [ 12.4927062, 51.4256889 ], [ 12.4921874, 51.4256657 ], [ 12.4920242, 51.4280225 ], [ 12.4934221, 51.4281016 ], [ 12.4934361, 51.4286321 ], [ 12.4933354, 51.429591 ], [ 12.4931862, 51.4304963 ], [ 12.4930426, 51.4310409 ], [ 12.4930134, 51.4311692 ], [ 12.4928495, 51.4311631 ], [ 12.4928074, 51.4315166 ], [ 12.489993, 51.431408 ], [ 12.4891142, 51.431424 ], [ 12.4891158, 51.4316073 ], [ 12.4791973, 51.4321664 ], [ 12.472376, 51.4323285 ], [ 12.4726186, 51.4340479 ], [ 12.472298, 51.4340559 ], [ 12.4724015, 51.4344644 ], [ 12.4721164, 51.4344786 ], [ 12.4722076, 51.4348141 ], [ 12.4719951, 51.4348371 ], [ 12.4720911, 51.4351643 ], [ 12.4713673, 51.4351998 ], [ 12.4716612, 51.4375698 ], [ 12.4694701, 51.43771 ], [ 12.4712521, 51.4426104 ], [ 12.4709171, 51.4428041 ], [ 12.4650986, 51.4432879 ], [ 12.4608965, 51.4435897 ], [ 12.4580539, 51.4436082 ], [ 12.4566381, 51.4435575 ], [ 12.4532245, 51.4437072 ], [ 12.4506675, 51.4441283 ], [ 12.4482967, 51.4447549 ], [ 12.4449682, 51.447295 ], [ 12.4432886, 51.4477359 ], [ 12.4411946, 51.4481145 ], [ 12.4407354, 51.4456421 ], [ 12.4404845, 51.4444137 ], [ 12.4403955, 51.4431664 ], [ 12.4416005, 51.4373153 ], [ 12.4422164, 51.4314924 ], [ 12.4422033, 51.4306081 ], [ 12.439639, 51.43017 ], [ 12.4396932, 51.4297608 ], [ 12.4377372, 51.4295399 ], [ 12.4341165, 51.4296156 ], [ 12.4324806, 51.429137 ], [ 12.4311942, 51.4288173 ], [ 12.430171, 51.4283598 ], [ 12.4290041, 51.4280348 ], [ 12.4277897, 51.4274734 ], [ 12.426483, 51.4272025 ], [ 12.4258704, 51.4272702 ], [ 12.4250884, 51.4270892 ], [ 12.4239188, 51.4267505 ], [ 12.4232167, 51.426916 ], [ 12.4221523, 51.4275854 ], [ 12.4213748, 51.4278682 ], [ 12.4206771, 51.4279856 ], [ 12.4191626, 51.4277009 ], [ 12.4174002, 51.4278338 ], [ 12.4170868, 51.4284001 ], [ 12.4161651, 51.4290212 ], [ 12.4132333, 51.4291331 ], [ 12.4097452, 51.4290284 ], [ 12.4079939, 51.4289442 ], [ 12.4058581, 51.4288643 ], [ 12.4055611, 51.4280306 ], [ 12.4056197, 51.4276239 ], [ 12.4053436, 51.4272719 ], [ 12.4038012, 51.4254436 ], [ 12.4037209, 51.4253781 ], [ 12.4036971, 51.4253226 ], [ 12.403573, 51.4251107 ], [ 12.4033566, 51.4248665 ], [ 12.4017245, 51.4235837 ], [ 12.4005351, 51.4219342 ], [ 12.4003298, 51.4216172 ], [ 12.3996981, 51.4199122 ], [ 12.3993523, 51.4189517 ], [ 12.3991469, 51.4181738 ], [ 12.3989013, 51.4170237 ], [ 12.3988008, 51.4167872 ], [ 12.3985181, 51.416403 ], [ 12.3980111, 51.4160631 ], [ 12.3974329, 51.415871 ], [ 12.3964472, 51.4156937 ], [ 12.3962253, 51.415655 ], [ 12.3961555, 51.4157915 ], [ 12.3958939, 51.4162123 ], [ 12.3956627, 51.4165315 ], [ 12.395276, 51.4169382 ], [ 12.3949341, 51.4172139 ], [ 12.3945753, 51.4174921 ], [ 12.3944663, 51.4175928 ], [ 12.3940412, 51.4178229 ], [ 12.3933735, 51.4181424 ], [ 12.3929569, 51.4183059 ], [ 12.3929833, 51.4183991 ], [ 12.3892374, 51.4193225 ], [ 12.388693, 51.4198678 ], [ 12.3884365, 51.4196229 ], [ 12.3809252, 51.4215512 ], [ 12.3803942, 51.4216943 ], [ 12.3780831, 51.4221355 ], [ 12.3768569, 51.4224773 ], [ 12.3759157, 51.4229812 ], [ 12.3749912, 51.4235014 ], [ 12.3738818, 51.4244532 ], [ 12.373531, 51.4248829 ], [ 12.3731794, 51.424804 ], [ 12.373473, 51.4244177 ], [ 12.3734482, 51.4236549 ], [ 12.364212, 51.4219915 ], [ 12.3602655, 51.4189176 ], [ 12.3603594, 51.4185996 ], [ 12.3602111, 51.4175713 ], [ 12.3600422, 51.4153532 ], [ 12.3597568, 51.4153495 ], [ 12.3598038, 51.416539 ], [ 12.3599656, 51.4176946 ], [ 12.3580592, 51.4176292 ], [ 12.3542012, 51.4176262 ], [ 12.3541722, 51.4177866 ], [ 12.3518623, 51.4177336 ], [ 12.3504829, 51.417761 ], [ 12.3413213, 51.4178847 ], [ 12.3383159, 51.4180363 ], [ 12.3367826, 51.4181147 ], [ 12.3333825, 51.4181365 ], [ 12.3330167, 51.4196399 ], [ 12.3287594, 51.4192913 ], [ 12.3266648, 51.4192937 ], [ 12.3246467, 51.4193186 ], [ 12.3237219, 51.4192493 ], [ 12.3206018, 51.418881 ], [ 12.3188502, 51.4186934 ], [ 12.3185264, 51.4186858 ], [ 12.3184566, 51.4187312 ], [ 12.318217, 51.4187501 ], [ 12.3175073, 51.4187444 ], [ 12.317477, 51.4188371 ], [ 12.3167792, 51.4187351 ], [ 12.3154605, 51.4186193 ], [ 12.3142959, 51.4184727 ], [ 12.3136704, 51.4183545 ], [ 12.3126884, 51.4180849 ], [ 12.3119468, 51.4178024 ], [ 12.3122251, 51.4171477 ], [ 12.3123291, 51.4167954 ], [ 12.3125503, 51.4157031 ], [ 12.3125815, 51.4151562 ], [ 12.3101217, 51.4152133 ], [ 12.3099664, 51.4153444 ], [ 12.3098026, 51.4153087 ], [ 12.309588, 51.4153137 ], [ 12.3095029, 51.4152328 ], [ 12.3083698, 51.415266 ], [ 12.3077584, 51.4155827 ], [ 12.307631, 51.4155262 ], [ 12.3077124, 51.4154774 ], [ 12.3077245, 51.4153691 ], [ 12.3076643, 51.415287 ], [ 12.305579, 51.4153628 ], [ 12.3034312, 51.4154041 ], [ 12.3013182, 51.4154685 ], [ 12.2993382, 51.4156133 ], [ 12.2992067, 51.4155258 ], [ 12.2922113, 51.4157588 ], [ 12.2901201, 51.4158191 ], [ 12.2877579, 51.4159312 ], [ 12.2868281, 51.4159903 ], [ 12.2853557, 51.4160998 ], [ 12.2843055, 51.4161934 ], [ 12.2825178, 51.4163665 ], [ 12.2816143, 51.416473 ], [ 12.2818625, 51.4165716 ], [ 12.2815775, 51.4165379 ], [ 12.2812864, 51.416525 ], [ 12.2793095, 51.4167674 ], [ 12.2790822, 51.4168333 ], [ 12.2788809, 51.4169077 ], [ 12.2785416, 51.4170776 ], [ 12.2783828, 51.4171192 ], [ 12.2782573, 51.4171014 ], [ 12.278097, 51.4170177 ], [ 12.2779728, 51.4170309 ], [ 12.2778576, 51.4169517 ], [ 12.2710348, 51.4178669 ], [ 12.2712044, 51.4173654 ], [ 12.2738495, 51.416999 ], [ 12.2742593, 51.4157876 ], [ 12.2716347, 51.4160932 ], [ 12.2725342, 51.4134337 ], [ 12.2708155, 51.4130766 ], [ 12.263452, 51.4115388 ], [ 12.2634244, 51.411517 ], [ 12.2637899, 51.4084584 ], [ 12.2638148, 51.40825 ], [ 12.2639669, 51.4069772 ], [ 12.2643797, 51.4035948 ], [ 12.2645487, 51.40221 ], [ 12.2610489, 51.4023734 ], [ 12.2619942, 51.401182 ], [ 12.2574331, 51.4026225 ], [ 12.2552056, 51.403149 ], [ 12.2527756, 51.4035823 ], [ 12.2523259, 51.4036478 ], [ 12.2536446, 51.4026285 ], [ 12.253687, 51.4025957 ], [ 12.2541198, 51.4020391 ], [ 12.2548753, 51.4009904 ], [ 12.255732, 51.3998389 ], [ 12.2567826, 51.4000543 ], [ 12.2573989, 51.4001189 ], [ 12.2579008, 51.4001151 ], [ 12.2605024, 51.3999561 ], [ 12.2609531, 51.3999393 ], [ 12.26228, 51.4001367 ], [ 12.2633118, 51.4003367 ], [ 12.2634826, 51.4002106 ], [ 12.2637701, 51.3998865 ], [ 12.2640335, 51.3995897 ], [ 12.2650261, 51.3983901 ], [ 12.2659908, 51.3981588 ], [ 12.2678399, 51.3973911 ], [ 12.2677274, 51.396903 ], [ 12.2677038, 51.3968704 ], [ 12.2676691, 51.396609 ], [ 12.2676806, 51.3963885 ], [ 12.2676036, 51.3963061 ], [ 12.2674187, 51.3961583 ], [ 12.267152, 51.3959892 ], [ 12.266555, 51.3955347 ], [ 12.2662854, 51.3951595 ], [ 12.265987, 51.3944313 ], [ 12.2652183, 51.3936293 ], [ 12.2647359, 51.3932051 ], [ 12.2636768, 51.3926191 ], [ 12.2627326, 51.3922879 ], [ 12.2619979, 51.3918071 ], [ 12.2613198, 51.3914089 ], [ 12.2598967, 51.3905432 ], [ 12.2590168, 51.3902209 ], [ 12.2585303, 51.3898267 ], [ 12.2578359, 51.3892639 ], [ 12.2571262, 51.3883916 ], [ 12.2568448, 51.3880353 ], [ 12.2566231, 51.3877456 ], [ 12.2565596, 51.3875373 ], [ 12.2564577, 51.3872396 ], [ 12.2564197, 51.3870094 ], [ 12.2562724, 51.3860739 ], [ 12.2562889, 51.3860162 ], [ 12.2569014, 51.3858668 ], [ 12.2571141, 51.3858471 ], [ 12.2572477, 51.3850793 ], [ 12.2572162, 51.3849496 ], [ 12.2569118, 51.3849316 ], [ 12.256732, 51.3848907 ], [ 12.2565817, 51.3848357 ], [ 12.2562761, 51.3846185 ], [ 12.2559115, 51.3842224 ], [ 12.2558001, 51.384015 ], [ 12.2556259, 51.3838274 ], [ 12.2558086, 51.3837535 ], [ 12.256489, 51.38382 ], [ 12.2570956, 51.3839789 ], [ 12.2573391, 51.3835392 ], [ 12.257414, 51.3830118 ], [ 12.2579666, 51.3828974 ], [ 12.2584657, 51.3823364 ], [ 12.2593287, 51.3817949 ], [ 12.2592297, 51.381449 ], [ 12.2590654, 51.3812769 ], [ 12.2589979, 51.3812162 ], [ 12.258903, 51.3811184 ], [ 12.2587905, 51.3810159 ], [ 12.2586526, 51.3808715 ], [ 12.2585963, 51.3807994 ], [ 12.2585827, 51.3807766 ], [ 12.2585948, 51.3807369 ], [ 12.2586133, 51.3807124 ], [ 12.2586747, 51.3806753 ], [ 12.2587332, 51.3806342 ], [ 12.2587235, 51.3806262 ], [ 12.258646, 51.3806006 ], [ 12.258519, 51.3805765 ], [ 12.2583158, 51.3805224 ], [ 12.2581949, 51.3805044 ], [ 12.2580393, 51.3805088 ], [ 12.2578201, 51.3805046 ], [ 12.2574201, 51.3805785 ], [ 12.2571927, 51.3806594 ], [ 12.2569014, 51.3808424 ], [ 12.2568789, 51.380868 ], [ 12.2567287, 51.3808475 ], [ 12.2561941, 51.3807219 ], [ 12.2551386, 51.3804339 ], [ 12.2549776, 51.3803758 ], [ 12.254621, 51.380275 ], [ 12.2537609, 51.3799685 ], [ 12.2528272, 51.3795993 ], [ 12.2524167, 51.3797951 ], [ 12.2524135, 51.3797846 ], [ 12.2528144, 51.3795934 ], [ 12.2523229, 51.3793693 ], [ 12.2519965, 51.3792077 ], [ 12.2509723, 51.3786542 ], [ 12.2501947, 51.3781683 ], [ 12.2494614, 51.3776447 ], [ 12.2490129, 51.377287 ], [ 12.2490556, 51.3772617 ], [ 12.248199, 51.3766006 ], [ 12.2478225, 51.3763291 ], [ 12.247195, 51.3759063 ], [ 12.2466745, 51.3756048 ], [ 12.2461271, 51.3753053 ], [ 12.2453839, 51.3749302 ], [ 12.244843, 51.3746774 ], [ 12.2434528, 51.3740871 ], [ 12.242661, 51.3738161 ], [ 12.2416762, 51.3735187 ], [ 12.2401397, 51.3731497 ], [ 12.2394669, 51.3730057 ], [ 12.2387887, 51.3728699 ], [ 12.2383623, 51.372801 ], [ 12.2376696, 51.3727011 ], [ 12.2377596, 51.372446 ], [ 12.2379388, 51.3719917 ], [ 12.2391095, 51.3720483 ], [ 12.240094, 51.3719783 ], [ 12.2410563, 51.3719324 ], [ 12.2411992, 51.3718374 ], [ 12.2412959, 51.3718796 ], [ 12.2420849, 51.3717371 ], [ 12.243391, 51.3711715 ], [ 12.2431447, 51.3700927 ], [ 12.2429275, 51.3697602 ], [ 12.2427248, 51.368976 ], [ 12.2429522, 51.3680259 ], [ 12.2429151, 51.3678413 ], [ 12.2427155, 51.3674618 ], [ 12.2422297, 51.3667781 ], [ 12.2420367, 51.366581 ], [ 12.2419861, 51.3665191 ], [ 12.2419683, 51.3664505 ], [ 12.2419854, 51.3663818 ], [ 12.2420355, 51.3663197 ], [ 12.2424574, 51.3659927 ], [ 12.241994, 51.3659174 ], [ 12.2419884, 51.3658551 ], [ 12.2419123, 51.3657111 ], [ 12.2418866, 51.365681 ], [ 12.2418891, 51.3656163 ], [ 12.2418756, 51.3655899 ], [ 12.2418108, 51.3655116 ], [ 12.2417238, 51.3654304 ], [ 12.2417059, 51.365405 ], [ 12.2416886, 51.3653282 ], [ 12.2416871, 51.3652911 ], [ 12.2416503, 51.365271 ], [ 12.2416034, 51.3652579 ], [ 12.2410531, 51.3601434 ], [ 12.2413973, 51.3588932 ], [ 12.2412196, 51.3575651 ], [ 12.2415038, 51.355087 ], [ 12.2416129, 51.3541205 ], [ 12.24256, 51.3528334 ], [ 12.2426497, 51.3516831 ], [ 12.241809, 51.3496522 ], [ 12.2419677, 51.3490751 ], [ 12.2424066, 51.3486342 ], [ 12.2429591, 51.348202 ], [ 12.2435492, 51.3479273 ], [ 12.2454965, 51.3473577 ], [ 12.2457309, 51.3470387 ], [ 12.2457781, 51.3469895 ], [ 12.2458533, 51.3469196 ], [ 12.2459018, 51.3468708 ], [ 12.2461692, 51.3466751 ], [ 12.2466531, 51.3462382 ], [ 12.247722, 51.3454203 ], [ 12.2477941, 51.3453332 ], [ 12.2478978, 51.3448318 ], [ 12.2481139, 51.3442668 ], [ 12.2485507, 51.3436622 ], [ 12.2498045, 51.3420056 ], [ 12.2499877, 51.3415287 ], [ 12.2500313, 51.341102 ], [ 12.2498285, 51.3401014 ], [ 12.2495818, 51.3391581 ], [ 12.2495889, 51.3387115 ], [ 12.2497457, 51.3383941 ], [ 12.2499412, 51.3382091 ], [ 12.2510964, 51.337525 ], [ 12.2515301, 51.3373955 ], [ 12.2520347, 51.337292 ], [ 12.2525557, 51.3372619 ], [ 12.2535301, 51.337269 ], [ 12.2541285, 51.3370545 ], [ 12.2558048, 51.3366911 ], [ 12.2565189, 51.3364984 ], [ 12.2593053, 51.3355221 ], [ 12.2595254, 51.3352293 ], [ 12.2595884, 51.3350672 ], [ 12.2597101, 51.3346858 ], [ 12.2593354, 51.3336215 ], [ 12.2578486, 51.3324503 ], [ 12.2574977, 51.3326393 ], [ 12.2571602, 51.332838 ], [ 12.2571467, 51.3328638 ], [ 12.2511941, 51.3317094 ], [ 12.2492175, 51.331314 ], [ 12.2472035, 51.3308086 ], [ 12.247691, 51.3298243 ], [ 12.2449965, 51.3295415 ], [ 12.2448186, 51.3317856 ], [ 12.2437577, 51.3314683 ], [ 12.2439835, 51.3273352 ], [ 12.2428881, 51.3271868 ], [ 12.2369914, 51.3264257 ], [ 12.238491, 51.3229889 ], [ 12.2381864, 51.3229501 ], [ 12.239511, 51.3203278 ], [ 12.2366519, 51.3197803 ] ] ] } },
{ "type": "Feature", "properties": { "bbox_west": 18.5801589, "bbox_south": 53.1693085, "bbox_east": 18.6374673, "bbox_north": 53.2154759, "place_id": 162592654, "osm_type": "relation", "osm_id": 2633730, "lat": 53.1923757, "lon": 18.6125545, "class": "boundary", "type": "administrative", "place_rank": 16, "importance": 0.47215810954570225, "addresstype": "administrative", "name": "Chełmża", "display_name": "Chełmża, Toruń County, Kuyavian-Pomeranian Voivodeship, 87-140, Poland", "city": "Chełmża Poland" }, "geometry": { "type": "Polygon", "coordinates": [ [ [ 18.5801589, 53.181497 ], [ 18.5804022, 53.1814724 ], [ 18.5806169, 53.1814506 ], [ 18.5852179, 53.1809841 ], [ 18.5843936, 53.1799198 ], [ 18.5858753, 53.1794341 ], [ 18.5871327, 53.1790305 ], [ 18.5867969, 53.1786012 ], [ 18.5867582, 53.1786153 ], [ 18.5837621, 53.1747929 ], [ 18.5838014, 53.1747799 ], [ 18.5834886, 53.1736723 ], [ 18.5828047, 53.1735413 ], [ 18.5832304, 53.1727764 ], [ 18.5829991, 53.1719297 ], [ 18.5829677, 53.1718443 ], [ 18.5819051, 53.1705231 ], [ 18.585636, 53.1693085 ], [ 18.5857107, 53.1696976 ], [ 18.5857872, 53.1698469 ], [ 18.5859423, 53.1700719 ], [ 18.5882819, 53.1730213 ], [ 18.5915642, 53.1719277 ], [ 18.5935091, 53.174328 ], [ 18.594127, 53.1750906 ], [ 18.5954086, 53.176721 ], [ 18.5957784, 53.1771525 ], [ 18.5961401, 53.1776381 ], [ 18.5962306, 53.1777368 ], [ 18.5963501, 53.1778872 ], [ 18.5978218, 53.1795612 ], [ 18.5981563, 53.1794613 ], [ 18.5994959, 53.179086 ], [ 18.6004487, 53.1787528 ], [ 18.6009162, 53.178428 ], [ 18.6011791, 53.1782375 ], [ 18.6016547, 53.1779248 ], [ 18.602342, 53.177614 ], [ 18.6030644, 53.1773447 ], [ 18.6045754, 53.1767993 ], [ 18.605197, 53.1765758 ], [ 18.6054778, 53.1764849 ], [ 18.6056253, 53.1764019 ], [ 18.605685, 53.1764051 ], [ 18.6055942, 53.1764572 ], [ 18.6064064, 53.1761921 ], [ 18.6067943, 53.1761029 ], [ 18.6075063, 53.1758153 ], [ 18.6079407, 53.1756821 ], [ 18.6090185, 53.1753196 ], [ 18.6099093, 53.1749726 ], [ 18.6108541, 53.1746229 ], [ 18.6115081, 53.1743689 ], [ 18.6126114, 53.1739667 ], [ 18.612817, 53.1738962 ], [ 18.6129376, 53.1738509 ], [ 18.6130259, 53.1738084 ], [ 18.6132022, 53.173737 ], [ 18.6133654, 53.1736849 ], [ 18.6136132, 53.1735916 ], [ 18.6136689, 53.1735608 ], [ 18.6139823, 53.1734585 ], [ 18.6142962, 53.1733132 ], [ 18.614444, 53.1732748 ], [ 18.6160099, 53.1743291 ], [ 18.6167797, 53.1742869 ], [ 18.6168277, 53.1743164 ], [ 18.6173662, 53.1742767 ], [ 18.6179058, 53.1742561 ], [ 18.6194151, 53.1741723 ], [ 18.6198093, 53.1740667 ], [ 18.6218035, 53.1757228 ], [ 18.6226433, 53.1764129 ], [ 18.6227631, 53.1764734 ], [ 18.6252405, 53.1787926 ], [ 18.6256389, 53.1787112 ], [ 18.6260575, 53.178494 ], [ 18.6265231, 53.1780195 ], [ 18.6271151, 53.1776882 ], [ 18.6278249, 53.1775278 ], [ 18.6290025, 53.1774533 ], [ 18.6295518, 53.1773161 ], [ 18.6301668, 53.1772695 ], [ 18.6315046, 53.1772385 ], [ 18.6321908, 53.1770525 ], [ 18.6368873, 53.1800307 ], [ 18.6367921, 53.1800259 ], [ 18.6357771, 53.1800931 ], [ 18.6353267, 53.1802153 ], [ 18.6356195, 53.1801673 ], [ 18.636624, 53.1800995 ], [ 18.637012, 53.1801097 ], [ 18.6370844, 53.1801557 ], [ 18.6366311, 53.1801441 ], [ 18.6362913, 53.1801668 ], [ 18.6356487, 53.1802096 ], [ 18.6352819, 53.1803186 ], [ 18.6346605, 53.180774 ], [ 18.6340113, 53.1810289 ], [ 18.632006, 53.1812898 ], [ 18.631077, 53.1813888 ], [ 18.629049, 53.1819754 ], [ 18.6290247, 53.1819848 ], [ 18.62861, 53.1822437 ], [ 18.6286347, 53.1822628 ], [ 18.6293746, 53.1834364 ], [ 18.6310944, 53.1861189 ], [ 18.6313465, 53.1865422 ], [ 18.6315728, 53.1868849 ], [ 18.6318702, 53.187449 ], [ 18.6321565, 53.1879225 ], [ 18.632939, 53.1879249 ], [ 18.633265, 53.1879126 ], [ 18.633536, 53.1879105 ], [ 18.6340628, 53.187933 ], [ 18.6347539, 53.1879346 ], [ 18.6362545, 53.1879537 ], [ 18.6368734, 53.1879574 ], [ 18.6370139, 53.1879664 ], [ 18.637038, 53.1880889 ], [ 18.6374673, 53.1888846 ], [ 18.6343882, 53.1896214 ], [ 18.6316075, 53.1902381 ], [ 18.6294956, 53.1906693 ], [ 18.630166, 53.1917365 ], [ 18.6274001, 53.1921106 ], [ 18.6228117, 53.1928807 ], [ 18.6218794, 53.193044 ], [ 18.620575, 53.1923517 ], [ 18.6201846, 53.1921542 ], [ 18.6198265, 53.1919954 ], [ 18.6197223, 53.1920852 ], [ 18.6191212, 53.1929166 ], [ 18.617929, 53.1945925 ], [ 18.6179123, 53.1945889 ], [ 18.6196341, 53.1976714 ], [ 18.6196637, 53.197858 ], [ 18.619685, 53.197905 ], [ 18.6196301, 53.197881 ], [ 18.6182998, 53.1978871 ], [ 18.6178669, 53.1978599 ], [ 18.6173414, 53.1977584 ], [ 18.6160576, 53.1974592 ], [ 18.6155113, 53.1973171 ], [ 18.6145684, 53.1970871 ], [ 18.6139969, 53.1969526 ], [ 18.6139426, 53.1969433 ], [ 18.6134274, 53.1967835 ], [ 18.6132212, 53.1967048 ], [ 18.6130025, 53.1966058 ], [ 18.6125896, 53.1963815 ], [ 18.6125691, 53.1964874 ], [ 18.612617, 53.1967703 ], [ 18.6126331, 53.1970189 ], [ 18.6126127, 53.1972285 ], [ 18.612626, 53.197309 ], [ 18.6127212, 53.197527 ], [ 18.6128799, 53.1979358 ], [ 18.6129484, 53.1982013 ], [ 18.6130004, 53.1984606 ], [ 18.6130543, 53.1986309 ], [ 18.6131873, 53.1989534 ], [ 18.6132711, 53.1992219 ], [ 18.6135599, 53.2002629 ], [ 18.6138328, 53.2013239 ], [ 18.613867, 53.2015042 ], [ 18.6138871, 53.2017826 ], [ 18.6139751, 53.2019932 ], [ 18.6139718, 53.2022084 ], [ 18.6138866, 53.2022505 ], [ 18.6138829, 53.2023905 ], [ 18.6138741, 53.2024545 ], [ 18.6142639, 53.2026357 ], [ 18.6143964, 53.2027227 ], [ 18.6144909, 53.2028573 ], [ 18.6145938, 53.2032333 ], [ 18.614761, 53.2036982 ], [ 18.615038, 53.204312 ], [ 18.6155963, 53.2053145 ], [ 18.6158384, 53.2059884 ], [ 18.6159587, 53.2063443 ], [ 18.615984, 53.2063971 ], [ 18.6165272, 53.2079814 ], [ 18.6165646, 53.2081971 ], [ 18.6165948, 53.2083135 ], [ 18.6171595, 53.2100569 ], [ 18.6174133, 53.2107697 ], [ 18.6143836, 53.2111135 ], [ 18.6144438, 53.2115108 ], [ 18.6145438, 53.2120419 ], [ 18.6145763, 53.212308 ], [ 18.6146942, 53.2130778 ], [ 18.614923, 53.2144074 ], [ 18.6147079, 53.2144178 ], [ 18.6135462, 53.2146439 ], [ 18.6116339, 53.215045 ], [ 18.610552, 53.2152573 ], [ 18.6100496, 53.215334 ], [ 18.6098827, 53.2153273 ], [ 18.6097109, 53.2153524 ], [ 18.6093263, 53.2153717 ], [ 18.6088692, 53.2154759 ], [ 18.6088515, 53.2154633 ], [ 18.608805, 53.2154635 ], [ 18.6086154, 53.2152066 ], [ 18.6083738, 53.2149768 ], [ 18.6078501, 53.2146542 ], [ 18.6073185, 53.2140097 ], [ 18.6067953, 53.2137144 ], [ 18.6065687, 53.2132779 ], [ 18.6064208, 53.21288 ], [ 18.6064439, 53.2126861 ], [ 18.6065034, 53.2125967 ], [ 18.6066247, 53.2123885 ], [ 18.6067359, 53.2117451 ], [ 18.6068031, 53.2112067 ], [ 18.6069518, 53.2111459 ], [ 18.6065589, 53.2109794 ], [ 18.6065188, 53.2109373 ], [ 18.6063892, 53.2108347 ], [ 18.6063033, 53.210692 ], [ 18.6062586, 53.2105443 ], [ 18.6062299, 53.2104077 ], [ 18.606291, 53.2103446 ], [ 18.6063795, 53.2102047 ], [ 18.606465, 53.2100535 ], [ 18.6065363, 53.2100025 ], [ 18.6066965, 53.2099304 ], [ 18.6072895, 53.2097195 ], [ 18.6076749, 53.2092356 ], [ 18.6079341, 53.2089261 ], [ 18.607993, 53.2088131 ], [ 18.6080468, 53.2086214 ], [ 18.6080359, 53.2083858 ], [ 18.607958, 53.2078368 ], [ 18.6080164, 53.2077057 ], [ 18.6080077, 53.207665 ], [ 18.6082465, 53.207095 ], [ 18.6083148, 53.2070708 ], [ 18.6083489, 53.2070283 ], [ 18.6083833, 53.206926 ], [ 18.6084128, 53.2067418 ], [ 18.6082851, 53.2066079 ], [ 18.6083415, 53.2063561 ], [ 18.6084149, 53.2062306 ], [ 18.6084889, 53.2059747 ], [ 18.6086861, 53.2058417 ], [ 18.608762, 53.205685 ], [ 18.6087878, 53.2055509 ], [ 18.6086684, 53.2052779 ], [ 18.608569, 53.2051194 ], [ 18.6085557, 53.2050552 ], [ 18.608542, 53.2049314 ], [ 18.608538, 53.2047968 ], [ 18.608556, 53.2046951 ], [ 18.6086543, 53.2044432 ], [ 18.6086081, 53.2043305 ], [ 18.6084872, 53.2041618 ], [ 18.6084522, 53.2036894 ], [ 18.6083764, 53.2031225 ], [ 18.6084494, 53.2030581 ], [ 18.60849, 53.2029553 ], [ 18.608569, 53.202444 ], [ 18.6086236, 53.2018632 ], [ 18.6086738, 53.2015078 ], [ 18.6086894, 53.2014588 ], [ 18.6083491, 53.2013446 ], [ 18.6082409, 53.2014606 ], [ 18.6080522, 53.2015983 ], [ 18.6080277, 53.2015828 ], [ 18.6077616, 53.2017281 ], [ 18.6076655, 53.201768 ], [ 18.6072926, 53.2018671 ], [ 18.6069619, 53.2018971 ], [ 18.6066438, 53.2019599 ], [ 18.6066247, 53.2019778 ], [ 18.6061735, 53.2020679 ], [ 18.6058345, 53.2021083 ], [ 18.6053486, 53.2021556 ], [ 18.6050128, 53.2022159 ], [ 18.604371, 53.2023681 ], [ 18.6040252, 53.2024016 ], [ 18.6033211, 53.2023834 ], [ 18.6030085, 53.202386 ], [ 18.6027972, 53.2023705 ], [ 18.6022833, 53.202308 ], [ 18.6020336, 53.2022592 ], [ 18.6018591, 53.2022073 ], [ 18.6017737, 53.202169 ], [ 18.6015429, 53.2020108 ], [ 18.6014353, 53.2019521 ], [ 18.6012989, 53.2019261 ], [ 18.6011509, 53.2019397 ], [ 18.6008402, 53.2019975 ], [ 18.6003694, 53.2020576 ], [ 18.6000251, 53.2020685 ], [ 18.5997492, 53.2021361 ], [ 18.599103, 53.2021805 ], [ 18.5985436, 53.2021756 ], [ 18.5980653, 53.202091 ], [ 18.5979579, 53.2021149 ], [ 18.5973695, 53.2019945 ], [ 18.5972121, 53.2019403 ], [ 18.5971203, 53.201924 ], [ 18.5965648, 53.2012687 ], [ 18.5961939, 53.2009529 ], [ 18.5963959, 53.2008758 ], [ 18.5966005, 53.2011055 ], [ 18.5966855, 53.2010642 ], [ 18.5969583, 53.2009721 ], [ 18.5971565, 53.2009241 ], [ 18.5973239, 53.2009069 ], [ 18.5976057, 53.2009188 ], [ 18.5978412, 53.2009664 ], [ 18.5985126, 53.2010581 ], [ 18.5986587, 53.2011143 ], [ 18.5989681, 53.2012041 ], [ 18.5993497, 53.2012851 ], [ 18.5997325, 53.2013283 ], [ 18.6004376, 53.2013624 ], [ 18.6006654, 53.2013496 ], [ 18.6008203, 53.201323 ], [ 18.6010461, 53.2012338 ], [ 18.6010719, 53.201267 ], [ 18.601192, 53.2012318 ], [ 18.6012899, 53.201123 ], [ 18.6013329, 53.2010298 ], [ 18.6012549, 53.2008616 ], [ 18.6013933, 53.2008387 ], [ 18.6015795, 53.2007938 ], [ 18.601779, 53.200763 ], [ 18.6020046, 53.2007606 ], [ 18.6024329, 53.2008114 ], [ 18.6027229, 53.200891 ], [ 18.6022724, 53.200714 ], [ 18.6021899, 53.2003316 ], [ 18.6021044, 53.2002642 ], [ 18.6020212, 53.1999875 ], [ 18.6013277, 53.1991313 ], [ 18.6011985, 53.1989983 ], [ 18.5994523, 53.1969329 ], [ 18.5994322, 53.1968713 ], [ 18.6001391, 53.1966384 ], [ 18.5992915, 53.1958135 ], [ 18.5991088, 53.1956123 ], [ 18.605156, 53.1943211 ], [ 18.6063534, 53.1947512 ], [ 18.606562, 53.1948339 ], [ 18.6069577, 53.1946771 ], [ 18.6071871, 53.1945397 ], [ 18.6073668, 53.1943917 ], [ 18.607554, 53.1942162 ], [ 18.607748, 53.1940291 ], [ 18.6078661, 53.1939028 ], [ 18.6079825, 53.193789 ], [ 18.6059131, 53.192549 ], [ 18.6057362, 53.1924598 ], [ 18.6056915, 53.1923997 ], [ 18.6052579, 53.1922898 ], [ 18.6048124, 53.1921601 ], [ 18.6046698, 53.1921298 ], [ 18.6044789, 53.1921076 ], [ 18.6041667, 53.1921124 ], [ 18.6034179, 53.1921854 ], [ 18.6031205, 53.1922102 ], [ 18.60281, 53.1922289 ], [ 18.6027002, 53.1922247 ], [ 18.600232, 53.1924384 ], [ 18.6001007, 53.1924368 ], [ 18.6000219, 53.1924158 ], [ 18.5999657, 53.1924134 ], [ 18.5992991, 53.1922189 ], [ 18.5985254, 53.1919632 ], [ 18.5974197, 53.1916169 ], [ 18.5969594, 53.1917474 ], [ 18.59643, 53.1919176 ], [ 18.5958721, 53.1920486 ], [ 18.5947475, 53.1922982 ], [ 18.5942045, 53.1924498 ], [ 18.5939271, 53.1925174 ], [ 18.593145, 53.1927216 ], [ 18.5928384, 53.1928165 ], [ 18.5917404, 53.1931032 ], [ 18.591326, 53.193207 ], [ 18.5911934, 53.193249 ], [ 18.591125, 53.1932786 ], [ 18.5910838, 53.1933139 ], [ 18.5910212, 53.1933381 ], [ 18.5908309, 53.1934784 ], [ 18.5897854, 53.1940513 ], [ 18.5894761, 53.1941731 ], [ 18.5871114, 53.1950738 ], [ 18.586577, 53.1952856 ], [ 18.5864011, 53.1954045 ], [ 18.5866954, 53.1951559 ], [ 18.5868127, 53.1950144 ], [ 18.5869604, 53.1949037 ], [ 18.5869748, 53.1948645 ], [ 18.5876856, 53.1943393 ], [ 18.5855523, 53.1928706 ], [ 18.5860835, 53.1925686 ], [ 18.5865357, 53.1923189 ], [ 18.5864219, 53.1922232 ], [ 18.586457, 53.1920454 ], [ 18.5863526, 53.192001 ], [ 18.5861631, 53.1919424 ], [ 18.5861267, 53.1918957 ], [ 18.5856, 53.1918185 ], [ 18.5853729, 53.191553 ], [ 18.5853655, 53.1912096 ], [ 18.5859986, 53.1908598 ], [ 18.5863075, 53.1907983 ], [ 18.5866889, 53.1908364 ], [ 18.5872316, 53.1905941 ], [ 18.5875331, 53.1904754 ], [ 18.5883662, 53.1900838 ], [ 18.5877309, 53.1892699 ], [ 18.5873303, 53.1890497 ], [ 18.5866116, 53.1887578 ], [ 18.5861186, 53.1885911 ], [ 18.5856426, 53.1885202 ], [ 18.5838189, 53.1885956 ], [ 18.5839669, 53.1883436 ], [ 18.5840758, 53.1881275 ], [ 18.5843703, 53.1876632 ], [ 18.5843685, 53.1876074 ], [ 18.5846295, 53.1869946 ], [ 18.5844568, 53.1866988 ], [ 18.5844223, 53.1865005 ], [ 18.5846707, 53.1862958 ], [ 18.5848964, 53.1861579 ], [ 18.585618, 53.1859131 ], [ 18.5851798, 53.1854494 ], [ 18.583588, 53.1841925 ], [ 18.5824086, 53.1832333 ], [ 18.5820309, 53.1832563 ], [ 18.5810574, 53.1821469 ], [ 18.580925, 53.181965 ], [ 18.5808151, 53.181793 ], [ 18.5801589, 53.181497 ] ] ] } }
]
}
